0,1,0,0,0,0,0,0,0,-0,0.00011833061808018,0.00634440059175434,0.0109941101845099,0.707106781186548,0,0.5,0.5,0,0,0,0,-0.836614743476748,-0.836614743476748,-1.61682745580881,-0.0564020311446866
0.00698609989523686,0.999999999999953,2.86650795233625e-09,1.54497463709017e-07,2.6731884045518e-07,-2.72492514736944e-11,8.17625794853513e-07,4.4183706909453e-05,7.63905643661539e-05,-1.16699758999978e-08,0.000115748883177076,0.00630467513079175,0.0108754062764718,0.707106781186548,0,0.5,0.5,0.10340347309971,0.103411747736482,0.200084979252301,0.00673024158389055,-0.827486379132125,-0.82766664101033,-1.60291411233655,-0.0522389078059032
0.0419165993714211,0.999999999940177,9.94933194170414e-08,5.50420094876508e-06,9.45200297197421e-06,-5.65397830632308e-09,4.6434812160147e-06,0.000260987236602948,0.000446147777122281,-3.98186720990642e-07,0.000103481274059854,0.00610977539867809,0.0103008066505421,0.707106781186548,0,0.5,0.5,0.603741237720964,0.604113243931142,1.1750059792804,0.032848502371705,-0.783316878155421,-0.784335651597791,-1.53524422977365,-0.0324082999795592
0.216569096752342,0.999999963534451,2.21983296083098e-06,0.000139581539384759,0.000231177776093653,-6.41686955467973e-07,1.82541626731423e-05,0.0012485589264523,0.0020216936152219,-8.19072603900453e-06,5.58499029541079e-05,0.00522256819268055,0.0078517476584273,0.707106781186548,0,0.5,0.5,2.73221410709858,2.74067277135495,5.46888701933917,0.00399985911435137,-0.595415697491873,-0.599307336589544,-1.2398619444647,0.0451389103832824
0.56397991918251,0.999998744018168,1.07099305658076e-05,0.000858160445517664,0.00133244438341904,-7.91117163305183e-06,2.78013635749408e-05,0.00280735833598155,0.00412902792358168,-3.43067311788379e-05,6.79157421356475e-06,0.00382418044383358,0.00457346446317398,0.707106781186548,0,0.5,0.5,5.56825054595977,5.60758378475293,11.7333124574627,0.557478126749966,-0.345063461170605,-0.350524583169597,-0.818511802647788,0.122923758307586
0.923951122086168,0.999993109452092,2.06587850146177e-05,0.00209187639207658,0.00306670421005808,-2.48618347454204e-05,2.64203441338463e-05,0.00398403118538428,0.00538917864505501,-5.87166682808728e-05,-1.09197171274843e-05,0.00277018484941778,0.00261014344476549,0.707106781186548,0,0.5,0.5,7.25613380172943,7.3282180283727,16.0151814790919,1.43082964898981,-0.196093861247452,-0.200651777074373,-0.539521304855497,0.142775666533673
1.35663101469708,0.999976162428906,3.08675796761751e-05,0.00404452943458009,0.00559601669086468,-5.48870518676708e-05,2.05028921612425e-05,0.00497782967979582,0.00621015516545609,-7.83867164645836e-05,-1.46088866158932e-05,0.00188086748658787,0.00132769912919693,0.707106781186548,0,0.5,0.5,8.35156383243903,8.45183342756545,19.3028304659864,2.4994332059819,-0.0994395914283393,-0.102199943829917,-0.332577686698731,0.130938151440475
1.88978670725994,0.999935024485703,3.98352573708862e-05,0.00692793726449758,0.00905256345947726,-0.000100576276850566,1.34051578877173e-05,0.00577532941890599,0.00668960656640851,-9.14069544415623e-05,-1.14568873066652e-05,0.00116723278433498,0.000574356086001338,0.707106781186548,0,0.5,0.5,8.99030094300127,9.10781402848178,21.6991899269561,3.60107495547306,-0.0430697269289098,-0.0440749835002549,-0.187506736739132,0.100362026309967
2.55539941109388,0.999847194203706,4.65989429740792e-05,0.0109860862426432,0.0135974990562148,-0.000164065561964912,7.4174527446672e-06,0.00636040561644643,0.00692511035454738,-9.8202957044174e-05,-6.70751921658521e-06,0.000642366845714478,0.000197998212263514,0.707106781186548,0,0.5,0.5,9.30596652361119,9.4278053019573,23.3014410917434,4.56766926617487,-0.0150890275802753,-0.0149831218279307,-0.0943618498087563,0.0642897004005504
3.38495914034785,0.999676914263786,5.09244228133457e-05,0.0164372808887894,0.0193876324424041,-0.00024675954897691,3.46196295293965e-06,0.00673523223881043,0.00701327222038454,-0.000100531506026173,-3.19441112511125e-06,0.00030264012493319,4.71622750700726e-05,0.707106781186548,0,0.5,0.5,9.42819154721271,9.54498730255662,24.2458916715764,5.27271282180705,-0.00389427382467417,-0.00343363076119673,-0.041184569253695,0.0338566646678241
4.45971448926953,0.999353584989733,5.32506376738581e-05,0.0238047998632318,0.0269395775024504,-0.000354846571569908,1.16781074464977e-06,0.00694037043238344,0.00703065970861007,-0.000100365093448157,-1.32911486065048e-06,0.000109248522139232,-9.3496690988165e-07,0.707106781186548,0,0.5,0.5,9.45824163532676,9.56689581753191,24.7267115154225,5.70157406256381,-0.000280560317638721,7.31498097255594e-05,-0.0138703414687844,0.0136629309608713
5.80700013161855,0.998784766089951,5.39013206089572e-05,0.0332207439670898,0.0364056354368695,-0.000489199349332032,-4.95158764431927e-08,0.00701752985106911,0.00701752063474251,-9.90696662345802e-05,-5.6282149194957e-07,2.19266517486639e-05,-1.40020356646991e-05,0.707106781186548,0,0.5,0.5,9.44874699832318,9.55147447993882,24.8919835089314,5.8917620306694,0.000721304403072618,0.000877939644409386,-0.00231276918050511,0.00391201322798711
7.55821920988974,0.997777104405346,5.31512822836686e-05,0.0455206616049626,0.048669461333277,-0.000660936150261238,-8.04260804179605e-07,0.00701919027745948,0.00698484853290241,-9.71709339730046e-05,-1.75285197747734e-07,-1.22026416234314e-05,-2.02090515238201e-05,0.707106781186548,0,0.5,0.5,9.41569074437394,9.51568944119436,24.8762131232716,5.94483293770333,0.00114981203360969,0.00120170227120341,0.00212760423014993,0.000223910074663168
9.63732879683193,0.996194675148868,5.12163068675246e-05,0.0600762080881411,0.0631428206820261,-0.000860092575236064,-1.5031836545939e-06,0.00697718399770219,0.00693122287110837,-9.4720367964867e-05,2.91191219787442e-07,-2.55498688200387e-05,-2.48303447725218e-05,0.707106781186548,0,0.5,0.5,9.35867040592476,9.45804267790983,24.7502850787768,5.93357199494223,0.00139846694781098,0.00144969040364085,0.00385997510427552,-0.00101181775282371
11.6937979866367,0.994227770202703,4.84896302683441e-05,0.0743646057817114,0.0773372097599109,-0.0010512684916758,-2.14085875923785e-06,0.0069157536056821,0.00686491202942069,-9.1792618549757e-05,6.82655499199354e-07,-3.3352759088578e-05,-2.99575456215054e-05,0.707106781186548,0,0.5,0.5,9.28755183445072,9.38686063817327,24.5734544444666,5.89904197184257,0.00168037270946476,0.0017593102296474,0.00496972531302953,-0.00153004237391737
13.4947777536407,0.992187431094728,4.51819982666968e-05,0.0867623670070142,0.0896459213102949,-0.00121324861533075,-2.29177623123204e-06,0.00685009519261161,0.00679829766295172,-8.85202202552497e-05,3.45470985254429e-07,-3.92320510878547e-05,-3.77053716055557e-05,0.707106781186548,0,0.5,0.5,9.21665618068386,9.31537307065272,24.3880030529853,5.85597380164869,0.00221100931319909,0.00226433217596417,0.00608929333142774,-0.00161395184226449
15.2541421555556,0.989917734026869,4.13553294838168e-05,0.0987506935207486,0.101543974109829,-0.00136563092651383,-2.52768849527229e-06,0.00677624132886433,0.0067232334771265,-8.49888466975571e-05,1.25470862631152e-07,-4.45040965261032e-05,-4.38972124413964e-05,0.707106781186548,0,0.5,0.5,9.13600904977761,9.23417713496933,24.1777332839187,5.80754709917171,0.00262742783455919,0.00266383956170294,0.00703879181438082,-0.00174752441811869
17.1566091949592,0.987168346315005,3.65848329856883e-05,0.111558502650304,0.114251280875407,-0.00152309429817908,-2.99975528392628e-06,0.00668630569045204,0.00663131592457137,-8.09257055310648e-05,1.94388983164876e-07,-4.97708464684662e-05,-4.86752618899659e-05,0.707106781186548,0,0.5,0.5,9.03625705872341,9.1340153865846,23.9193751197682,5.74910267446019,0.00292710899899299,0.00296758745154922,0.0078886664799125,-0.00199397002937029
19.1316355368989,0.984005411609789,3.08026044853991e-05,0.124663703877392,0.127249007498762,-0.00167785010227255,-3.5776933241295e-06,0.00658268379306772,0.00652572435678191,-7.63872594525963e-05,3.72172216577959e-07,-5.48209692292551e-05,-5.29068784766323e-05,0.707106781186548,0,0.5,0.5,8.9209134273201,9.01827218082302,23.6202693404834,5.68108373234026,0.0031879745419877,0.00324019253330188,0.00869021335558257,-0.00226204628029299
21.0595360943217,0.980631862608927,2.42142609425035e-05,0.137249685463398,0.139727138702596,-0.00181979674459884,-4.06521461889225e-06,0.00647229402124923,0.00641414731125565,-7.15669214023682e-05,4.05610199451773e-07,-5.93647106461408e-05,-5.73615901805614e-05,0.707106781186548,0,0.5,0.5,8.79851328875601,8.89534216674327,23.3008875037757,5.60703204827646,0.00348277615785648,0.00353839646377351,0.00947680251803171,-0.00245562989640171
22.9376268132724,0.9770909864048,1.68877173033176e-05,0.149298101465429,0.151668325302677,-0.00194889998033943,-4.4689739821807e-06,0.00635674728469361,0.00629796878589111,-6.65763856600699e-05,3.26194662500914e-07,-6.3386523966494e-05,-6.16886185172196e-05,0.707106781186548,0,0.5,0.5,8.67043182207206,8.76660245488699,22.9653218339329,5.52828755697385,0.00378392267821499,0.00383537331891174,0.0102184363909141,-0.00259914039378739
24.8303334050232,0.973286276726414,8.66738205776776e-06,0.161213790508285,0.163474576649894,-0.00206939384865214,-4.90737129657201e-06,0.0062330865309098,0.00617376225121915,-6.14106225012342e-05,3.09062794099683e-07,-6.69946854350234e-05,-6.53223431346589e-05,0.707106781186548,0,0.5,0.5,8.53258477435682,8.62805997663775,22.6040495964326,5.44340484543804,0.00403984525655626,0.00409013592840931,0.0108814270825464,-0.00275144589758082
26.7627008744667,0.96917630506973,-5.65676367737106e-07,0.173131233731027,0.175279392964029,-0.00218216422910437,-5.39299154116006e-06,0.00610021951200008,0.00604043244058153,-5.6063617179691e-05,3.75551223093922e-07,-7.02138977377424e-05,-6.82888243087214e-05,0.707106781186548,0,0.5,0.5,8.38357231621319,8.47832186887716,22.2134264251688,5.35153224007851,0.0042512256872959,0.00430493852611419,0.0114705159398094,-0.00291435172639929
28.7063089247184,0.964832798625147,-1.07092756556487e-05,0.184853203819129,0.186887569464322,-0.00228500116989996,-5.85982889557456e-06,0.00596073816844878,0.00590078016669585,-5.06147365345704e-05,4.43160498325314e-07,-7.29953701431594e-05,-7.08590738661304e-05,0.707106781186548,0,0.5,0.5,8.2264370590679,8.32039510137717,21.8008966318106,5.25406447136549,0.00444194962311559,0.0044994336570349,0.0120011651120957,-0.00305978183194523
30.6371997511283,0.960330000050241,-2.16126897290645e-05,0.196225125340504,0.198146387101807,-0.00237659767397952,-6.26224064104695e-06,0.00581725177212765,0.00575749559500733,-4.51540684904088e-05,4.59138537518693e-07,-7.53172610594702e-05,-7.31553783438224e-05,0.707106781186548,0,0.5,0.5,8.06412668170472,8.15720436475776,21.3739490546792,5.15261800821672,0.00462308414035681,0.00468173434406462,0.0124789408604012,-0.00317412237597978
32.5633143930523,0.955672251098223,-3.32389594979096e-05,0.207288853248935,0.209097773050718,-0.00245748611731823,-6.61831974282912e-06,0.00567008527464742,0.00561079909303568,-3.97345636178466e-05,4.58420120457381e-07,-7.71985490071239e-05,-7.50585780112327e-05,0.707106781186548,0,0.5,0.5,7.89675538867474,7.9888757064344,20.933128044657,5.04749694954789,0.00478362909640319,0.00484235231179629,0.0128950018908179,-0.00326902048261838
34.5021918657965,0.950836428357889,-4.56126290526784e-05,0.218136339894975,0.219833167753016,-0.00252844153120044,-6.95374079009927e-06,0.00551870469994439,0.00546006758544035,-3.43816215814382e-05,4.83616866214202e-07,-7.86632761209281e-05,-7.64710131958392e-05,0.707106781186548,0,0.5,0.5,7.72346045453336,7.81456123697836,20.4763967070349,4.9383750155232,0.00491383371174356,0.00497369843783623,0.0132431782956551,-0.00335564614607526
36.456073090469,0.945834167443077,-5.86855829384971e-05,0.228768309259315,0.230353608462941,-0.00258953470069815,-7.26133999984723e-06,0.00536368435061744,0.00530588159407564,-2.9128169625345e-05,5.2937320886606e-07,-7.9725858720276e-05,-7.74376102837057e-05,0.707106781186548,0,0.5,0.5,7.54478993351352,7.63480744858216,20.0051667501447,4.82556936804902,0.00501655317625661,0.00507854120409175,0.013527043008624,-0.00343194862827567
38.4152539657482,0.940708488341436,-7.23270743907198e-05,0.23912320131986,0.240598481544892,-0.0026406037961825,-7.51834559116525e-06,0.00520654481723692,0.00514979225623815,-2.401946331463e-05,5.67190437334887e-07,-8.04023648783701e-05,-7.80548950165777e-05,0.707106781186548,0,0.5,0.5,7.36245878104503,7.45132210349963,19.5238333237624,4.71005243921778,0.00509931734607573,0.00516314418051148,0.013753712121937,-0.00349125059534983
40.3746131107071,0.935491976215877,-8.6415838356859e-05,0.249170064820997,0.250537489739793,-0.00268183525116472,-7.71609110493073e-06,0.00504843102521612,0.00499293262539979,-1.90954010341345e-05,5.87656487885439e-07,-8.07160291132008e-05,-7.83621982158173e-05,0.707106781186548,0,0.5,0.5,7.17772222205785,7.26535955548881,19.0356944101302,4.59261263258358,0.00516458935799755,0.00522945614753587,0.0139265369762512,-0.00353249147071778
42.3383174257037,0.930192199437584,-0.000100882601382149,0.258927992230319,0.260189847549335,-0.00271369244591449,-7.86292605548314e-06,0.00488969307293817,0.00483560889666526,-1.43829944310429e-05,6.04868805523587e-07,-8.06917107234018e-05,-7.83429775041976e-05,0.707106781186548,0,0.5,0.5,6.9908704327544,7.07721571288754,18.5416108224723,4.47352467683032,0.00520976604886667,0.00527543283525051,0.0140450622034018,-0.00355986331928457
44.3115927598029,0.924812598103799,-0.000115667456500823,0.268419737406249,0.269578355177677,-0.00273662157213767,-7.96603500942449e-06,0.00473054728847594,0.00467800511266124,-9.90095998246193e-06,6.30044564869077e-07,-8.03535901392367e-05,-7.79954146910604e-05,0.707106781186548,0,0.5,0.5,6.80205743471621,6.88704959179491,18.0420609719021,4.35295394539098,0.00523347549640688,0.00530022085146216,0.0141100809673572,-0.00357638461948818
46.294080208697,0.919370965753287,-0.000130674699858179,0.277640409000661,0.278698427595021,-0.00275100074975481,-8.02287484511638e-06,0.00457162091486209,0.00452073762301899,-5.66598273359924e-06,6.58741463167956e-07,-7.97282600234641e-05,-7.73590411065606e-05,0.707106781186548,0,0.5,0.5,6.61197716064512,6.69555717084584,17.5388793859323,4.23134505444133,0.0052380244358339,0.00530599484327815,0.0141257089032686,-0.00358168962415655
48.2821647642985,0.913893541936095,-0.00014578541585502,0.286572116562885,0.287532597739421,-0.00275725293042512,-8.02824961831927e-06,0.00441375383805056,0.00436463798090054,-1.69274421850109e-06,6.81252249373715e-07,-7.88453654577467e-05,-7.64846330773417e-05,0.707106781186548,0,0.5,0.5,6.42161373613557,6.50372450771106,17.0346517481091,4.10931350426245,0.00522677447473331,0.00529571914704326,0.0140971728504411,-0.00357467922866459
50.2744401115011,0.908399807282088,-0.000160895732386767,0.295209712557941,0.296075986621489,-0.00275587687126156,-7.9827900881296e-06,0.00425755094939956,0.00421029194769149,2.00838178536624e-06,6.95715874815328e-07,-7.77338008830776e-05,-7.54020896969676e-05,0.707106781186548,0,0.5,0.5,6.23167637031803,6.31226472483381,16.5312744011152,3.98733330596337,0.00520129518886031,0.00527085297753314,0.014028183093132,-0.00355603492673857
52.2727390475045,0.902899416296338,-0.000175926530518646,0.303563169913384,0.304338651790609,-0.00274738573125588,-7.89230875727193e-06,0.00410330983964262,0.00405797237813991,5.43185945151605e-06,7.07611880491524e-07,-7.6419360107725e-05,-7.41236021694748e-05,0.707106781186548,0,0.5,0.5,6.04250432886432,6.12152229209488,16.0296939997071,3.86566737874793,0.00516162921160857,0.00523164026596282,0.0139210252172878,-0.00352775573971642
54.2789151005024,0.8974011072371,-0.000190803041543237,0.311642278556348,0.312330444465528,-0.00273227857023667,-7.76181786965092e-06,0.0039512856060277,0.00390791453529746,8.57633122040522e-06,7.20654176745072e-07,-7.49266736795836e-05,-7.26660276287876e-05,0.707106781186548,0,0.5,0.5,5.85440297823932,5.93180752760179,15.5307575755711,3.74454706973002,0.00510828954784564,0.00517875429001366,0.0137783897197925,-0.00349134588193322
56.2925065585853,0.891919132646278,-0.000205439872371368,0.31944770083463,0.32005215988248,-0.00271106809010371,-7.59310081921731e-06,0.00380186711639839,0.00376049401064602,1.14438417050194e-05,7.32838909691266e-07,-7.3281525774957e-05,-7.10592689593219e-05,0.707106781186548,0,0.5,0.5,5.66787087852806,5.74362353130145,15.0358006060482,3.62430619621871,0.00504302938554105,0.00511388777951255,0.0136041739388068,-0.00344725677375317
58.3118172447537,0.886470134718808,-0.000219749359849933,0.326976584552793,0.327501091778377,-0.00268429180314197,-7.38726693688295e-06,0.00365548273767177,0.00361612728104881,1.40391766055995e-05,7.40486940994508e-07,-7.15098916658291e-05,-6.93356330744654e-05,0.707106781186548,0,0.5,0.5,5.48347853935898,5.5575455797743,14.5463437308464,3.50531961171308,0.00496791114053253,0.00503896020737395,0.0134025956371029,-0.00339572428919647
60.3361758805875,0.881066917036045,-0.000233657011803296,0.33423128729607,0.334679667296076,-0.00265247924942804,-7.14759587755053e-06,0.00351243213522094,0.00347510005615573,1.6369035291944e-05,7.43106628891071e-07,-6.96352388540358e-05,-6.75181843231256e-05,0.707106781186548,0,0.5,0.5,5.3016463071854,5.37399922022849,14.0635220189258,3.38787649151188,0.0048842632310517,0.00495526760950423,0.0131770812881614,-0.00333755044760549
62.366363474834,0.875717435253277,-0.000247103901032504,0.34121996396966,0.341596031478162,-0.00261612453218249,-6.87919041556006e-06,0.00337286835799709,0.00333755091131366,1.84416063385617e-05,7.43152827023588e-07,-6.76777322914192e-05,-6.56216673094938e-05,0.707106781186548,0,0.5,0.5,5.12261585193986,5.19323141166293,13.5880065523143,3.27215928871148,0.00479274956507667,0.00486355995284819,0.0129302593051639,-0.003273949787239
64.4031646885549,0.870428813132263,-0.000260037466241383,0.347950786995731,0.348258328656658,-0.0025756996156523,-6.58671987283305e-06,0.00323691056707383,0.00320358703752723,2.02668716626603e-05,7.42408640494282e-07,-6.56558502717865e-05,-6.36610849392891e-05,0.707106781186548,0,0.5,0.5,4.94659650673377,5.01545657225911,13.1203783445304,3.15832526553754,0.00469413738190076,0.0047646767407436,0.0126647474735938,-0.00320593335094943
66.4462234225875,0.865210296878613,-0.000272405432406947,0.354428345347062,0.354671137795349,-0.00253167956969836,-6.27337890166482e-06,0.00310472055278464,0.00307336131630265,2.18567944517222e-05,7.40187376373315e-07,-6.35877846245119e-05,-6.16556766441304e-05,0.707106781186548,0,0.5,0.5,4.77386729990694,4.84095869217015,12.6613930409081,3.04656704883099,0.00458966259917273,0.00465983589447413,0.0123835771534194,-0.00313407865977252
68.4945033392097,0.8600718955208,-0.000284159446569562,0.360655709161801,0.360837516394383,-0.0024845379038885,-5.9418129903573e-06,0.00297646553994108,0.00294703349194709,2.32246533900621e-05,7.34910040479416e-07,-6.14908576475066e-05,-5.96250400724542e-05,0.707106781186548,0,0.5,0.5,4.60472681439289,4.67004129951448,12.211854189362,2.93708607545464,0.00448068248378516,0.00455033688824804,0.0120898347948869,-0.00305881542285371
70.547463627263,0.855021369137143,-0.000295261403987574,0.366638129387385,0.366762666064675,-0.00243471748364465,-5.59534536719117e-06,0.00285224382738192,0.00282469449228987,2.43839235825062e-05,7.26358372818923e-07,-5.93800515033829e-05,-5.75839543321226e-05,0.707106781186548,0,0.5,0.5,4.43938969860272,4.50292386110312,11.7723464475549,2.83003288784908,0.00436819631894733,0.00443716662952386,0.0117861106614713,-0.00298074771300008
72.6054023091042,0.850063552870477,-0.000305684098374476,0.372383578224168,0.372454471455802,-0.0023826159306445,-5.23796680846418e-06,0.00273207333110295,0.0027063552627505,2.53477956144788e-05,7.15819229814986e-07,-5.72676627568007e-05,-5.55422270328783e-05,0.707106781186548,0,0.5,0.5,4.27796700430048,4.33972194946483,11.3431833554028,2.72549440163748,0.00425281684403974,0.00432098319941726,0.0114744357510006,-0.00290063570754356
74.66871588132,0.845202341504402,-0.000315406791896105,0.377900250524991,0.377921027580078,-0.00232860122333508,-4.87336852855215e-06,0.00261594452822582,0.00259200072299686,2.61296160241923e-05,7.04441932740051e-07,-5.51643512769992e-05,-5.35085579973081e-05,0.707106781186548,0,0.5,0.5,4.12053665719607,4.18051770490351,10.9245884852053,2.6235341231057,0.00413511697111561,0.00420240498064195,0.0111566710325754,-0.00281914908081787
76.7371539657472,0.840442463340473,-0.000324412023110128,0.383194607097263,0.383168701308719,-0.00227303248078081,-4.50433682699447e-06,0.0025038640553214,0.00248163367724895,2.67433391616498e-05,6.92129973681374e-07,-5.30801276120697e-05,-5.14930693938036e-05,0.707106781186548,0,0.5,0.5,3.96720363316033,4.02542013201914,10.516851623272,2.52422785809253,0.00401586291218823,0.00408219992410761,0.0108347960449662,-0.00273673320867037
78.8099641345706,0.835789026952748,-0.000332686704554806,0.388272045218712,0.388202795773826,-0.00221625780460938,-4.1330845163604e-06,0.00239584322000479,0.00237526272853331,2.72031732322632e-05,6.78116479783675e-07,-5.102419266238e-05,-4.95060163330368e-05,0.707106781186548,0,0.5,0.5,3.81808364702151,3.87454880903365,10.1202876859982,2.42765522994305,0.00389589350373288,0.00396118179532366,0.0105107844711948,-0.00265370917213824
80.8866204471699,0.831245846612632,-0.000340224615921241,0.39313878242337,0.393029419371032,-0.00215859405851981,-3.76191446923766e-06,0.00229185969326556,0.00227286328312352,2.75227044023761e-05,6.62204188136997e-07,-4.9004132137226e-05,-4.75551026955903e-05,0.707106781186548,0,0.5,0.5,3.67324730980169,3.72797791353521,9.73509264133276,2.33386741799587,0.00377586128727979,0.00383999624513134,0.0101862965824536,-0.00257043905004244
82.9671817347552,0.826814797085853,-0.000347026501557046,0.397802466380181,0.397656093420347,-0.0021003160901771,-3.39337761054177e-06,0.00219184553705983,0.00217436548330014,2.77144562055057e-05,6.45103762076169e-07,-4.70256587163296e-05,-4.56448856249956e-05,0.707106781186548,0,0.5,0.5,3.53270041573116,3.58571640173097,9.36129217999177,2.24287536252963,0.00365616412079303,0.00371906759675704,0.00986258850086251,-0.00248735678331244
85.0518998839411,0.822496830552422,-0.000353097811872368,0.402271024876107,0.402090613665977,-0.00204166828575446,-3.02983884884356e-06,0.00209571306388191,0.00207968043462863,2.77902673522205e-05,6.27643266245691e-07,-4.50932402485445e-05,-4.37786487800976e-05,0.707106781186548,0,0.5,0.5,3.39641929706464,3.44774341491692,8.99883297097498,2.15467025899343,0.0035371138631607,0.00359874073942191,0.00954071564874149,-0.00240486104615889
87.1406393559368,0.818293231793741,-0.000358446867003721,0.406551393015561,0.406339787805116,-0.00198288250395037,-2.67306587300553e-06,0.00200338382440334,0.00198872941801181,2.77618477081552e-05,6.09972142359013e-07,-4.32108446450797e-05,-4.19602177355813e-05,0.707106781186548,0,0.5,0.5,3.26439250580795,3.31405009680574,8.64769087369742,2.06924827108373,0.0034191068217091,0.00347942182189234,0.00922175259654879,-0.00232322395294736
89.232826847261,0.814205645948619,-0.000363084947219889,0.410649578685269,0.410409500134103,-0.00192418058614424,-2.32430961700006e-06,0.00191478881414933,0.00190144388247556,2.76407378174308e-05,5.9167533104415e-07,-4.13820201332816e-05,-4.01937630439074e-05,0.707106781186548,0,0.5,0.5,3.13662122764885,3.18464004381073,8.30787256558812,1.98661129412853,0.00330260380200113,0.00336156034400801,0.00890678191362682,-0.00224261776761769
91.3279404804171,0.810235080133511,-0.000367027109712502,0.4145717228432,0.41430576490192,-0.0018657610326648,-1.98470758573676e-06,0.00182984681823296,0.00181774338470514,2.74377104126754e-05,5.72513788516198e-07,-3.96094325027631e-05,-3.84822867670854e-05,0.707106781186548,0,0.5,0.5,3.01308667487754,3.05949659783142,7.97933142142685,1.9067481487179,0.00318797896385029,0.0032455240622641,0.00859671230538919,-0.0021632092792748
93.4259027809288,0.806381250529089,-0.000370292010617754,0.418324732669634,0.418035357016424,-0.00180778893442015,-1.65550849012266e-06,0.00174845167958814,0.00173752266397598,2.71623467418511e-05,5.52839330048193e-07,-3.78945963728637e-05,-3.68268547650862e-05,0.707106781186548,0,0.5,0.5,2.89372970064127,2.93856236936869,7.66191473356087,1.82962266355092,0.00307543671003779,0.00313153188547353,0.00829217451731631,-0.002085205921805
95.5269132287056,0.802643045067736,-0.000372900731784195,0.421915801244788,0.421605336552332,-0.00175040250326787,-1.33789902186901e-06,0.00167048366940772,0.00166066313651177,2.68232737775565e-05,5.33249028266021e-07,-3.62381963656837e-05,-3.52274385729008e-05,0.707106781186548,0,0.5,0.5,2.77846667977291,2.82175516309069,7.35540482747721,1.75518298461361,0.00296508727260371,0.00301971821466972,0.00799361781048687,-0.00200881232321344
97.6309635248665,0.799019460769789,-0.000374875864225389,0.425351521618091,0.425022168641141,-0.0016937282442586,-1.03270530569665e-06,0.00159582972245863,0.00158705331241239,2.64287206465136e-05,5.13988924424386e-07,-3.46406396731267e-05,-3.36842377896552e-05,0.707106781186548,0,0.5,0.5,2.66721991265472,2.70899851470792,7.05959799585766,1.68337956849503,0.00285707476375881,0.00291023951043226,0.00770147908178628,-0.00193416480759521
99.7376403919848,0.795509901595911,-0.000376241446305405,0.428637662659782,0.428291500096369,-0.00163788717962551,-7.40345601274971e-07,0.00152438922578445,0.00151659455223893,2.59867071015335e-05,4.94831477726582e-07,-3.31022532391043e-05,-3.21979789036411e-05,0.707106781186548,0,0.5,0.5,2.55992682476571,2.6002309589668,6.77432863509364,1.61417085136113,0.00275160666843001,0.00280329850103643,0.00741622980783225,-0.0018613246383658
101.846437938513,0.792113604331419,-0.000377023096411685,0.431779759537345,0.431418746626229,-0.00158298686291791,-4.6107052112279e-07,0.0014560619225604,0.00144918873798502,2.55046811487039e-05,4.75504473726274e-07,-3.16230238876433e-05,-3.07690753612388e-05,0.707106781186548,0,0.5,0.5,2.45652143331081,2.49538743231354,6.49942144981724,1.54751258419288,0.00264886805652981,0.00269907304526704,0.00713827229979745,-0.0017903311980006
103.957177963412,0.788829004162213,-0.000377247607390139,0.434783715278555,0.434409692347295,-0.00152911140655672,-1.95198592734306e-07,0.00139073545148763,0.00138472561381231,2.49891007688087e-05,4.56111765434304e-07,-3.0202317404629e-05,-2.93968383173572e-05,0.707106781186548,0,0.5,0.5,2.35691447022943,2.39437930655274,6.2346400445465,1.48334626776433,0.00254893737897365,0.00259764727204536,0.00686783373900868,-0.00172124908798968
106.070026478144,0.785653829488323,-0.000376942249067216,0.437655706753492,0.437270397432729,-0.00147632309703337,5.69097877739944e-08,0.00132828799098268,0.00132308544124882,2.44454967710185e-05,4.37057140709089e-07,-2.8838977533595e-05,-2.80797061636792e-05,0.707106781186548,0,0.5,0.5,2.26099685170328,2.29709787019254,5.97969595313128,1.42160123123546,0.00245180511692026,0.00249902811225985,0.00660499175728975,-0.00165415852810965
108.185101329884,0.782585777209631,-0.00037613449654077,0.440401581880168,0.440006598256759,-0.00142467421644336,2.95064012042611e-07,0.00126860194512705,0.00126415283026007,2.38789449591792e-05,4.18618210220424e-07,-2.75317086234122e-05,-2.68161596751137e-05,0.707106781186548,0,0.5,0.5,2.16866110266347,2.20343587027948,5.73430425458977,1.36220728164682,0.0023574651435964,0.00240322191677092,0.00634979701434907,-0.00158910995398175
110.302157281345,0.779622954430013,-0.000374852232786195,0.443026499992762,0.4426233485886,-0.00137421557972366,5.1936501691593e-07,0.00121157224643246,0.0012078251064984,2.32943946909262e-05,4.00697503635934e-07,-2.62793213894608e-05,-2.56052383872988e-05,0.707106781186548,0,0.5,0.5,2.07981496193745,2.11330120206641,5.49821896874792,1.30510280474406,0.00226596867840925,0.00231027885091115,0.00610234862849714,-0.00152610109917674
112.420726714084,0.776763621804643,-0.000373123743242051,0.445535200950953,0.445125287231808,-0.00132499314260129,7.30085745933033e-07,0.00115710087630518,0.00115400672128735,2.26965110235269e-05,3.83027214101277e-07,-2.50806186048133e-05,-2.44461601310186e-05,0.707106781186548,0,0.5,0.5,1.99437305221771,2.02660855985335,5.27121161763357,1.25023000556251,0.0021773847672723,0.00222026052723281,0.00586274763026209,-0.00146510233575698
114.540538127971,0.774005627324809,-0.000370977116690395,0.447932524363904,0.447517155942082,-0.00127703870845851,9.2745996883067e-07,0.00110508590211809,0.00110259811584533,2.20892844164726e-05,3.6554267902288e-07,-2.39341336569902e-05,-2.33376172668586e-05,0.707106781186548,0,0.5,0.5,1.91223922893212,1.9432616965164,5.05302556514572,1.19752463969719,0.00209172522061082,0.00213317802036722,0.0056310007955069,-0.00140609755452886
116.66170110089,0.771346247326699,-0.000368439596936318,0.45022355073759,0.449803941010437,-0.00123036734004975,1.11161643843094e-06,0.00105541873544797,0.00105349292514282,2.14759258107466e-05,3.48479963035719e-07,-2.28380788768793e-05,-2.22776316261209e-05,0.707106781186548,0,0.5,0.5,1.83330184534904,1.86314866407218,4.84336379779105,1.14691328836982,0.0020089265622747,0.00204897759785344,0.00540699819695487,-0.00134909403682673
118.784436024162,0.768782612050526,-0.000365537627883199,0.45241323902073,0.451990512013013,-0.00118498521772819,1.28271357211504e-06,0.0010079923063832,0.00100658625231168,2.08591961574505e-05,3.32106615467881e-07,-2.17905772407527e-05,-2.12641106601296e-05,0.707106781186548,0,0.5,0.5,1.75744701088006,1.78615515159824,4.64192332482137,1.09832116234307,0.00192890730456215,0.00196758869823128,0.00519059047243156,-0.00129409446963812
120.908677849203,0.766312194428403,-0.000362297447491607,0.454506029323971,0.454081224803497,-0.00114089901663057,1.4410907241744e-06,0.000962709915780884,0.000961783632731089,2.02417932239297e-05,3.16431960506183e-07,-2.07899106746563e-05,-2.02954204424051e-05,0.707106781186548,0,0.5,0.5,1.68457347953352,1.71217947443555,4.44843382177434,1.05168086780527,0.00185162931439432,0.00188897504472323,0.00498167296633584,-0.00124106860721829
123.034033627962,0.763932804777839,-0.000358745299399971,0.456505877093845,0.456079954903582,-0.00109811654604047,1.58724957390261e-06,0.000919484651431515,0.000919000431011064,1.96263719539e-05,3.01234201701916e-07,-1.98345196336828e-05,-1.93703378439992e-05,0.707106781186548,0,0.5,0.5,1.61459219633804,1.64113213393847,4.26265652239097,1.00693219211447,0.00177709375038202,0.00181313132647212,0.00478018335655902,-0.00118995827970487
125.160146230165,0.7616421497757,-0.000354906768937256,0.458416645804203,0.457990489612896,-0.00105663924044368,1.72168904863357e-06,0.000878231016271484,0.000878153337392505,1.90152277781723e-05,2.86348979899817e-07,-1.89227963630389e-05,-1.84875126031552e-05,0.707106781186548,0,0.5,0.5,1.54741264299351,1.5729220896113,4.08434889549146,0.964014162886644,0.00170528310946981,0.00174003527246941,0.00458602654052441,-0.00114070815858518
127.287025456777,0.75943751741084,-0.000350805925040523,0.460242377244902,0.459816798597034,-0.00101645661863367,1.84478621716817e-06,0.000838859232239139,0.00083915457662843,1.84100665110026e-05,2.71866403680156e-07,-1.80529464706338e-05,-1.76451176528668e-05,0.707106781186548,0,0.5,0.5,1.48293326216778,1.50744712691412,3.91323987900937,0.922859489927466,0.00163612206351034,0.0016696154802119,0.00439902339703293,-0.00109328585331068
129.430598804052,0.757300656591443,-0.000346428478380522,0.461999682571166,0.461575442173456,-0.000977263275449473,1.95136385177503e-06,0.000801007919500397,0.000801640117334009,1.77999151875818e-05,2.67552365950404e-07,-1.72159517652712e-05,-1.68235085601012e-05,0.707106781186548,0,0.5,0.5,1.42058439697858,1.44413379747833,3.74784690628168,0.883128711824763,0.0015675568773636,0.00160015662865375,0.00421634311255157,-0.00104862960653422
131.59143030758,0.755230200654134,-0.000341790752996601,0.463690942558514,0.463268752440952,-0.000939061197070282,2.04151820921435e-06,0.000764623612280665,0.000765557851058029,1.71859898077383e-05,2.73634019928858e-07,-1.64107249202201e-05,-1.60216907601479e-05,0.707106781186548,0,0.5,0.5,1.36031025093303,1.38292620496019,3.58802124311612,0.844784787222898,0.00149954094087593,0.00153162446623446,0.0040379008520314,-0.00100673544492101
133.750519186158,0.75324244913611,-0.000336958586513565,0.465304158640709,0.464884651531978,-0.000902185065836369,2.12250218364907e-06,0.000729962345020453,0.000731171243986366,1.65845736513091e-05,2.78274163750735e-07,-1.56444277482014e-05,-1.52598985687425e-05,0.707106781186548,0,0.5,0.5,1.30258921006083,1.32430570175729,3.43499308523316,0.808098173415041,0.00143441840565645,0.00146595577528305,0.00386673375220855,-0.000966359571269056
135.891920609766,0.751348267443333,-0.000331996104856725,0.466831964453837,0.466415681289406,-0.000866871972417726,2.20146470795583e-06,0.000697179021463565,0.000698642962394139,1.60098141756954e-05,2.70502744271019e-07,-1.49218336593787e-05,-1.45546132535576e-05,0.707106781186548,0,0.5,0.5,1.24773676976142,1.26858860385325,3.28956265350922,0.773237279894538,0.00137420150569066,0.00140477815141108,0.00370525976782561,-0.00092628011072387
138.022073317745,0.749537767022878,-0.000326909618998519,0.468283706617721,0.46787113509259,-0.000832962723175586,2.27613827897221e-06,0.000666068212374113,0.000667766931638569,1.54564952578728e-05,2.5517096396679e-07,-1.42378327929938e-05,-1.38952577732345e-05,0.707106781186548,0,0.5,0.5,1.195439715413,1.21545948542217,3.15091209529003,0.740012894454854,0.00131783255523276,0.00134719707674029,0.00355198336085275,-0.000886953728879695
140.162200132639,0.747790260327756,-0.000321661301862348,0.469677053567083,0.469268674050908,-0.000800084214077274,2.33844527549909e-06,0.000636246514990161,0.000638153712303697,1.49080328510379e-05,2.46396390191917e-07,-1.35822739527939e-05,-1.32566063960424e-05,0.707106781186548,0,0.5,0.5,1.14506123193345,1.16427813946302,3.01739501763329,0.708055646236816,0.00126252182560773,0.00129091208469437,0.0034032611846099,-0.000849827274307806
142.323057628283,0.746095935764621,-0.000316237247970322,0.471020654406737,0.470616933133273,-0.000768065265306265,2.38480020144555e-06,0.000607525526967111,0.000609612692468803,1.4357204578153e-05,2.5054878505952e-07,-1.29502392663052e-05,-1.26272282174743e-05,0.707106781186548,0,0.5,0.5,1.09629640615032,1.11473803215775,2.88822146387518,0.677187025567108,0.00120701110292261,0.0012348884672947,0.00325743157880328,-0.00081553200858597
144.491358388306,0.744464041014101,-0.000310689224817664,0.472307962404173,0.471909296113966,-0.000737100552723777,2.42038417182737e-06,0.000580042936614009,0.000582287132009148,1.3814555284644e-05,2.5967357639065e-07,-1.23456943517502e-05,-1.20197259785097e-05,0.707106781186548,0,0.5,0.5,1.04941458576033,1.06710978384181,2.76407901325737,0.647554643655227,0.00115280638372636,0.00118036028951684,0.00311636720467921,-0.000783200531436008
146.628806424497,0.742919871727015,-0.000305143821123944,0.473519981974608,0.473126619152982,-0.000707702029585153,2.461807218504e-06,0.000554202212208001,0.000556596944771442,1.33107089791418e-05,2.48022394428162e-07,-1.17805386690492e-05,-1.14730017738081e-05,0.707106781186548,0,0.5,0.5,1.00517344159288,1.02215252451251,2.6468934151277,0.619567449022311,0.00110457484768301,0.00113110518565266,0.00298564767252999,-0.000749967639194322
148.731767555334,0.741460842850327,-0.000299628845271471,0.474659768958139,0.47427189720122,-0.00067983982059897,2.50968962079351e-06,0.000529933377766337,0.000532473682704859,1.284597802087e-05,2.15698838220885e-07,-1.12531372902611e-05,-1.09849637588697e-05,0.707106781186548,0,0.5,0.5,0.963484226830095,0.979776599167874,2.5364271217366,0.593166295738628,0.00106219853265148,0.00108700675177836,0.00286501399622704,-0.000715808711797204
150.838460023582,0.74005693072823,-0.000294047549835641,0.475751561495078,0.475369440069664,-0.000652941162465135,2.54784934225868e-06,0.00050671444685674,0.000509381066795612,1.23895372907192e-05,1.89113770223023e-07,-1.07488117778416e-05,-1.05133190700171e-05,0.707106781186548,0,0.5,0.5,0.923431471916864,0.939063579192125,2.43033459690241,0.567839545793414,0.00102076265783959,0.00104406151481837,0.00274840043463655,-0.00068357626197859
153.000473546019,0.738673982191277,-0.000288263642179275,0.476822334561727,0.476446351860164,-0.000626346816123866,2.56125403770146e-06,0.000483967979532798,0.000486728657814495,1.19104920895905e-05,1.92335746832604e-07,-1.02520153658245e-05,-1.00178581378246e-05,0.707106781186548,0,0.5,0.5,0.883992695522327,0.898985033092582,2.32598159620683,0.543003867591919,0.000975594859248854,0.00099842252994668,0.00262972855220089,-0.000655711163005356
155.207824887137,0.737320188322013,-0.000282315464356312,0.477866021471865,0.477496519058957,-0.000600221860117382,2.55227871398029e-06,0.000461822074317116,0.000464647027458831,1.14151250128261e-05,2.2158742307212e-07,-9.76599162606844e-06,-9.50614948027508e-06,0.707106781186548,0,0.5,0.5,0.845404300212376,0.859779729750848,2.22398172605207,0.51879769608884,0.00092754427412086,0.000950811231574085,0.00251022428874355,-0.000631868783048608
157.394291965946,0.736034912500377,-0.000276407847511217,0.478852778599798,0.478489861550398,-0.000575353407903212,2.54389885391641e-06,0.000440910154186915,0.000443791735237854,1.0946781547085e-05,2.4159878708456e-07,-9.30872762838718e-06,-9.03264156532064e-06,0.707106781186548,0,0.5,0.5,0.80884021052652,0.822625827482186,2.1273323761074,0.495866338098694,0.00088312242968717,0.000906532581639175,0.00239789383062031,-0.00060823881929397
159.517565595918,0.734837813739427,-0.000270680391879181,0.479768261603813,0.479411857788729,-0.000552151728186252,2.55736318440522e-06,0.000421534453381699,0.00042448639058388,1.05393588748127e-05,2.20650113050073e-07,-8.89049906241969e-06,-8.63983321039528e-06,0.707106781186548,0,0.5,0.5,0.774902615557386,0.788122071965075,2.03752759817159,0.474502910649126,0.000847642457521707,0.000869807509844812,0.00229854713641289,-0.000581097169046374
161.611174022593,0.733704787647975,-0.00026504154106996,0.480631573545757,0.480281693224249,-0.000530147490725679,2.57634478377126e-06,0.00040328462377188,0.000406305537741957,1.01636233396133e-05,1.84772108666083e-07,-8.49915789828389e-06,-8.28861943060068e-06,0.707106781186548,0,0.5,0.5,0.742853257733783,0.755529590923666,1.95269094238259,0.454308093725134,0.000816453106288723,0.000836876645834092,0.00220668551655035,-0.000553355764427539
163.744945315633,0.732596547137144,-0.000259294982859981,0.481473016948479,0.481129884583547,-0.000508562869923329,2.57528968621289e-06,0.000385514741098183,0.000388579322930343,9.77343790444097e-06,1.73389331417036e-07,-8.11590197108489e-06,-7.92013248165961e-06,0.707106781186548,0,0.5,0.5,0.711506211730087,0.723660058177256,1.86980443603168,0.434638166124329,0.000782463177962882,0.000801997043228511,0.00211379953113082,-0.000529339309939423
165.944387149076,0.731501445806276,-0.000253377356580153,0.482301591764467,0.481965502048336,-0.00048716861936184,2.54744923467175e-06,0.000368033134132366,0.000371110022825956,9.35633784431307e-06,1.96729774794524e-07,-7.73533843566041e-06,-7.51893973321575e-06,0.707106781186548,0,0.5,0.5,0.680512268924419,0.692162956057163,1.78797545199587,0.415300227014286,0.000743804655070602,0.00076364748053885,0.00201757787188265,-0.000510125736273199
168.156099591841,0.730446692167521,-0.000247451615856518,0.483096931189841,0.482767981274838,-0.000466512271188191,2.50836976966253e-06,0.000351270075973152,0.000354343032178609,8.94162955989386e-06,2.31571342787629e-07,-7.36952801985457e-06,-7.12085274159524e-06,0.707106781186548,0,0.5,0.5,0.650676963780773,0.66184731417673,1.70926205756111,0.396737779603608,0.000704789392702689,0.000725350259685561,0.00192338069025922,-0.000493241037870973
170.308957783465,0.729462978253045,-0.000241734861626052,0.483836322978995,0.483514340520134,-0.000447227044624929,2.49020512115681e-06,0.000335705259727538,0.000338789900728285,8.58060877574491e-06,2.30008129568751e-07,-7.03449245303014e-06,-6.79014548891364e-06,0.707106781186548,0,0.5,0.5,0.622941974937567,0.633650165095265,1.63600622824011,0.379414088207279,0.000673450127568333,0.000693503181901354,0.00184005066554678,-0.000473097356077095
172.402246529211,0.728545529476491,-0.000236232842987117,0.484523842518334,0.484208634480151,-0.000429227835097051,2.49395171174766e-06,0.000321249737809405,0.00032436317939132,8.27264599907022e-06,1.91330323529683e-07,-6.72829794378484e-06,-6.5252634569888e-06,0.707106781186548,0,0.5,0.5,0.597166785393069,0.60742860001395,1.56783206829277,0.363236682885745,0.000649715363356429,0.000668010523755441,0.00176724332739081,-0.00044951744027894
174.506217095492,0.727660662183597,-0.00023074422183135,0.485185050921366,0.484876658367945,-0.000411832842006477,2.48773910050141e-06,0.000307359990716244,0.000310488569020195,7.96563956518015e-06,1.63860552092583e-07,-6.4333822301787e-06,-6.26004491553874e-06,0.707106781186548,0,0.5,0.5,0.572316048535985,0.582150814607189,1.50214842723191,0.347681564088729,0.000625392839068926,0.000642327102224052,0.00169579616854142,-0.000428076227248441
176.681457515382,0.726783545200841,-0.000225107743192302,0.48583862740128,0.485537285773855,-0.000394541757309565,2.45376853219947e-06,0.000293640693173132,0.000296753766128326,7.62861738574744e-06,1.73982854582214e-07,-6.1380666362657e-06,-5.95662066050301e-06,0.707106781186548,0,0.5,0.5,0.547644608158435,0.557070500364713,1.43706643412557,0.332351325602421,0.000595821429582961,0.000612684113574954,0.00162018005795312,-0.000411674514795205
178.906055634045,0.725924600160262,-0.000219393391059419,0.486476889719264,0.48618274600995,-0.000377565497253387,2.39726354176459e-06,0.000280253200005054,0.00028332536403216,7.27179496461617e-06,2.14159773957057e-07,-5.8467062536084e-06,-5.62713709114126e-06,0.707106781186548,0,0.5,0.5,0.523457004717957,0.53249409798203,1.37336709389658,0.31741599119659,0.000562454598485246,0.000580278634446603,0.00154227026077466,-0.000399537027842816
181.095285362987,0.725115376865149,-0.000213843674703621,0.487076608855636,0.486789504416735,-0.000361555342340468,2.35026716295561e-06,0.000267686906509366,0.000270724428228685,6.94629333704362e-06,2.37309260528367e-07,-5.57538163503247e-06,-5.33464905401531e-06,0.707106781186548,0,0.5,0.5,0.500715799630036,0.509380385897527,1.31344864964873,0.303352464121169,0.000533204949909313,0.000551426776589593,0.00147084839329722,-0.000386216666798312
183.205344598647,0.724367913258019,-0.000208583769892676,0.487629189920118,0.487348803089618,-0.000346773674409395,2.33736181273053e-06,0.000256122445039065,0.000259156130568158,6.68702706694673e-06,2.0724523772463e-07,-5.33221384631309e-06,-5.1230238621536e-06,0.707106781186548,0,0.5,0.5,0.479815210020243,0.488115006607089,1.25824110780015,0.29031089117282,0.000513740726671891,0.000530568598848946,0.0014116041020575,-0.000367294776536665
185.286909308025,0.723660536452398,-0.000203467920205102,0.48815091906303,0.487877102147818,-0.000332773683166521,2.33114963275321e-06,0.000245213717092495,0.000248247672401387,6.45176684651796e-06,1.65292554074925e-07,-5.10478978410039e-06,-4.93863725621712e-06,0.707106781186548,0,0.5,0.5,0.460074144276418,0.468023107345326,1.20606911585732,0.277971864235577,0.000497306487548223,0.000512352758670629,0.00135732872585731,-0.000347669479638454
187.425692734439,0.72296349414045,-0.000198269915052476,0.488663858227227,0.488396744964331,-0.000318943226706576,2.3005845849464e-06,0.000234494811713092,0.000237502865280994,6.19130660690603e-06,1.57190679704724e-07,-4.87766537994481e-06,-4.72084270420882e-06,0.707106781186548,0,0.5,0.5,0.440580420753435,0.448196581251176,1.15466257499258,0.265885572987965,0.000476264880894973,0.000490687287386435,0.00129958392584962,-0.000332631757568217
189.644059082166,0.72227110967447,-0.000192942108694479,0.489172219286731,0.488912003105924,-0.000305165918634487,2.23997950588636e-06,0.000223876832287763,0.000226827386670265,5.89665526907235e-06,1.91156328052481e-07,-4.64796111382041e-06,-4.45887225141514e-06,0.707106781186548,0,0.5,0.5,0.421160819012889,0.428462744666249,1.10358918643574,0.253965622756601,0.000449245564346031,0.000464475491599283,0.00123683714266749,-0.000323116086722176
191.867545739236,0.72160710197614,-0.0001876838084994,0.489658672894654,0.48940529136027,-0.00029193131639691,2.17133642084095e-06,0.000213723549504366,0.000216606830740748,5.60328381434358e-06,2.35556039333555e-07,-4.42718300242177e-06,-4.19558503006851e-06,0.707106781186548,0,0.5,0.5,0.402530781501979,0.409535765349195,1.05464006174027,0.242573514889098,0.000421632110456884,0.000438033949101802,0.00117518621155262,-0.000315520151993938
194.011521850457,0.720994095248677,-0.000182718913771945,0.490106841340346,0.489859944577764,-0.000279725655520209,2.13693369624155e-06,0.000204380173088621,0.000207228242350539,5.37185896933753e-06,2.28151675757614e-07,-4.23006255202548e-06,-4.00690063328705e-06,0.707106781186548,0,0.5,0.5,0.385424664159914,0.392136219543895,1.00956411744496,0.232003233741152,0.000403220839450969,0.000419056437625467,0.00112457269026282,-0.00030229541318638
196.086777937163,0.720425181983253,-0.000178011645814938,0.490521980092564,0.490281258587682,-0.000268409406048712,2.13061887660947e-06,0.00019573482836117,0.000198573853655518,5.19204360566121e-06,1.78431062062569e-07,-4.05303110318118e-06,-3.87968776782944e-06,0.707106781186548,0,0.5,0.5,0.369630746897792,0.376052941057042,0.967829838038412,0.222146150083575,0.000392392085486703,0.000406246272814711,0.00108316916537438,-0.00028453080707297
198.18538118081,0.71987331809958,-0.000173324314469467,0.490923934662132,0.49068937855107,-0.000257411472696712,2.10968318316827e-06,0.000187368173544271,0.000190182424398962,5.00093244550427e-06,1.49522446753793e-07,-3.87961714379345e-06,-3.73547174285028e-06,0.707106781186548,0,0.5,0.5,0.354286504398206,0.360435481559922,0.92735128760784,0.212629301649709,0.000379078064329537,0.000391665464094081,0.00104053980668438,-0.000269796278260761
200.376068368121,0.719321365782656,-0.000168500115596045,0.491325214091266,0.491097015196039,-0.00024637635554178,2.05583017792767e-06,0.000179017482600424,0.000181773289687215,4.77005858743173e-06,1.67610733472143e-07,-3.70112628210753e-06,-3.54006320898836e-06,0.707106781186548,0,0.5,0.5,0.338869504473987,0.344763557700259,0.886830230284763,0.203197168110514,0.000358926615032521,0.000371838051335096,0.000991869913490098,-0.000261105247122482
202.620418276395,0.71878039028088,-0.000163638747882972,0.491717795556728,0.491496015551355,-0.000235531700410081,1.97748736992251e-06,0.000170850453567158,0.000173522633025319,4.51347804231278e-06,2.2099776133801e-07,-3.52249957431553e-06,-3.31003027895225e-06,0.707106781186548,0,0.5,0.5,0.323707565707514,0.329365610057459,0.847094898990647,0.194021723225671,0.000334002268894714,0.000348434648089492,0.000939606219648869,-0.000257169302664664
204.809993317079,0.71827552061168,-0.000159001852836859,0.49208354401476,0.49186790596491,-0.000225415302721903,1.91829753558131e-06,0.000163248446281661,0.000165854945888487,4.29407025033966e-06,2.46109822810858e-07,-3.35936255273881e-06,-3.1231414376345e-06,0.707106781186548,0,0.5,0.5,0.309606297786914,0.315034236463861,0.810076830975874,0.185436296725097,0.000314355432749913,0.000329367460531143,0.00089405457254261,-0.000250331679261555
206.901082651409,0.717813609191738,-0.000154689845237577,0.492417645242763,0.492207741897418,-0.000216187984986763,1.90556968698831e-06,0.000156313553031654,0.000158899208969454,4.14834559688358e-06,2.02547933135675e-07,-3.21865300147522e-06,-3.02557171674187e-06,0.707106781186548,0,0.5,0.5,0.29682239306749,0.302013604431253,0.776330753246214,0.177494755747468,0.00030606807700454,0.000319360050378617,0.000860982731816472,-0.000235554604433315
208.967066234451,0.717375860773074,-0.000150516749774739,0.49273379285226,0.49252945201909,-0.000207441197324058,1.89694194116161e-06,0.000149755621542586,0.000152323759118358,4.01655522657728e-06,1.53264094085228e-07,-3.08670019769489e-06,-2.9421589205644e-06,0.707106781186548,0,0.5,0.5,0.284725749332254,0.289689410618538,0.744383332315617,0.169968172364822,0.000299381021067874,0.000310773100694107,0.000830691554095959,-0.000220537432333978
211.112695578796,0.716940012545341,-0.000146251913540091,0.493048094848393,0.492849442718803,-0.000198702044819012,1.85724044274437e-06,0.000143236039325753,0.000145755388158347,3.84747651755946e-06,1.49183112338967e-07,-2.95028673227481e-06,-2.81019276861231e-06,0.707106781186548,0,0.5,0.5,0.272611135582473,0.277365779352874,0.712529574428078,0.162552659492729,0.000286190175031149,0.000297208586634252,0.000794758036915627,-0.000211359275250226
213.354460628898,0.716504222363783,-0.000141871381156254,0.493361879602145,0.493169073404671,-0.00018993056455283,1.78248278851401e-06,0.000136726791589596,0.000139162249118582,3.63557557380218e-06,1.96033563970349e-07,-2.80814360973755e-06,-2.62300221522503e-06,0.707106781186548,0,0.5,0.5,0.26041768583375,0.264983173119246,0.680626435146198,0.155225576193199,0.000265613739227659,0.000277973503674505,0.000752297818566353,-0.000208710575664188
215.590218981694,0.716088698980592,-0.000137597661123937,0.493660634223542,0.493473539794363,-0.000181555579912615,1.70243837732956e-06,0.000130531841382263,0.000132877847286442,3.42430236577483e-06,2.51344858321186e-07,-2.67171713191789e-06,-2.43337966825756e-06,0.707106781186548,0,0.5,0.5,0.248777916990115,0.253167100317881,0.650211125705281,0.148266108397283,0.000244463911942526,0.000258457434599883,0.000710471208108553,-0.000207549861566144
217.720400514291,0.71570981205125,-0.00013364708864538,0.493932689462289,0.493750894027111,-0.000173950726568261,1.67218371412201e-06,0.00012489867741868,0.000127203669730862,3.28819519659582e-06,2.33689371802738e-07,-2.55589545533583e-06,-2.33511298234407e-06,0.707106781186548,0,0.5,0.5,0.238281952625843,0.242483692447433,0.622594163768876,0.141828518695597,0.000235072666947797,0.000248260855321149,0.000681116017344894,-0.000197782495075948
219.772727476369,0.715359819426831,-0.000129944754325529,0.494183689901067,0.494006874951897,-0.000166947159648301,1.67361006189906e-06,0.000119707582164329,0.000122002295614701,3.20173680962488e-06,1.70076423638293e-07,-2.45491327643012e-06,-2.29608603052672e-06,0.707106781186548,0,0.5,0.5,0.228668452088877,0.232678529963582,0.597166891868275,0.135819909815813,0.000233264624151189,0.000244117237925773,0.000660098702392937,-0.000182716840315975
221.866138108533,0.715017386652183,-0.000126237969661193,0.494428965684323,0.494257138280662,-0.000160073727641304,1.65250879918829e-06,0.000114634628657075,0.000116896695395388,3.08992264845219e-06,1.40208584504068e-07,-2.35246019940561e-06,-2.22280759074268e-06,0.707106781186548,0,0.5,0.5,0.219211121047932,0.223046279591461,0.572254746810357,0.129997346170961,0.000226801650184565,0.000236458443172383,0.000635385624982348,-0.000172125531625401
224.077318550272,0.714670998339933,-0.000122389529835263,0.494676762853316,0.494510110559503,-0.000153085960015958,1.59188443656028e-06,0.000109507296775598,0.000111697565831676,2.92815293728766e-06,1.68013430898138e-07,-2.24207547920384e-06,-2.085799253156e-06,0.707106781186548,0,0.5,0.5,0.209550203031544,0.213231001580698,0.546983368221921,0.124202163609676,0.000211856787805548,0.000222252903433776,0.000602945338009575,-0.000168835646770251
226.344996603133,0.714331405875467,-0.000118522728962869,0.494919394950885,0.494757941860251,-0.000146208823811853,1.50330964240777e-06,0.00010448577370772,0.000106576756986702,2.73391169710755e-06,2.37678407747842e-07,-2.12899517517955e-06,-1.90570962939945e-06,0.707106781186548,0,0.5,0.5,0.200010497456355,0.203556425276721,0.522158993914988,0.118592071181909,0.000191068515088978,0.000203610909173394,0.000565712159904083,-0.000171032735641711
228.531898031606,0.714018296289044,-0.000114904172491534,0.495142852935699,0.494986277131216,-0.000139885907082955,1.44586585534072e-06,9.98660995975176e-05,0.000101888234179457,2.58746970113367e-06,2.62599864648437e-07,-2.02972132951651e-06,-1.78266180807515e-06,0.707106781186548,0,0.5,0.5,0.191282518150904,0.194688716780654,0.499339782038113,0.113368547106552,0.000177608311580295,0.000190807117380252,0.000536452104721805,-0.000168036675761258
230.598103871878,0.71373491200645,-0.000111604297550361,0.495344896723829,0.495192786919685,-0.000134206111961215,1.44781070951788e-06,9.56973445455011e-05,9.77085271043628e-05,2.5255143417114e-06,2.00527604387945e-07,-1.95029475380223e-06,-1.76330342653795e-06,0.707106781186548,0,0.5,0.5,0.183526064612216,0.186772818503442,0.478820454986656,0.108521571870995,0.000177690471307288,0.000188643352878243,0.000520852290940687,-0.000154518466755156
232.646278221102,0.713465415145049,-0.00010840959110256,0.49553684598567,0.495389063171401,-0.000128801190956588,1.44714526775044e-06,9.17381460541391e-05,9.37358612883589e-05,2.46468098359993e-06,1.43657318794955e-07,-1.87466900395779e-06,-1.74262151948275e-06,0.707106781186548,0,0.5,0.5,0.176147456733344,0.179243411056612,0.45931208705948,0.103921219269521,0.000177455754381319,0.000186346133510107,0.000505747616107813,-0.000141945728216387
234.802758044783,0.713193427225844,-0.000105103274581887,0.495730365644992,0.495587054807366,-0.000123312476675622,1.40709180508818e-06,8.77434253684719e-05,8.96890162443215e-05,2.35410358009617e-06,1.44952217727844e-07,-1.79142195760343e-06,-1.65824484413618e-06,0.707106781186548,0,0.5,0.5,0.168603993269083,0.171570566435477,0.439546076883171,0.0993715171786085,0.000168722304267206,0.000177498509523152,0.000482977741624118,-0.000136756927833759
237.073871580344,0.712919473299684,-0.000101686232900612,0.495925075107424,0.495786379532261,-0.000117748658673177,1.32541516559147e-06,8.37208120315947e-05,8.55735418643486e-05,2.19110274528871e-06,2.07834762619749e-07,-1.70030940995966e-06,-1.50676006635447e-06,0.707106781186548,0,0.5,0.5,0.160904559710694,0.163764719312845,0.419555890659924,0.0948866116363817,0.000151017845917586,0.000161740349932675,0.000452152684175884,-0.000139394488325623
239.32197476555,0.712660386377088,-9.83922022999434e-05,0.496109033165236,0.495974788895252,-0.000112480158172448,1.2415623072778e-06,7.99210124252161e-05,8.16790285436814e-05,2.0298398780274e-06,2.75645942807915e-07,-1.61329859690748e-06,-1.35470495207153e-06,0.707106781186548,0,0.5,0.5,0.153610196366676,0.156372910888405,0.400646486222682,0.0906633789675982,0.000133075783894575,0.000145915496191401,0.000421945043535379,-0.000142953763449404
241.432498660477,0.712427665547011,-9.5422077090096e-05,0.496274136426317,0.496143924453558,-0.00010779703549108,1.22696703755909e-06,7.65191522023486e-05,7.8249937840126e-05,1.96416460814004e-06,2.41786564217019e-07,-1.54672399519119e-06,-1.32079206694709e-06,0.707106781186548,0,0.5,0.5,0.14721703459998,0.149855379862049,0.383806690366828,0.0867342759047966,0.000130677559257723,0.000142245404147376,0.000406981906783019,-0.000134058943377919
243.457218914147,0.712213559655022,-9.26652681371848e-05,0.496425913775904,0.496299454954798,-0.000103513191292335,1.24429567897941e-06,7.33965759947622e-05,7.51313568170889e-05,1.94431944569434e-06,1.62059895471674e-07,-1.49145223764743e-06,-1.34215022162858e-06,0.707106781186548,0,0.5,0.5,0.141416852421543,0.14392191326989,0.368390518857743,0.0830517531663078,0.000135498444028045,0.000144271476073019,0.000399452830678615,-0.000119682910577551
245.547073862921,0.712001548597021,-8.98707047285036e-05,0.49657607293456,0.49645341222273,-9.92433489796749e-05,1.22843841371605e-06,7.03043494501501e-05,7.20109277562899e-05,1.88333509511016e-06,1.32442059399703e-07,-1.43087171710756e-06,-1.31002820015611e-06,0.707106781186548,0,0.5,0.5,0.135591733834486,0.137983961085989,0.35305847489619,0.0794827799757122,0.000133137084706605,0.000140793281952291,0.000385675800719489,-0.000111745434060594
247.785451692666,0.711784164719855,-8.69283604074886e-05,0.496729894726019,0.496611223174625,-9.4826108927335e-05,1.16550481822856e-06,6.71321657122027e-05,6.87645966328469e-05,1.76199508025531e-06,1.72259902012117e-07,-1.3603955095041e-06,-1.20139200014964e-06,0.707106781186548,0,0.5,0.5,0.129502570178354,0.131806319953677,0.337240966445285,0.0759320763132512,0.000120569481571911,0.000129426445358528,0.00036255742858658,-0.00011256150165614
250.080215051269,0.711571271550387,-8.39765652253452e-05,0.496880400998897,0.496765725020636,-9.04711990212216e-05,1.06958104065256e-06,6.4025284435756e-05,6.5551798969426e-05,1.60027341416205e-06,2.62393716995851e-07,-1.28531586503271e-06,-1.03996858483437e-06,0.707106781186548,0,0.5,0.5,0.123454503947953,0.125691405078566,0.3216811025615,0.072535193534978,0.000100874524637612,0.00011261434755317,0.000333371023642692,-0.000119882151451909
252.260233638301,0.711377997785738,-8.12784442974085e-05,0.497016938651153,0.49690592706669,-8.65490391117172e-05,1.02108584032194e-06,6.12122294737849e-05,6.26791683259376e-05,1.50409040450611e-06,2.83648570217176e-07,-1.22456337022625e-06,-9.58918774137065e-07,0.707106781186548,0,0.5,0.5,0.118065090062856,0.120217790945986,0.307648448200938,0.0693655671920927,9.17563628759351e-05,0.000104087712395857,0.000314649149701064,-0.000118805074429272
254.295103652519,0.711205164061135,-7.88728395366492e-05,0.497138967223192,0.497031242136857,-8.30972950969705e-05,1.04542922497367e-06,5.87068825263239e-05,6.01850072277394e-05,1.50600037718711e-06,1.97593052613244e-07,-1.1829910163992e-06,-9.99783661225424e-07,0.707106781186548,0,0.5,0.5,0.113420850029655,0.115457532466929,0.295257125541132,0.0663787430445456,9.87880680206773e-05,0.000108139482070827,0.000311378681801524,-0.00010445113171002
256.324031555021,0.711039772874546,-7.65289480312362e-05,0.497255656558456,0.49715113150274,-7.97833308809096e-05,1.05590952417319e-06,5.63102652808932e-05,5.77864607414498e-05,1.49220641996521e-06,1.33868136725216e-07,-1.1410290515139e-06,-1.01880756723798e-06,0.707106781186548,0,0.5,0.5,0.108945719704388,0.110878604366541,0.28337563929278,0.0635513152218482,0.000102824325977324,0.00010994692809218,0.000305864976727705,-9.30937226582015e-05
258.496891257135,0.710869997574738,-7.40558368759955e-05,0.497375341215859,0.497274180924602,-7.6340956646261e-05,1.0178965431138e-06,5.38469711218134e-05,5.52741655738129e-05,1.41624973920407e-06,1.42205890363784e-07,-1.08912736674892e-06,-9.58902648836576e-07,0.707106781186548,0,0.5,0.5,0.104229289452423,0.106084190916933,0.271075084836932,0.0607616044675735,9.63123750087657e-05,0.000103608888489594,0.000290759117133221,-9.08378536348614e-05
260.804138646625,0.710697689676468,-7.14753914845961e-05,0.497496709183714,0.497399048180809,-7.28061555592255e-05,9.29917872352388e-07,5.13438247223274e-05,5.26737018817614e-05,1.27661030715079e-06,2.25291623768342e-07,-1.0275250544122e-06,-8.17834030156972e-07,0.707106781186548,0,0.5,0.5,0.0993183934546207,0.101123026633281,0.258485849238478,0.0580444291505734,7.89272485140648e-05,8.88889328235745e-05,0.00026587447892185,-9.80582975842108e-05
263.063705994569,0.710536569702602,-6.90233037202448e-05,0.497610115313725,0.497515780140193,-6.9497716089102e-05,8.44068483860395e-07,4.90050795390151e-05,5.02402230640811e-05,1.14233877643463e-06,3.07335918309623e-07,-9.6946802725967e-07,-6.81368112987048e-07,0.707106781186548,0,0.5,0.5,0.0947191986585807,0.0964784875845162,0.246711119110332,0.0555134328672327,6.20477822672156e-05,7.46447260737872e-05,0.000242056297510517,-0.000105363789169514
265.147663217971,0.710394417386484,-6.68830890127731e-05,0.497710131178533,0.497618722110631,-6.66482942884167e-05,8.52562318604493e-07,4.69530132964173e-05,4.81847682581889e-05,1.13296871771982e-06,2.4945644691409e-07,-9.34011777253989e-07,-7.01219442484628e-07,0.707106781186548,0,0.5,0.5,0.0908782326826042,0.0925470938377382,0.236515397395601,0.0530900708752562,6.59705125888042e-05,7.65475132450366e-05,0.000237732724067945,-9.52146982341044e-05
267.140322785982,0.710264009987616,-6.49110860394611e-05,0.497801837412762,0.497713132809795,-6.40574743067417e-05,8.88464999210858e-07,4.50752066054068e-05,4.633041415223e-05,1.1612076909515e-06,1.52378911816618e-07,-9.06832984106869e-07,-7.66733726643715e-07,0.707106781186548,0,0.5,0.5,0.087427735092053,0.0889966328732708,0.227228507312568,0.0508041393472413,7.59187537650049e-05,8.31771386939264e-05,0.000239400966147141,-8.03050736882092e-05
269.229480298166,0.710132802683697,-6.28704255590598e-05,0.497894038523611,0.497808120667549,-6.14125633593009e-05,8.78461181842089e-07,4.31821855359726e-05,4.44166683924868e-05,1.13098334017477e-06,1.24672760623303e-07,-8.71094292891769e-07,-7.57395623036789e-07,0.707106781186548,0,0.5,0.5,0.0838395737127186,0.0853349667375137,0.217784801497416,0.0486102610471807,7.58252335415106e-05,8.2077458518656e-05,0.000232121500071641,-7.42188080114741e-05
271.502946398536,0.70999616572908,-6.06800618593584e-05,0.497989980430642,0.497907039876546,-5.86127320305775e-05,8.13118545944407e-07,4.12062597711485e-05,4.23664623277386e-05,1.02961619461894e-06,1.7919764753285e-07,-8.23872294751817e-07,-6.58077691089618e-07,0.707106781186548,0,0.5,0.5,0.0799641234213048,0.0814152083450482,0.207831086227424,0.0464517544610689,6.36929634173088e-05,7.16753920309789e-05,0.000213868987182107,-7.85006317338192e-05
273.828166485477,0.709862762078347,-5.84839473861051e-05,0.498083581402213,0.498003615982529,-5.58447232749266e-05,7.07722701579216e-07,3.92740250368403e-05,4.03217631579054e-05,8.77903572583209e-07,2.95327763781569e-07,-7.70234995017127e-07,-4.93610483591302e-07,0.707106781186548,0,0.5,0.5,0.0760756580561737,0.0775077822688645,0.19802359882937,0.0444401585043293,4.27734856640193e-05,5.45389622981401e-05,0.000188002178437053,-9.06897304748938e-05
275.995784124373,0.709743973706646,-5.65394451254725e-05,0.498166896700563,0.4980895819249,-5.34287270725422e-05,6.72802158217789e-07,3.75614989928064e-05,3.85650702420097e-05,8.192980802593e-07,3.07443164681069e-07,-7.33520707875252e-07,-4.45325455897303e-07,0.707106781186548,0,0.5,0.5,0.0727649153946868,0.0741448543109594,0.1894257589866,0.0425159892809508,3.73255511428636e-05,4.94173853612647e-05,0.000176661723406491,-8.99187869023632e-05
277.992650982102,0.709639115177771,-5.48535093706851e-05,0.498240427812671,0.498165433660196,-5.13637239813539e-05,7.2373959124787e-07,3.60601054990939e-05,3.71024236093198e-05,8.73330087749732e-07,1.9194527708594e-07,-7.16353645472103e-07,-5.38250898076204e-07,0.707106781186548,0,0.5,0.5,0.0700521154319972,0.0713372249951835,0.18202175474941,0.0406324143222268,5.07277794504609e-05,5.89054145899104e-05,0.000182806703310228,-7.31735092698571e-05
280.001811021405,0.709537797654886,-5.31859199532983e-05,0.498311431899609,0.498238725621036,-4.93451466207555e-05,7.44731931562036e-07,3.46072135272584e-05,3.56598458269808e-05,8.89752872314005e-07,1.23036365821458e-07,-6.9464825177189e-07,-5.82171460600786e-07,0.707106781186548,0,0.5,0.5,0.0673597638963901,0.068569752200255,0.174806948055186,0.0388774319585386,5.75159183666137e-05,6.33337361532985e-05,0.000183280839202569,-6.2431184682657e-05
282.197760248515,0.709431653007726,-5.13787599015075e-05,0.498385763186598,0.498315520653191,-4.71819765224266e-05,7.08136906400957e-07,3.30795457193922e-05,3.40869361608132e-05,8.32144826658552e-07,1.40077278005375e-07,-6.61184482947431e-07,-5.32394747329958e-07,0.707106781186548,0,0.5,0.5,0.0643905823034029,0.0655563454764977,0.167119824776637,0.0371728969967343,5.17525085587028e-05,5.80687362752456e-05,0.000172359134973259,-6.25378901393103e-05
284.548140930576,0.709323132341051,-4.94678210120753e-05,0.498461699381787,0.498394046642049,-4.4920898473721e-05,6.10833533905176e-07,3.15120592461147e-05,3.24159330063656e-05,6.96803507069305e-07,2.48657070181557e-07,-6.1602001234244e-07,-3.83724941435821e-07,0.707106781186548,0,0.5,0.5,0.0612031837158782,0.0623589311649622,0.15912938498065,0.0355672700998069,3.27112900312233e-05,4.25701080368322e-05,0.000149531396717501,-7.42499986494457e-05
286.817010869319,0.709223174589248,-4.76849944186369e-05,0.49853160687884,0.498466371277434,-4.28391147952327e-05,5.22174014462033e-07,3.00693958970722e-05,3.08786600741877e-05,5.73970137265197e-07,3.46460865292965e-07,-5.7471687896445e-07,-2.49234456954507e-07,0.707106781186548,0,0.5,0.5,0.0582707668994924,0.0594164210387295,0.151774165428983,0.0340869774907582,1.54949077247211e-05,2.85417535247283e-05,0.000128792477177992,-8.47558159285428e-05
288.866897223601,0.709136802177908,-4.61990446955704e-05,0.498592018606923,0.498528828297836,-4.11349911270332e-05,5.59908376536425e-07,2.88365099212059e-05,2.96727238261992e-05,6.15489331269641e-07,2.54861837301972e-07,-5.60270588402587e-07,-3.21972020202296e-07,0.707106781186548,0,0.5,0.5,0.0560294371076686,0.0570983707142431,0.145676467762258,0.0325486599403439,2.60229445015361e-05,3.5964576345644e-05,0.000133408905014384,-7.14213841672037e-05
290.823748363275,0.70905764778111,-4.48337091173978e-05,0.498647363380259,0.498586057874641,-3.95894356995769e-05,6.13904581597797e-07,2.77095131074017e-05,2.85887336821002e-05,6.78952490913174e-07,1.40614532815272e-07,-5.50700336669754e-07,-4.21106267995155e-07,0.707106781186548,0,0.5,0.5,0.0540255755950919,0.0550125124292779,0.140133453101574,0.031095365077202,4.00406054821922e-05,4.6129147532679e-05,0.00014151700179991,-5.53472487850389e-05
292.916163629114,0.708976385139424,-4.3376181631409e-05,0.49870413905021,0.498644828637911,-3.79522467801625e-05,6.08253088173203e-07,2.65462880400716e-05,2.74113529446387e-05,6.65906869187264e-07,1.16576132474293e-07,-5.29658618117216e-07,-4.2286826567952e-07,0.707106781186548,0,0.5,0.5,0.0518131469661705,0.0527519053824469,0.134307844848869,0.0297427925002494,4.09815027532941e-05,4.62165721100006e-05,0.000137911286895582,-5.07132120322879e-05
295.233102583817,0.708890306664024,-4.17720647735639e-05,0.498764232217165,0.498707100444442,-3.61651968330737e-05,5.38300985010936e-07,2.53076763603779e-05,2.60967132387391e-05,5.70234097258091e-07,1.88706806014319e-07,-4.95634497553592e-07,-3.201288086379e-07,0.707106781186548,0,0.5,0.5,0.0493071861101449,0.0502325736624294,0.12799585301842,0.0284560932458432,2.79049669427966e-05,3.54812674901703e-05,0.00012160926811357,-5.82230336806029e-05
297.591107383194,0.708806736203043,-4.01616681143385e-05,0.498822530837454,0.498767572952721,-3.43873992322862e-05,4.18520193052254e-07,2.41000698898635e-05,2.47658024275098e-05,4.11072968744614e-07,3.37739521628703e-07,-4.53107741736212e-07,-1.35763038848948e-07,0.707106781186548,0,0.5,0.5,0.046742727643422,0.0476856077727262,0.121753742058533,0.0273254066423818,3.81996946511403e-06,1.62950567663943e-05,9.5680017321346e-05,-7.55649910898377e-05
299.739826859277,0.70873403960937,-3.88003335124107e-05,0.498873247456271,0.49882015052116,-3.29134462943608e-05,4.01787622282839e-07,2.30600798215372e-05,2.37016055178178e-05,3.85653872714522e-07,3.32602365590593e-07,-4.32367854923292e-07,-1.19869567897881e-07,0.707106781186548,0,0.5,0.5,0.0447356823484079,0.0456417709233409,0.116521116296176,0.0261436630244246,2.30513245459951e-06,1.45595946882853e-05,9.03675161337514e-05,-7.35027889908666e-05
301.692641512895,0.708670719604052,-3.76618247844365e-05,0.498917433259081,0.498865918406572,-3.17076795272149e-05,4.8138469578434e-07,2.21653313683095e-05,2.28751885881243e-05,4.85114154850677e-07,1.83157203121281e-07,-4.31777377510929e-07,-2.6134922887263e-07,0.707106781186548,0,0.5,0.5,0.0432281746937491,0.0440462980453831,0.112175308068652,0.0249008353295172,2.18875257423822e-05,2.91308187276301e-05,0.000104283403967322,-5.32650594973097e-05
303.68268629324,0.708608699313983,-3.6502958672871e-05,0.498960680918602,0.498910762382738,-3.04862944969136e-05,5.1046919205509e-07,2.12838816503853e-05,2.20140611733367e-05,5.19923849229907e-07,1.11425941854972e-07,-4.22219410063165e-07,-3.19926768672024e-07,0.707106781186548,0,0.5,0.5,0.0416273899929585,0.0423881569649572,0.107810546105605,0.0237949991476864,3.03044522231716e-05,3.51213245463597e-05,0.000108366325332265,-4.29405485627334e-05
305.908911664272,0.708542189584517,-3.52024090026215e-05,0.499007020151701,0.498958874236032,-2.91202952816308e-05,4.73640489224237e-07,2.03314559665365e-05,2.1018636480474e-05,4.70035727301288e-07,1.3847385350674e-07,-3.99460767626272e-07,-2.71374887944869e-07,0.707106781186548,0,0.5,0.5,0.0397377813124394,0.0404771435782433,0.102979041923536,0.0227641170328508,2.4341426995666e-05,3.00118814230329e-05,9.94486865986299e-05,-4.50953781799311e-05
308.308611326543,0.708473748032787,-3.380085945974e-05,0.499054662729035,0.499008407558717,-2.76537738334605e-05,3.62099509937192e-07,1.93436136404559e-05,1.99164268627068e-05,3.24273467767782e-07,2.78855727404472e-07,-3.62502576031246e-07,-1.0091396001e-07,0.707106781186548,0,0.5,0.5,0.0376060874572136,0.0383668202619217,0.0978440087601826,0.0218711010410446,1.98237724675551e-06,1.22706223006723e-05,7.58813925427188e-05,-6.1628392995291e-05
310.583278472753,0.708411887217387,-3.25244934453461e-05,0.499097708601114,0.499053177788074,-2.63349416155492e-05,2.69197890164962e-07,1.84521373096932e-05,1.89289947755959e-05,2.03090861466418e-07,3.9313334419135e-07,-3.30631004229891e-07,3.96061856056455e-08,0.707106781186548,0,0.5,0.5,0.0357000836168636,0.0364752611306768,0.0932217736564084,0.0210464289088653,-1.64069777075469e-05,-2.36497297783564e-06,5.61953465925868e-05,-7.49672972779694e-05
312.592062598399,0.708359668287855,-3.15326364690241e-05,0.499134077038768,0.499090926072064,-2.53470476747085e-05,3.42044128184875e-07,1.77170358837518e-05,1.82565144722173e-05,2.95910568924978e-07,2.5703378419788e-07,-3.3174296548665e-07,-9.07821996668702e-08,0.707106781186548,0,0.5,0.5,0.0344772548538374,0.0351749597548983,0.0896592701303727,0.0200070555216343,1.59291380021164e-06,1.10764800357724e-05,6.93178142580145e-05,-5.66484204220305e-05
314.510813645403,0.708311743579736,-3.06146102789576e-05,0.499167444158354,0.499125571036184,-2.44428472603518e-05,4.11744285097673e-07,1.70430115640062e-05,1.76425580139615e-05,3.85017639004372e-07,1.27461542963617e-07,-3.33332345428672e-07,-2.15415339816238e-07,0.707106781186548,0,0.5,0.5,0.0333625497179036,0.0339873639716114,0.0863969267075342,0.0190470130180166,1.8783687926572e-05,2.39293211973402e-05,8.19573409207285e-05,-3.92443317968163e-05
316.611091541445,0.708261342287424,-2.95897922121743e-05,0.499202500381227,0.4991620315677,-2.34285664211126e-05,4.0842155102928e-07,1.63258395303762e-05,1.69156697385235e-05,3.80309546866178e-07,1.08500172085267e-07,-3.20886636431106e-07,-2.20909562193163e-07,0.707106781186548,0,0.5,0.5,0.031995220817148,0.0325886039306398,0.0827955559359633,0.018211731188173,1.99548154069319e-05,2.44354848085961e-05,8.02509967855583e-05,-3.58606965700304e-05
318.979052339153,0.708206999189699,-2.8425240175059e-05,0.499240261822775,0.499201368653828,-2.22739381746677e-05,3.3100894569211e-07,1.55446339879246e-05,1.60537644425284e-05,2.80455702103404e-07,2.01009406726671e-07,-2.93877471450837e-07,-1.05959462191905e-07,0.707106781186548,0,0.5,0.5,0.0303331509292384,0.0309361815979009,0.0787485216256504,0.0174791890985085,4.93924228403026e-06,1.24544553074857e-05,6.39707020171779e-05,-4.65770044256619e-05
321.370388217314,0.708154675633403,-2.72491802708816e-05,0.499276585787425,0.499239266805491,-2.11078069782459e-05,1.9062269922566e-07,1.47854176077301e-05,1.51542257965926e-05,9.98116391901657e-08,3.90775316137989e-07,-2.55759583461173e-07,1.12430070491407e-07,0.707106781186548,0,0.5,0.5,0.0285654167188596,0.0292165370945917,0.0747057547892553,0.0169238009758013,-2.40276970456221e-05,-1.02473472567629e-05,3.54239974652694e-05,-6.96990417676543e-05
323.493713199596,0.708110370564695,-2.63238803451457e-05,0.499307369881761,0.499271321815646,-2.02249040049183e-05,1.97805485200744e-07,1.41570608237004e-05,1.45266598631236e-05,1.09490938256505e-07,3.57632782037568e-07,-2.46828312831136e-07,8.99318808500595e-08,0.707106781186548,0,0.5,0.5,0.0273902734073034,0.0280074121611261,0.0715652405250374,0.0161675549566052,-2.06218054726893e-05,-7.97403886042961e-06,3.60341874302588e-05,-6.46300317633777e-05
325.398325171379,0.708072280349797,-2.55859982629947e-05,0.499333858043564,0.499298851748055,-1.95506212631992e-05,3.06211356000032e-07,1.36285964929018e-05,1.40958488561549e-05,2.49715386450672e-07,1.71958372511021e-07,-2.58078714069487e-07,-9.75597188030238e-08,0.707106781186548,0,0.5,0.5,0.0266408143799749,0.0271681748241339,0.0690944665845684,0.015285477380457,4.95599000550877e-06,1.14108399141049e-05,5.66533411977172e-05,-4.02865112781035e-05
327.371199595038,0.708034309855075,-2.47957272047697e-05,0.499360232663636,0.499326319642114,-1.88174168453559e-05,3.40478121285819e-07,1.30936857202696e-05,1.35881466230823e-05,2.94631271782018e-07,9.99241179350676e-08,-2.55687477087466e-07,-1.63493698738225e-07,0.707106781186548,0,0.5,0.5,0.025705823315217,0.0261872586204279,0.066467080220151,0.0145739982845035,1.41610273913425e-05,1.81969690610712e-05,6.27542493379456e-05,-3.03962528855319e-05
329.633969416253,0.707992553306083,-2.38688546656124e-05,0.499389204606698,0.499356552190618,-1.79479924379165e-05,3.01845873502536e-07,1.24970860973835e-05,1.29489485681405e-05,2.45946314700147e-07,1.37582215515347e-07,-2.38993883771273e-07,-1.1098279095123e-07,0.707106781186548,0,0.5,0.5,0.0244833635924022,0.0249593285060328,0.0634078409026623,0.0139651488042246,7.44301686436906e-06,1.26994391620125e-05,5.45233298194752e-05,-3.43808737930937e-05
332.086835319998,0.707949357598939,-2.28412892870067e-05,0.49941913680421,0.499387857628981,-1.6973074173017e-05,1.70562375698593e-07,1.18699136455622e-05,1.21909628624712e-05,7.82000374695398e-08,3.16404542935168e-07,-2.04895496321548e-07,9.29070725934572e-08,0.707106781186548,0,0.5,0.5,0.0229863507131849,0.0235105383308212,0.060039866602494,0.0135429775584853,-1.96581709217335e-05,-8.49621178379778e-06,2.8131228017164e-05,-5.62856107226953e-05
334.362901062696,0.707911167969874,-2.19352579190965e-05,0.499445596116927,0.499415532699756,-1.61263017368562e-05,7.26628768074017e-08,1.13177220551988e-05,1.15402983598668e-05,-4.64636773716388e-08,4.46324095281598e-07,-1.78148563567428e-07,2.42996306134894e-07,0.707106781186548,0,0.5,0.5,0.0217094460590203,0.0222654049971043,0.057103587691028,0.0131287366349008,-3.95566198858342e-05,-2.41098380970178e-05,8.40180467451724e-06,-7.20682626573692e-05
336.325714106878,0.707879730722686,-2.13063861969828e-05,0.499467428458842,0.499438258733477,-1.55896739276715e-05,1.8561467233698e-07,1.08851622671621e-05,1.12102627960738e-05,1.00453178972295e-07,2.55944882019962e-07,-1.91926291972924e-07,4.85953687463657e-08,0.707106781186548,0,0.5,0.5,0.0211518009070747,0.0216193800885572,0.0551196678416834,0.0123484868460489,-1.30982375503658e-05,-3.99430253115696e-06,3.01668167922883e-05,-4.72593568738111e-05
338.206340713652,0.707850752644802,-2.07068738600422e-05,0.49948754065071,0.49945921583861,-1.50767520520415e-05,2.67585002761046e-07,1.04840899828793e-05,1.08826173077819e-05,2.07499039697924e-07,1.14278007226287e-07,-2.00558152575725e-07,-9.4412942551683e-08,0.707106781186548,0,0.5,0.5,0.0205814969961591,0.0209806444950235,0.0532418737554198,0.0116797322642345,6.41680702019648e-06,1.07971738388882e-05,4.59059216628514e-05,-2.86919408037667e-05
340.318730388992,0.707819448590856,-1.99945898664566e-05,0.499509233504757,0.499481884997087,-1.44471850680803e-05,2.64934985081267e-07,1.00407066232571e-05,1.04319663097413e-05,2.05799663832166e-07,1.01047743810118e-07,-1.93057806175025e-07,-9.94055278679132e-08,0.707106781186548,0,0.5,0.5,0.0197331754564147,0.0201122531610929,0.0510099864586938,0.0111645578411837,7.35562899190989e-06,1.12740390414257e-05,4.50384942171183e-05,-2.64088261837827e-05
342.742383197227,0.707785104364244,-1.91512301558616e-05,0.499533000034751,0.49950678428787,-1.36865844768677e-05,1.77546358755776e-07,9.54493934332192e-06,9.84801806901336e-06,9.52876748087104e-08,2.15978163832277e-07,-1.69253306036356e-07,3.34992600713211e-08,0.707106781186548,0,0.5,0.5,0.0185874123386896,0.0189943265651489,0.0483731240998396,0.0107913851959985,-1.0262471500273e-05,-2.55479830414098e-06,2.7542820791674e-05,-4.0360090596088e-05
345.165274785641,0.707752376687115,-1.82860114361014e-05,0.499555615017685,0.499530540071039,-1.28925100624258e-05,1.05364085265598e-08,9.06326881619999e-06,9.20283673268928e-06,-1.17712351840663e-07,4.53794341138963e-07,-1.31133241759357e-07,2.97268691744297e-07,0.707106781186548,0,0.5,0.5,0.0172824475400716,0.0177652921015985,0.0456738447694365,0.0106261051277638,-4.55321101450728e-05,-2.99563480890017e-05,-5.52510079183834e-06,-6.99633574422362e-05
347.25839247583,0.707725469536335,-1.76801040205482e-05,0.499574254598167,0.499550021118681,-1.23845214658474e-05,4.79679863042313e-08,8.68711240625975e-06,8.85794059742357e-06,-6.7507799681183e-08,3.80867326618142e-07,-1.32107729435315e-07,2.27152499161993e-07,0.707106781186548,0,0.5,0.5,0.0166550568888477,0.0170969432975673,0.0438456814324454,0.0100936812460277,-3.58561563962889e-05,-2.27209229630895e-05,1.59888279749456e-06,-6.01759621568729e-05
349.113996099051,0.707702611813007,-1.72268527679903e-05,0.499590115735674,0.499566541309063,-1.20387741434253e-05,1.83228465254952e-07,8.37934034400875e-06,8.67479923129149e-06,1.08587464609252e-07,1.59938641527072e-07,-1.52071912304946e-07,-2.32538381158202e-09,0.707106781186548,0,0.5,0.5,0.0163858661100275,0.0167317431715588,0.0425242479263708,0.00940663864478188,-4.73569743625454e-06,1.05095685345493e-06,2.79686073072993e-05,-3.16533478900989e-05
351.07268431611,0.707679347530612,-1.66966893597117e-05,0.499606224575889,0.499583387599002,-1.16034760338473e-05,2.20161702278864e-07,8.05484566717405e-06,8.38156971451265e-06,1.58131823490613e-07,8.95825286700827e-08,-1.53797904932603e-07,-7.07320550741739e-08,0.707106781186548,0,0.5,0.5,0.0158553178277592,0.0161629781173781,0.0409544936582423,0.00893619771310236,4.68123637536593e-06,8.11591360918524e-06,3.50611988174512e-05,-2.22640488329e-05
353.375338059469,0.707653112175276,-1.60401344185962e-05,0.499624360565155,0.49960241282566,-1.10438834420636e-05,1.78801947696488e-07,7.67968573983698e-06,7.96289845094377e-06,1.07183975926832e-07,1.37499002957093e-07,-1.40431473106605e-07,-1.18659721962404e-08,0.707106781186548,0,0.5,0.5,0.015045653818893,0.0153592198913012,0.0389991583842676,0.00859428467407067,-3.03042709430433e-06,1.97459801343671e-06,2.67963604215141e-05,-2.78521895023817e-05
355.881217793368,0.707625862404436,-1.52796231256899e-05,0.499643157993524,0.499622210568316,-1.03693918535733e-05,2.31825738660626e-08,7.27747433790007e-06,7.40861768855245e-06,-9.07448787962155e-08,3.60015587366965e-07,-1.05762207175582e-07,2.33870533902956e-07,0.707106781186548,0,0.5,0.5,0.0139178128693337,0.0143040243874175,0.036716920462936,0.00849508320618205,-3.59226074688514e-05,-2.35550862385843e-05,-3.86355842462872e-06,-5.56141352828071e-05
358.154496881475,0.707602333320853,-1.4637656186367e-05,0.499659393293707,0.499639298252238,-9.81358944190059e-06,-7.91884272422612e-08,6.93391989686919e-06,6.96406273798614e-06,-2.20264590218855e-07,5.0284491745497e-07,-8.17646294262807e-08,3.93341104380362e-07,0.707106781186548,0,0.5,0.5,0.0130256845733376,0.0134556338228333,0.0348182536408126,0.00833693524463904,-5.72204321936765e-05,-4.01321925883064e-05,-2.40349012760947e-05,-7.33177235058882e-05
360.070501875865,0.707583460434522,-1.42702675065276e-05,0.499672483379147,0.499652935215618,-9.5646876642354e-06,7.62580927999384e-08,6.68522375383753e-06,6.85954847268964e-06,-1.78968321260004e-08,2.52582662823363e-07,-1.06423709540795e-07,1.31412960377653e-07,0.707106781186548,0,0.5,0.5,0.0129155243534663,0.0132400967819731,0.0338265536975834,0.00767093256214137,-2.17543626292633e-05,-1.29837797715014e-05,6.40808410717639e-06,-4.11462265079411e-05
361.915751544024,0.707565937823765,-1.38915431180733e-05,0.499684617887417,0.499665614271491,-9.28915766147937e-06,1.66897380297363e-07,6.44834350094945e-06,6.70559613634002e-06,1.00898321563129e-07,1.02538667282964e-07,-1.1941377446952e-07,-2.38047745403343e-08,0.707106781186548,0,0.5,0.5,0.0126765405411313,0.0129349708265085,0.0327860586385353,0.00717454727089284,-6.82635276992133e-07,3.09664137882989e-06,2.41536776183952e-05,-2.17396715165575e-05
364.042726788801,0.707546483192663,-1.34010903221557e-05,0.499698055905942,0.499679724289397,-8.8975208383518e-06,1.64008949775392e-07,6.17376166471248e-06,6.4249056318827e-06,9.94827577843643e-08,9.47548180625645e-08,-1.14726857408469e-07,-2.64513544627435e-08,0.707106781186548,0,0.5,0.5,0.0121475452631872,0.0123936802386942,0.0313997588078701,0.00685853330598608,-1.61055246541011e-07,3.34517408632027e-06,2.35624154944854e-05,-2.03782966547062e-05
366.521695032758,0.70752479436578,-1.27883368845685e-05,0.499713004202393,0.4996954858963,-8.38184909469707e-06,6.52979422189415e-08,5.85699261785078e-06,6.01076375572561e-06,-2.50301959546498e-08,2.32517076695196e-07,-9.18817166753339e-08,1.27049883206702e-07,0.707106781186548,0,0.5,0.5,0.0113146439563777,0.0116034457735705,0.0296412114793997,0.00672312174944894,-2.06710996161834e-05,-1.26113729629048e-05,4.19072194807367e-06,-3.74731945271618e-05
368.972129198825,0.70750434683643,-1.21389150864737e-05,0.499727061340163,0.499710379344404,-7.80917571648483e-06,-1.32248324773115e-07,5.54668511282771e-06,5.50958239304687e-06,-2.76948256392343e-07,5.22641679992829e-07,-5.10636124226337e-08,4.42944945206499e-07,0.707106781186548,0,0.5,0.5,0.0102633538669317,0.0106540635983766,0.0277501765263476,0.00683275906103667,-6.30862556033722e-05,-4.54182469232548e-05,-3.45482273096905e-05,-7.39562752169365e-05
371.033780155526,0.707488042487486,-1.17638912938908e-05,0.499738335757704,0.499722188193557,-7.54312910178355e-06,-5.98523600939157e-08,5.32525375958152e-06,5.35385370164428e-06,-1.81402408728079e-07,4.00893384472905e-07,-6.10079835287456e-08,3.17614183580813e-07,0.707106781186548,0,0.5,0.5,0.0100109749986802,0.0103470242448303,0.0267564107198255,0.00639841147631241,-4.60527166868403e-05,-3.243626586152e-05,-2.03184745298217e-05,-5.81705080185386e-05
372.843856920256,0.707474334109308,-1.15079182438499e-05,0.499747841908176,0.499732089176072,-7.40018251502674e-06,9.83916620529796e-08,5.150113612081e-06,5.3262182353711e-06,2.450774824216e-08,1.48952390642105e-07,-8.73694230485596e-08,5.24603638545879e-08,0.707106781186548,0,0.5,0.5,0.0100469403537451,0.0102794593471769,0.0261386774126171,0.00581227771169249,-1.01889895067934e-05,-4.94043213978107e-06,1.07586546401151e-05,-2.58880762866896e-05
374.791689558014,0.707460066940656,-1.11580161696809e-05,0.499757695386596,0.499742433121002,-7.14643298206143e-06,1.36364532942912e-07,4.95360526182363e-06,5.16308993778225e-06,7.55591639654633e-08,8.12023912345246e-08,-9.14059934006144e-08,-1.57593628506635e-08,0.707106781186548,0,0.5,0.5,0.00976158292985447,0.00996120709358221,0.0252127523480973,0.00548996232465799,-8.70652316715138e-07,2.11952354208934e-06,1.82540070244546e-05,-1.70051357990804e-05
377.132862498088,0.707443602546125,-1.06945579351064e-05,0.499769037081183,0.499754398356967,-6.78072210282293e-06,9.21767458834765e-08,4.71698631982104e-06,4.88154932725598e-06,2.11351208291123e-08,1.38019869239644e-07,-7.9820721008724e-08,4.97232817333506e-08,0.707106781186548,0,0.5,0.5,0.00920815418609681,0.00942178207391293,0.0239478010750229,0.00531786481501051,-9.56017547531128e-06,-4.69824010684999e-06,9.65360301421273e-06,-2.3912018596374e-05
379.686748443798,0.707426440363776,-1.01207014711613e-05,0.499780815388495,0.499766913612157,-6.28704756093835e-06,-8.96615034678205e-08,4.45511986549605e-06,4.44415040185634e-06,-2.104903619132e-07,4.05562968934832e-07,-4.26798209365335e-08,3.40482672106611e-07,0.707106781186548,0,0.5,0.5,0.00828547316068294,0.00859387719662627,0.0223261114362235,0.00544676107891168,-4.86188037659688e-05,-3.48964771243934e-05,-2.59287104009014e-05,-5.75865704894608e-05
381.954677483163,0.707411956474109,-9.66347042537924e-06,0.499790767071226,0.499777463371896,-5.91031406886443e-06,-1.95042813818831e-07,4.23961316811595e-06,4.12604726661909e-06,-3.43907648090716e-07,5.57429213796276e-07,-2.02327964959173e-08,5.06889533622711e-07,0.707106781186548,0,0.5,0.5,0.00762938147557878,0.00798931497418862,0.021065201552665,0.00544650510289492,-7.09347495688602e-05,-5.21870806094293e-05,-4.65114277892383e-05,-7.66104023890512e-05
383.828078333508,0.707400639247342,-9.48107659971137e-06,0.499798624172038,0.499785624821583,-5.84672793444589e-06,1.02763234589855e-09,4.10266044121826e-06,4.17273915161911e-06,-8.92343014052768e-08,2.48587001366303e-07,-5.41353865393551e-08,1.8030755220206e-07,0.707106781186548,0,0.5,0.5,0.00782609223556194,0.0080617523894935,0.020702314543471,0.00481446991841286,-2.6804685363653e-05,-1.83094350727303e-05,-7.96979129964433e-06,-3.71443291367389e-05
385.643221049711,0.70739003062126,-9.25241691281109e-06,0.499805961602071,0.499793302515225,-5.71467596311179e-06,9.73690674932017e-08,3.96446314544384e-06,4.12379153625837e-06,3.68268142304623e-08,9.32807076411883e-08,-6.97680653839652e-08,1.75173359934016e-08,0.707106781186548,0,0.5,0.5,0.00778773719715225,0.00795855761839837,0.0201668486988105,0.00442055388325728,-4.76469294986876e-06,-1.42882204211669e-06,1.10112840910328e-05,-1.72047990830182e-05
387.784404155246,0.707377948537873,-8.91759916361173e-06,0.499814282461939,0.499802081718238,-5.47062808314285e-06,9.40439608411686e-08,3.79437448100943e-06,3.94820274439841e-06,3.47483391311364e-08,8.98837798356692e-08,-6.66985989357898e-08,1.74020541045813e-08,0.707106781186548,0,0.5,0.5,0.00745611769917044,0.00761986122551058,0.0193045477066879,0.00422856878200424,-4.64692162133168e-06,-1.43331077596024e-06,1.04627597144065e-05,-1.65429921116984e-05
390.312361380329,0.70736428768581,-8.46841796937892e-06,0.499823656457457,0.499812041552153,-5.10700224233641e-06,-1.55761744255931e-08,3.59018940428521e-06,3.63746593696306e-06,-1.03969276913864e-07,2.48464671477822e-07,-4.36862186349681e-08,1.90730620482927e-07,0.707106781186548,0,0.5,0.5,0.00681156778135702,0.00702981819028172,0.0180932281038906,0.00425184213224926,-2.79038262571913e-05,-1.94418668504043e-05,-1.09097566380942e-05,-3.64359364695014e-05
392.784988722509,0.707351519873631,-7.96537943161674e-06,0.499832377613716,0.499821389656381,-4.66300350174079e-06,-2.43742002857828e-07,3.38524292678071e-06,3.21380133980737e-06,-3.95579192260294e-07,5.89578095128099e-07,1.02995326426394e-09,5.58719273481807e-07,0.707106781186548,0,0.5,0.5,0.00588899220600424,0.00623241971988104,0.0166803971676647,0.00455898524177681,-7.7418669287166e-05,-5.76544714860957e-05,-5.55308977376907e-05,-7.9542243035571e-05
394.818349642152,0.707341648265359,-7.75489191488787e-06,0.499839203408301,0.49982853390464,-4.55521366296762e-06,-1.36065352935348e-07,3.258859937816e-06,3.18746374403483e-06,-2.54791152519387e-07,4.17096191976593e-07,-1.68851377148773e-08,3.77381283247631e-07,0.707106781186548,0,0.5,0.5,0.00589947174526304,0.00617180662090044,0.0162230474281305,0.00415176906196441,-5.28828681326906e-05,-3.88469271773733e-05,-3.42950498753632e-05,-5.74347454347007e-05
396.590297909268,0.707333419820725,-7.63288389674099e-06,0.499844917569036,0.499834464124735,-4.53714299958736e-06,4.02553200423224e-08,3.16330513683371e-06,3.25730077229192e-06,-2.58051501826009e-08,1.40370099559646e-07,-4.7815867647159e-08,8.42543566055427e-08,0.707106781186548,0,0.5,0.5,0.00612877573681401,0.00629068961180923,0.0160353810823332,0.00361591573370729,-1.32853206784284e-05,-8.43309901503401e-06,3.93068780383856e-07,-2.21114884738463e-05
398.53011817541,0.707324664984024,-7.40647196381672e-06,0.499850951504977,0.499840819191423,-4.39421248796323e-06,7.85737232075439e-08,3.04483796753803e-06,3.17335087835526e-06,2.54454071098334e-08,7.50774175762064e-08,-5.31559160411633e-08,1.70729768594675e-08,0.707106781186548,0,0.5,0.5,0.00599249370608141,0.00612510233921952,0.0155022232574389,0.00338462721213535,-4.15171679986992e-06,-1.471862340988e-06,8.02406445726927e-06,-1.36476435981272e-05
400,0.707318262867689,-7.24597760010798e-06,0.499855365955831,0.499845464205182,-4.29778340421834e-06,1.1633461819697e-07,2.95932650161628e-06,3.12229761981496e-06,7.55087265703001e-08,1.23425835872814e-08,-5.88647401019721e-08,-4.80583464717561e-08,0.707106781186548,0,0.5,0.5,0.00591767623013062,0.00602308794270584,0.0151341836804055,0.0031934195075664,4.68571468404044e-06,5.27998221755562e-06,1.55193927073076e-05,-5.55369580571151e-06
