0,1,0,0,0,-0,0,0,0,-0,7.85192659451005e-06,5.02026023596061e-06,1.35294365350016e-07,0.707106781186548,0,0.5,0.5,0,0,0,0,0,0,0,0
0.1,0.999999999999999,3.92596329911224e-08,2.51013011533472e-08,6.7647121435835e-10,-4.34370343105701e-14,7.85192660180159e-07,5.02026022866905e-07,1.35294120138771e-08,-1.30311102920622e-12,7.85192661638463e-06,5.02026021408594e-06,1.3529362971628e-07,0.707106781186548,0,0.5,0.5,1.43468799766596e-06,1.41181689131525e-06,9.21415740813989e-07,8.98544634463275e-07,-1.34893711030756,-1.24586739456631,-2.43426872082739,-0.160535784046476
0.6,0.999999999998593,1.41334681063514e-06,9.0364681884609e-07,2.43521912794887e-08,-9.38239934086635e-12,4.71115611419141e-06,3.01215598407876e-06,8.11713226468774e-08,-4.69119964607644e-11,7.85192738189635e-06,5.02025944847245e-06,1.35267882533529e-07,0.707106781186548,0,0.5,0.5,8.60812391105104e-06,8.47090597792967e-06,5.52848981484083e-06,5.39127188171946e-06,-1.34847055847004,-1.24631460264137,-2.43395717567761,-0.1608279854338
1,0.999999999989141,3.92596347951785e-06,2.51012993569588e-06,6.76410523940137e-08,-4.34370333840081e-11,7.85192732350876e-06,5.02025950680471e-06,1.35269844222362e-07,-1.3031109827191e-10,7.85192878119276e-06,5.02025804849194e-06,1.35220801960671e-07,0.707106781186548,0,0.5,0.5,1.43468607661596e-05,1.41181907404283e-05,9.21413558080088e-06,8.98546555506968e-06,-1.34809306331117,-1.24667387320909,-2.43370793939095,-0.161058997129305
2,0.999999999826252,1.57038561039697e-05,1.00405175552932e-05,2.70490646168723e-07,-3.47496244496654e-10,1.57038590172488e-05,1.00405146386624e-05,2.70392561602214e-07,-2.54152483601881e-08,0.000194015501492378,0.00209059052148612,0.00380918817925385,0.707106781186548,0,0.5,0.5,2.86936051032931e-05,2.8236513765599e-05,1.84281388749662e-05,1.79710475372721e-05,-1.34713279056478,-1.24757790707255,-2.43308485564265,-0.161625841994683
3,0.999997609458665,0.000128449408099667,0.00106534776158119,0.00190515402324958,-9.52249230580796e-06,0.000209828407577068,0.00210053807292277,0.00380951544309108,-2.8476334370541e-05,0.000191605883722143,0.00208928554315042,0.00380916824762706,0.707106781186548,0,0.5,0.5,11.9866495987043,11.0843852128162,21.6399870110434,1.4310478004771,-0.854994520983553,-0.799413517364836,-1.71109061440127,0.0566825760528782
4,0.999962014790829,0.000434141522398944,0.00421044484724302,0.00761922901570203,-7.58647042901495e-05,0.000401621353159874,0.00418954259572452,0.00761856926648341,-0.000101167463937857,0.000110336006946249,0.00162554927563384,0.00242931588282794,0.707106781186548,0,0.5,0.5,23.9647305079954,22.1768388312142,43.2744147985009,2.86715454070868,-0.362279279974109,-0.348123334874391,-0.988645096295637,0.278242481447136
5,0.999821813296958,0.000890617515269862,0.00921254942188114,0.0164522761092279,-0.000219360279092695,0.000511017794256665,0.00581440766441169,0.0100472756197869,-0.000163002614232388,2.74559620221107e-05,0.00116354039691584,0.00104335722682778,0.707106781186548,0,0.5,0.5,31.5669399925054,29.284586246129,58.4891102656452,2.36241597298917,-0.0475208266644939,-0.0550815685118482,-0.490909839091009,0.388307443914667
6,0.999512004025547,0.00141446811507411,0.0156083928289702,0.0270209393264639,-0.000409510404283066,0.000535787443926229,0.00697690607698651,0.0110897114344384,-0.000188800082496582,-2.36131096786599e-05,0.000805449321492793,0.000150101899934169,0.707106781186548,0,0.5,0.5,34.7881513659372,32.3798317249988,67.280062150786,0.112079059849934,0.0891768779578457,0.0775396563825508,-0.217761240633616,0.384477774974013
7,0.999004348823073,0.00193716687201871,0.0229876448560492,0.0381854239346795,-0.000609627635451095,0.000508327351309998,0.00778119623002849,0.0112389630482113,-0.000190809583334311,-4.05813740705417e-05,0.000549569623104243,-0.000246859707866996,0.707106781186548,0,0.5,0.5,35.2106818960402,32.8695824875429,71.64530106828,3.56503668469692,0.112530879580874,0.105482763666338,-0.0956552264011944,0.313668869648407
8,0.998298491609749,0.0024238808169858,0.0310432590957187,0.049300735452938,-0.000802955973137835,0.000463777434613652,0.00832965354997931,0.0109914385105497,-0.00018683046263106,-3.56776252382496e-05,0.000371421501487009,-0.000324249993682653,0.707106781186548,0,0.5,0.5,34.4177704493308,32.1801615544668,73.5817575679817,6.98382556418401,0.0872452686545199,0.0856936446302354,-0.0511209017341656,0.224059815018921
9,0.99740228278281,0.00286871351653649,0.0395582803031496,0.0601298531667718,-0.000989328634536581,0.000424781666691623,0.00870003951646257,0.0106666061196055,-0.000185162248618926,-2.29150391026149e-05,0.000247361972397607,-0.000260513066066592,0.707106781186548,0,0.5,0.5,33.4172164964592,31.2422817618397,74.4324430688871,9.77294481058813,0.0545170190735881,0.0555788273571777,-0.0354731885570147,0.14556903498778
10,0.996320613212103,0.00328124391439128,0.0483816710212189,0.0706659963223419,-0.00117378529310796,0.000399484960525561,0.00894640836340522,0.0104054782699048,-0.000186159042445189,-1.16913840717827e-05,0.000159768037768839,-0.000170760371925713,0.707106781186548,0,0.5,0.5,32.6414969219894,30.4803437311303,74.8871010951022,11.7652604419825,0.0320573482861945,0.0324178769315417,-0.0247973909740324,0.0892726161917686
11,0.995053843822294,0.0036743747845262,0.057407635141197,0.08098586476612,-0.0013596636872918,0.000386267937081381,0.00910518900890339,0.0102340318159964,-0.000187505646300561,-5.70193634901182e-06,9.66983053316625e-05,-0.000106065648315263,0.707106781186548,0,0.5,0.5,32.1567833405836,29.9861606974012,75.2025900209134,13.0596459829286,0.0226113185324167,0.0201895167073769,-0.0114359263456637,0.0542367615854573
12,0.993600442183158,0.00405748858132283,0.0665608417325688,0.0911666190428207,-0.00154712606321016,0.000379656051949586,0.0092008908236885,0.0101272336541872,-0.000187344807516377,-4.65905232110956e-06,5.03365072286544e-05,-7.61314166576281e-05,0.707106781186548,0,0.5,0.5,31.871768681613,29.6979086853493,75.4231283298943,13.8534509629321,0.022465393255622,0.0166639660982376,0.00452912266041703,0.0346002366934426
12.6,0.992638456465829,0.00428440475151292,0.0720903650202565,0.0972292028780841,-0.00165947297444537,0.00037666637874709,0.00923073364110943,0.0100812915674533,-0.000187144606280824,-5.3070836450146e-06,4.91382309850218e-05,-7.70070443091814e-05,0.707106781186548,0,0.5,0.5,31.7511514184696,29.5901950266394,75.4841580392099,14.1428115941009,0.024986549562892,0.0174418524184407,0.0140971225593413,0.0283312794219914
13,0.991959699287368,0.00443463517631529,0.0757865681383709,0.101255543504417,-0.00173430395533093,0.000374456820893346,0.00925022839833718,0.0100503730520448,-0.000185050270950168,-6.58573444681091e-06,1.55599553967355e-05,-7.22169961196438e-05,0.707106781186548,0,0.5,0.5,31.6707400218147,29.5183859455613,75.5248444921846,14.3357185248086,0.0268745279173236,0.0181156816813307,0.0208339540240545,0.0241562555745998
14,0.990133052466605,0.00480568218670848,0.0850442487880691,0.111269580658673,-0.00191880685164351,0.000367519935681974,0.00926480518270279,0.00997747540343733,-0.000180881029352012,-9.47390183924496e-06,-1.10673889209355e-05,-8.19674974861814e-05,0.707106781186548,0,0.5,0.5,31.4710051315803,29.3702142641942,75.4845944068168,14.6433750110423,0.0324136216824509,0.0215412645895306,0.0356244476406755,0.0183304386313059
15,0.988124147363338,0.00516837589743562,0.0943032040910487,0.121205870263045,-0.00209866070808553,0.000357777957369772,0.00925279013444275,0.00989490387509816,-0.000175425106088568,-1.20308853945846e-05,-3.19187406387023e-05,-9.60483741248034e-05,0.707106781186548,0,0.5,0.5,31.2320634344813,29.209138881674,75.299360648549,14.8581583323938,0.0373645181787391,0.0252109183570126,0.0481173561066913,0.0144580804290604
16,0.985938270987413,0.0055200601488989,0.103539735422132,0.131052576956802,-0.00227259521857577,0.000345512082916418,0.0092199747526054,0.00979833923385386,-0.000169217215795693,-1.3747440420245e-05,-4.86667495323657e-05,-0.000109474349219903,0.707106781186548,0,0.5,0.5,30.9438690058783,29.01760852524,74.9826103370297,15.0211328059114,0.0412482881637372,0.0284301881537765,0.0583727779298472,0.0113056983876664
17,0.98358169502337,0.0058586252996469,0.112735097455103,0.140796035193969,-0.00243992944632315,0.00033154484627989,0.00917047222873861,0.00968843661848964,-0.000162590874450633,-1.46456949682449e-05,-6.24941244684341e-05,-0.000120557726887866,0.707106781186548,0,0.5,0.5,30.6116527996248,28.7934520398647,74.5547739521115,15.149669112622,0.0442125891599196,0.0311005542570369,0.066854947995155,0.00845819542180152
18,0.98106120225249,0.00618277784946081,0.121874065193194,0.150424076949964,-0.00260032512297262,0.000316690669449742,0.00910720853481477,0.00956753443874124,-0.000155689992311689,-1.49802058647318e-05,-7.42262813815366e-05,-0.00012937195744087,0.707106781186548,0,0.5,0.5,30.2449038615426,28.5406731488124,74.0357470726857,15.2501700623307,0.04658424325581,0.0333595167932258,0.0740909894277019,0.00585277062133382
19,0.978383846194706,0.00649191272789514,0.130943926002168,0.159926835826656,-0.00275357458105329,0.000301513280962147,0.00903228155289963,0.0094378975010232,-0.000148544173129967,-1.50258699037179e-05,-8.44257392362562e-05,-0.000136583073039415,0.707106781186548,0,0.5,0.5,29.8517980285214,28.2641518671826,73.4412972214085,15.3253473257045,0.0486411762695437,0.0353730866805081,0.0804983783555234,0.00351588459452847
20,0.975556879408229,0.00678585105796141,0.139933783454107,0.169296377731234,-0.00289948124003621,0.000286301257036006,0.00894722542742933,0.00930112615739083,-0.000141142376415242,-1.49780272401829e-05,-9.34653601524724e-05,-0.000142824875653756,0.707106781186548,0,0.5,0.5,29.4376049717382,27.9675459060292,72.782504823308,15.3773539455406,0.0505455319273128,0.0372539999620086,0.0863429247924831,0.00145660709683832
21,0.972587761579333,0.00706460451978299,0.148834088680831,0.178526052540319,-0.00303782240836953,0.000271146789657552,0.00885320100206603,0.00915818853932238,-0.000133478281086975,-1.49354025262202e-05,-0.000101586101705335,-0.000148488919627709,0.707106781186548,0,0.5,0.5,29.0051230566793,27.6530370709355,72.0667382022624,15.4085780746476,0.0523596073630854,0.0390526447618726,0.0917646993332954,-0.000352447208337471
22,0.969484181374331,0.00732822743488785,0.157636333107975,0.187609982761789,-0.00316835969811973,0.00025604278282825,0.00875112796354563,0.00900966207059254,-0.000125567106749635,-1.49243172314505e-05,-0.000108941021692829,-0.000153736790809068,0.707106781186548,0,0.5,0.5,28.5557088949292,27.3218048604417,71.2990021580236,15.4214884026527,0.0540866962547483,0.0407766758747255,0.0968235168167224,-0.00196014468724862
23,0.966254059790831,0.00757675388958184,0.166332851233458,0.196542787552182,-0.00329086528381401,0.000240955883949346,0.00864177269188013,0.00885596265019435,-0.000117444519714116,-1.49323553625676e-05,-0.00011562695973591,-0.000158587448129358,0.707106781186548,0,0.5,0.5,28.090165173473,26.9745807692331,70.4830560001957,15.4183100574896,0.0557068533134592,0.0424137595368692,0.101538333378444,-0.00341772052811602
24,0.962905528419771,0.00781019097005435,0.17491669538603,0.205319492330575,-0.00340514520073135,0.000225865589660952,0.00852580434370298,0.00869748675047324,-0.000109158584469131,-1.49349142923131e-05,-0.000121705992425369,-0.000163000527656992,0.707106781186548,0,0.5,0.5,27.6092653017254,26.6120282209806,69.6221271569269,15.4008336342209,0.0571983565722979,0.043947328351818,0.105912534933585,-0.00476685000946859
25,0.95944688896098,0.00802853773361504,0.183381555847286,0.213935538936348,-0.00351105301443231,0.000210776518371906,0.00840382950550112,0.00853467050741936,-0.000100761722728435,-1.49101381673541e-05,-0.000127219186297037,-0.000166928743556763,0.707106781186548,0,0.5,0.5,27.1139600436051,26.2349202883828,68.7192744810171,15.3703941490292,0.0585464712011886,0.04536422485836,0.109946547163185,-0.00603585110363654
26,0.955886563410122,0.0082318089288501,0.191721708769899,0.222386828746882,-0.00360849449007514,0.000195715578871003,0.00827641315334897,0.00836799662189065,-9.23054536948619e-05,-1.48442448320309e-05,-0.000132195070084042,-0.000170340648338124,0.707106781186548,0,0.5,0.5,26.60539331147,25.8441773392534,67.7775267010076,15.3279560502842,0.0597445168153065,0.0466566934893962,0.113642300485142,-0.00724109018043905
27,0.952233042348665,0.00842005320182613,0.199931980836879,0.230669761351866,-0.00369742657563365,0.000180723754771854,0.00814409119309773,0.00819797860764948,-8.38380055648052e-05,-1.47312402036095e-05,-0.000136654773403621,-0.000173224623242647,0.707106781186548,0,0.5,0.5,26.0848400356779,25.4408367228805,66.7999087484663,15.2742319899079,0.0607917380461529,0.0478215903616449,0.117003750458124,-0.00839042205032652
28,0.948494835479624,0.00859336323353629,0.208007723902626,0.238781255490598,-0.0037778538927563,0.000165848186523189,0.00800737789479897,0.00802514107945813,-7.54037988428909e-05,-1.4570476012414e-05,-0.000140615188532248,-0.000175584583394324,0.707106781186548,0,0.5,0.5,25.5536345454873,25.0260047439979,65.7894283831071,15.2097890936219,0.0616907289475852,0.0488588201239361,0.120036156425982,-0.00948660735446052
29,0.9446804259185,0.00875187919322305,0.215944795492659,0.24671875242199,-0.00384982474778915,0.000151136733848503,0.00786677018072399,0.00785000432735623,-6.70437418147483e-05,-1.43641355761384e-05,-0.00014409099073051,-0.000177434062913605,0.707106781186548,0,0.5,0.5,25.0131178854296,24.6008156608991,64.7490581891713,15.1351246428426,0.062445567867286,0.0497699974614832,0.122745397899208,-0.0105298325704392
30,0.940798228302578,0.00889578802395166,0.223739542582811,0.254480206819702,-0.0039134275066851,0.000136635090469877,0.00772274989783891,0.00767307478588297,-5.87956433978988e-05,-1.4115491929862e-05,-0.000147095979920649,-0.000178791641177247,0.707106781186548,0,0.5,0.5,24.4646080337591,24.1664045805954,63.6817239845419,15.0507113701874,0.0630608368167677,0.0505576187014236,0.125137688806062,-0.0115192332878707
31,0.936856550300938,0.00902532072299131,0.231388786980165,0.262064070417755,-0.00396878743648921,0.000122385668125243,0.00757578474883284,0.00749484006004325,-5.06944456473081e-05,-1.38280125408886e-05,-0.00014964398205321,-0.000179678308347041,0.707106781186548,0,0.5,0.5,23.9093867052711,23.7238922542086,62.5902993074104,14.9570203479307,0.0635412810159091,0.0512246726398841,0.127219619675875,-0.0124536660200824
32,0.9328635571566,0.00914074895918035,0.238889811184034,0.269469271996007,-0.0040160638095718,0.000108427391832306,0.00742632832088141,0.00731576657563837,-4.27722424892807e-05,-1.35050591548129e-05,-0.000151749433850491,-0.000180116312890651,0.707106781186548,0,0.5,0.5,23.3486948735201,23.274377237654,61.4776024431324,14.8545303319582,0.0638917967278341,0.0517745153379216,0.128998345526085,-0.0133320334603293
33,0.928827239110582,0.00924238163818067,0.246240343983072,0.276695195590685,-0.00405544704002081,9.47958029480572e-05,0.00727481952883715,0.0071362983775061,-3.50581671516506e-05,-1.31498890190531e-05,-0.000153427725293983,-0.000180128815727096,0.707106781186548,0,0.5,0.5,22.7837313200994,22.8189315126437,60.346393075679,14.7437302429359,0.0641175192112808,0.0522108562946341,0.130481773064328,-0.014153397558413
34,0.924755381743925,0.00933056157115651,0.253438545324084,0.283741657675476,-0.00408715571319565,8.15231639340766e-05,0.00712168171514649,0.00695685627174405,-2.75782462233491e-05,-1.27657458648826e-05,-0.000154695355849583,-0.000179739833617406,0.707106781186548,0,0.5,0.5,22.2156512919201,22.3585972210745,59.1993672683012,14.6251187553066,0.0642238925025477,0.0525377640985056,0.13167867390716,-0.0149170173061067
35,0.920655539361679,0.00940566220300739,0.260482990202254,0.290608883512656,-0.00411143347369349,6.86384729804341e-05,0.00696732159239225,0.00677783702303483,-2.03552884259515e-05,-1.23559316890699e-05,-0.000155569952578948,-0.000178974192064701,0.707106781186548,0,0.5,0.5,21.6455643763174,21.894383522499,58.0391507795872,14.4992028807709,0.0642166841699935,0.052759653165228,0.132598709085456,-0.0156223717502341
36,0.9165350115426,0.00946808431939906,0.267372651484262,0.297297482724294,-0.00412854580785347,5.61674070423781e-05,0.0068121281658798,0.0065996125966761,-1.34088388812037e-05,-1.19238263968915e-05,-0.000156070191826594,-0.000177857391379082,0.707106781186548,0,0.5,0.5,21.0745317555965,21.427263401439,56.8682913727882,14.3664962157527,0.0641019510854597,0.0528812456750836,0.133252381277749,-0.0162691845172059
37,0.91240082292669,0.00951825268705352,0.274106881692264,0.303808424171265,-0.00413877678807083,4.41322453661088e-05,0.00665647173187779,0.00642252953092898,-6.7552024195667e-06,-1.14728625573613e-05,-0.000156215658703043,-0.000176415389617953,0.707106781186548,0,0.5,0.5,20.5035633303387,20.9581705926584,55.6892509072397,14.2275169842426,0.0638859762473325,0.0529075165826841,0.13365094035841,-0.0168574475283934
38,0.908259706243887,0.00955661263025172,0.28068539385524,0.310143010311588,-0.00414242584898557,3.25518184516309e-05,0.00650070301297045,0.00624690852177951,-4.07525622259488e-07,-1.10064754383202e-05,-0.000156026670627293,-0.000174674341369274,0.707106781186548,0,0.5,0.5,19.9336151470331,20.4879968448681,54.5043978545071,14.0827858626059,0.0635751952363526,0.0528436318508651,0.133806264902199,-0.017387437814981
39,0.904118088522656,0.00958362658134919,0.287108241582601,0.316302851272378,-0.00413980465433812,2.14415071832462e-05,0.00634515246588266,0.00607304426361921,5.62407653969801e-06,-1.05280466112668e-05,-0.000155524083874813,-0.000172660330933397,0.707106781186548,0,0.5,0.5,19.3655873874432,20.0175896733529,53.3160006543678,13.9328235935718,0.0631761242155805,0.0526948874214494,0.133730735284724,-0.0178597236476936
40,0.899982080365748,0.00959977065866754,0.293375798540892,0.322289838894023,-0.00413123409840051,1.08132984981732e-05,0.00619012977838773,0.00590120555116196,1.1332362179408e-05,-1.00408524991304e-05,-0.000154729096141397,-0.000170399125186497,0.707106781186548,0,0.5,0.5,18.8003230118941,19.5477506617621,52.1262221244263,13.7781484507701,0.0626952950294898,0.0524666529284565,0.13343710745359,-0.0182751594956437
41,0.895857468142967,0.00960553132579634,0.299488737524601,0.328106120997983,-0.00411704147274926,6.75892554306617e-07,0.00603592355907836,0.0057316356229082,1.67127817467604e-05,-9.54802270290798e-06,-0.000153663053759854,-0.000167915957915724,0.707106781186548,0,0.5,0.5,18.2386070427524,19.0792343065098,50.9371149980921,13.6192736488299,0.0621391988318056,0.0521643215358419,0.132938391925117,-0.0186348715574699
42,0.891749708924933,0.00960140217888291,0.305448009311587,0.333754076104076,-0.00409755781930884,-8.96514847807152e-06,0.00588280121529414,0.00556455271485989,2.17632819961946e-05,-9.05250872124099e-06,-0.000152347269191356,-0.000165235348329442,0.707106781186548,0,0.5,0.5,17.6811664249742,18.6127473616218,49.7506185849618,13.4567047983658,0.0615142377211134,0.0517932658648525,0.132247740057075,-0.0189402364711088
43,0.887663927964369,0.00958788089831232,0.311254821486162,0.33923628879052,-0.00407311548364955,-1.81072204690389e-05,0.00573100900899513,0.00540015079059825,2.64840997995525e-05,-8.55706173002686e-06,-0.000150802852400442,-0.000162380951925333,0.707106781186548,0,0.5,0.5,17.1286703878876,18.1489486295754,48.5685565071438,13.2909374896808,0.0608266833302881,0.0513587994641957,0.13137833852019,-0.0191928557257058
44,0.88360491851998,0.00956546639138681,0.316910617400894,0.344555525857007,-0.00404404587746957,-2.67504753347053e-05,0.00558077227685423,0.00523860041572152,3.08775499457695e-05,-8.06421764054246e-06,-0.00014905055836838,-0.000159375440451199,0.707106781186548,0,0.5,0.5,16.5817312370081,17.6884491439908,47.3926354468326,13.1224550658337,0.0600826414466458,0.0508661432486321,0.130343312482574,-0.0193945277872959
45,0.879577143811113,0.00953465614440444,0.322417055433348,0.349714713420787,-0.00401067745515839,-3.48976042986106e-05,0.00543229579865693,0.00508004974794858,3.49478105644744e-05,-7.57628791126702e-06,-0.000147110652046916,-0.00015624040774892,0.707106781186548,0,0.5,0.5,16.0409055140558,17.2318126948909,46.2244448322307,12.951726623284,0.0592880220390194,0.0503203964706777,0.129155637881302,-0.0195472193716046
46,0.875584740888256,0.00949594379600223,0.32777598867744,0.354716915048601,-0.00397333390582113,-4.2553612168902e-05,0.00528576429684932,0.00492462561743171,3.87007094896126e-05,-7.09535501837165e-06,-0.000145002791342907,-0.000152996298775628,0.707106781186548,0,0.5,0.5,15.5066954715534,16.7795566523558,45.0654573843474,12.7792052604382,0.0584485143032523,0.0497265119256123,0.127828063055215,-0.0196530368263508
47,0.871631526204693,0.00944981693842043,0.332989445191659,0.359565311003243,-0.0039323325589468,-4.97255872846409e-05,0.00514134304952397,0.00477243467454442,4.21435145643721e-05,-6.62327183807406e-06,-0.000142745928167532,-0.00014966235953856,0.707106781186548,0,0.5,0.5,14.9795508139292,16.3321530482669,43.9170304438714,12.6053265816753,0.0575695664513697,0.049089275164333,0.126373039877568,-0.0197141982618657
48,0.867721002677879,0.00939675514906701,0.33805960890866,0.364263178661925,-0.00388798299902027,-5.642247103081e-05,0.00499917859912654,0.00462356458468027,4.52847305153002e-05,-6.1616643961754e-06,-0.000140358227141015,-0.0001462566059215,0.707106781186548,0,0.5,0.5,14.4598706605032,15.8900298785031,42.7804079948812,12.4305074558749,0.0566563699871679,0.0484132875047728,0.124802664358628,-0.0197330068666874
49,0.863856368035101,0.00933722825113541,0.342988801293252,0.36881387414414,-0.00384058588186436,-6.26548302731377e-05,0.0048593995395897,0.00447808525161719,4.81339045953513e-05,-5.711937524313e-06,-0.000137857001196684,-0.000142795809459165,0.707106781186548,0,0.5,0.5,13.9480056881793,15.4535725899536,41.6567233009204,12.2551450227876,0.0557138481787006,0.0477029526146885,0.123128626513882,-0.0197118257204929
50,0.860040524246262,0.00927169479890835,0.347779463818882,0.373220815169281,-0.00379043194341072,-6.84346356015953e-05,0.00472211736536148,0.00433605005293302,5.07014427443007e-05,-5.27528298209622e-06,-0.000135258663066117,-0.000139295498117533,0.707106781186548,0,0.5,0.5,13.4442604139517,15.0231257185747,40.5470020692338,12.0796159367075,0.0547466483939587,0.0469624664098664,0.121362169137419,-0.0196530543335939
51,0.856276087856754,0.00920060078071233,0.352434141316681,0.377487465148687,-0.00373780118995547,-7.37750478298983e-05,0.00458742736680889,0.00419749707287896,5.29984375734948e-05,-4.85268960341588e-06,-0.000132578691441234,-0.000135769970133764,0.707106781186548,0,0.5,0.5,12.9488955799088,14.5989946467383,39.4521660607744,11.9042758341274,0.0537591379312309,0.0461958099868083,0.11951405499566,-0.0195591070776212
52,0.852565401044959,0.00912437853026085,0.356955466236236,0.38161731850318,-0.00368296225774807,-7.86902147568462e-05,0.00445540955766944,0.00406245032003783,5.50365090737666e-05,-4.44495502929523e-06,-0.000129831610489411,-0.000132232318997143,0.707106781186548,0,0.5,0.5,12.4621306063847,14.1814474503929,38.3730370667986,11.7294590100209,0.0527554029576613,0.045406745294058,0.117594541867006,-0.0194323936152864
53,0.84891054324149,0.00904344583533719,0.361346143843561,0.385613887185421,-0.00362617192895463,-8.31950797582639e-05,0.00432612962152887,0.00393092091898065,5.68276585829553e-05,-4.05269860779464e-06,-0.000127030981333786,-0.000128694467723218,0.707106781186548,0,0.5,0.5,11.9841460821869,13.7707168090598,37.3103411771769,11.5554782859303,0.0517392501677343,0.0445988132420993,0.1156133647951,-0.0192753013852667
54,0.845313343160479,0.00895820523140811,0.365608938369419,0.389480688376553,-0.00356767479058159,-8.73052033599859e-05,0.00419963986566911,0.00380290826694899,5.83841362368091e-05,-3.67637507333865e-06,-0.000124189404092673,-0.000125167210681587,0.707106781186548,0,0.5,0.5,11.5150862642601,13.3670019543124,36.2647132706536,11.3826250520811,0.0507142107839371,0.0437753339563726,0.113579724891794,-0.0190901801514845
55,0.841775391106709,0.00886904346680307,0.369746660110182,0.393221233318467,-0.00350770302279435,-9.10365985559429e-05,0.00407598017201027,0.00367840114829453,5.97183218632651e-05,-3.31628865889257e-06,-0.00012131852908995,-0.00012166026137246,0.707106781186548,0,0.5,0.5,11.0550615626064,12.9704706350608,35.2367016629143,11.2111694652471,0.0496835465404602,0.0429394088888193,0.111502284014868,-0.0188793285855887
56,0.838298051435952,0.00877633112550178,0.373762153473816,0.396839017236559,-0.0034464763031671,-9.44055802903914e-05,0.00395517893623193,0.00355737880097621,6.08426190619869e-05,-2.97260733985057e-06,-0.000118429075894439,-0.000118182304696507,0.707106781186548,0,0.5,0.5,10.6041509896315,12.5812610805839,34.2267728542203,11.0413607840049,0.0486502573142069,0.042093924518297,0.109389164650435,-0.0186449828179312
57,0.834882475059127,0.00868042239330441,0.377658285955339,0.400337510302864,-0.00338420181371022,-9.74286292238138e-05,0.00383725398747191,0.00343981193083584,6.17693620347435e-05,-2.6453769545741e-06,-0.000115530858913475,-0.000114741052417682,0.707106781186548,0,0.5,0.5,10.1624045562892,12.1994839447869,33.2353163243735,10.8734278232973,0.0476170900933469,0.0412415573877034,0.107247954346925,-0.0183893068658751
58,0.83152961189389,0.00858165495316583,0.381437938019118,0.403720149585806,-0.00332107433799923,-0.000100122269648583,0.00372221348224797,0.00332566367064005,6.25107345937469e-05,-2.33453499076103e-06,-0.000112632818348278,-0.000111343300673208,0.707106781186548,0,0.5,0.5,9.72984560037309,11.8252242175573,32.2626493287299,10.7075795107995,0.0465865490008523,0.0403847802445716,0.105085714073817,-0.0181143848283935
59,0.82824022317957,0.00848034999571433,0.385103993859605,0.406990331930365,-0.00325727643633617,-0.000102502961211288,0.00361005676741212,0.00321489048199027,6.30787006705678e-05,-2.03992386809328e-06,-0.000109743055411336,-0.000107994988534663,0.707106781186548,0,0.5,0.5,9.3064730350658,11.4585430913339,31.3090216547919,10.5440055283923,0.0455609061179925,0.0395258690715859,0.102908989911531,-0.0178222147219526
60,0.825014893583159,0.00837681233140236,0.388659333007452,0.410151407711025,-0.0031929786875782,-0.000104587003930544,0.00350077520802113,0.00310744299916998,6.34849455739227e-05,-1.76130358519762e-06,-0.000106868870804817,-0.00010470125676641,0.707106781186548,0,0.5,0.5,8.89226350836347,11.0994797730787,30.374620304478,10.3828770230359,0.0445422128801027,0.0386669108134271,0.100723827517253,-0.0175147038237234
61,0.821854043034985,0.0082713305913138,0.392106822744354,0.413206675399401,-0.00312833998703982,-0.000106390455868591,0.00339435297698292,0.00300326681482534,6.37408271967489e-05,-1.4983636327144e-06,-0.000104016805560413,-0.000101466506060799,0.707106781186548,0,0.5,0.5,8.48717346626339,10.7480532337398,29.4595740724511,10.2243473724479,0.0435323118435973,0.0378098116261843,0.0985357888532574,-0.0171936653834759
62,0.818757938242923,0.00816417750434243,0.395449311287222,0.416159376888637,-0.00306350789068777,-0.000107929062718014,0.00329076780421531,0.00290230320807227,6.38573363478598e-05,-1.25073410412028e-06,-0.000101192683442361,-9.82944541526282e-05,0.707106781186548,0,0.5,0.5,8.09114111462629,10.4042638890124,28.5639579958208,10.0685529921822,0.0425328486488309,0.0369563054949426,0.0963499707081252,-0.0168608165643517
63,0.815726703843357,0.00805561023922884,0.398689621700464,0.419012693517592,-0.00299861899668094,-0.000109218198497646,0.00318999168383115,0.00280448981619965,6.38450653775892e-05,-1.01799596196985e-06,-9.84016542143334e-05,-9.51881913275762e-05,0.707106781186548,0,0.5,0.5,7.70408827641229,10.0680952067541,27.6877976551022,9.91561417193581,0.0415452840276995,0.0361079630837768,0.0941710245859245,-0.0165177774744481
64,0.812760333155632,0.00794587080076989,0.401830546493975,0.42176974273923,-0.00293379935614192,-0.000110272816510427,0.00309199153854465,0.00270976125160547,6.37141842767781e-05,-7.99690439511979e-07,-9.56482371658168e-05,-9.21502339403686e-05,0.707106781186548,0,0.5,0.5,7.3259221425493,9.73951523777983,26.8310733104878,9.76563593015873,0.0405709057275706,0.035266200700097,0.09200317758282,-0.0161660711551524
65,0.809858698514442,0.00783518647037143,0.404874842863947,0.424433575379427,-0.00286916490586769,-0.000111107409696662,0.00299672984108142,0.00261804966597102,6.34744234511289e-05,-5.95327576335886e-07,-9.29363643830665e-05,-8.91825756485134e-05,0.707106781186548,0,0.5,0.5,6.95653691603589,9.41847806796993,25.9937238612696,9.61870887726382,0.0396108402441112,0.0344322892718346,0.0898502539139885,-0.0158071243980426
66,0.807021561161482,0.00772377028198271,0.407825228533638,0.427007173434595,-0.00280482191648176,-0.000111735979515547,0.00290416519287552,0.00252928526395962,6.31350624055324e-05,-4.04393902104163e-07,-9.0269423333073e-05,-8.6286736146502e-05,0.707106781186548,0,0.5,0.5,6.59581535002281,9.10492519067542,25.1756506196294,9.47491007893117,0.0386660642746895,0.0336073632513446,0.0877156967953622,-0.0154422692693282
67,0.804248580683846,0.00761182152530985,0.410684378151742,0.429493448358883,-0.00274086745029065,-0.000112172012502387,0.00281425286075587,0.00244339676893029,6.27049236129076e-05,-2.26359294678366e-07,-8.7650298405335e-05,-8.34638072541633e-05,0.707106781186548,0,0.5,0.5,6.2436301815722,8.79878679930596,24.3767208930163,9.33430391213816,0.0377374158212877,0.0327924293739327,0.0856025904242057,-0.0150727452289854
68,0.80153932399197,0.00749952626904601,0.41345492020686,0.431895239794299,-0.00267738982382556,-0.000112428463675711,0.00272694527266926,0.00236031184329426,6.21923708872417e-05,-6.06830484772552e-08,-8.50814111256405e-05,-8.07144962717424e-05,0.707106781186548,0,0.5,0.5,5.89984546357914,8.49998300075198,23.5967713719552,9.19694290762414,0.036825604887253,0.0319883752117093,0.0835136818394498,-0.0146997017404875
69,0.798893273834667,0.0073870578976629,0.416139434417784,0.434215314699738,-0.0026144690707222,-0.000112517746004653,0.002642192473764,0.0022799574662227,6.16053116289826e-05,9.31808040909125e-08,-8.25647588181636e-05,-7.80391665641899e-05,0.707106781186548,0,0.5,0.5,5.5643177979719,8.20842495093384,22.8356113224072,9.06286857350149,0.0359312237258129,0.0311959774748973,0.0814514024768563,-0.0143242012761461
70,0.796309836852773,0.00727457765607681,0.418740449560717,0.436456366837655,-0.00255217740121408,-0.000112451725190076,0.00255994254437515,0.0022022602714462,6.09512023611416e-05,2.35778870376505e-07,-8.01019515473456e-05,-7.54378753786452e-05,0.707106781186548,0,0.5,0.5,5.23689747380228,7.92401591429752,22.0930255837509,8.93211219565108,0.0350547566101612,0.0304159100229793,0.0794178892653641,-0.0139472226322236
71,0.793788351176413,0.00716223519722487,0.421260441696199,0.438621016579843,-0.00249057965508638,-0.000112241719060839,0.00248014198161488,0.00212714684787838,6.02370570251637e-05,3.67654423671569e-07,-7.7694247219289e-05,-7.29104089332679e-05,0.707106781186548,0,0.5,0.5,4.91742951421158,7.64665224950244,21.3687773750985,8.80469561138452,0.0341965891052096,0.0296487515570308,0.0774150051392843,-0.0135696644770439
72,0.791328093573756,0.00705016912826011,0.423701832760231,0.440711810996494,-0.00242973374545795,-0.000111898500937465,0.00240273604638729,0.0020545440057555,5.94694575556986e-05,4.8934402554377e-07,-7.53425847642991e-05,-7.04563148429045e-05,0.707106781186548,0,0.5,0.5,4.6057546365262,7.37622432388113,20.6626109140262,8.68063195361888,0.0333570168298809,0.0288949929724915,0.0754443588664745,-0.0131923490641021
73,0.788928286161517,0.00693850755169614,0.426066989486013,0.442731224195373,-0.00236969109122991,-0.000111432306367847,0.00232766907772234,0.0019843790109164,5.86545663021248e-05,6.01374691855738e-07,-7.30476153580413e-05,-6.80749319686509e-05,0.707106781186548,0,0.5,0.5,4.30171012991375,7.11261735950548,19.9742538529117,8.55992636349253,0.0325362537062697,0.0281550443584489,0.0735073241152531,-0.0128160260505345
74,0.786588102689455,0.00682736859840061,0.428358222624541,0.444681657880522,-0.00231049703646099,-0.000110852842692077,0.00225488477636323,0.00191657978975962,5.77981399113645e-05,7.04261550764139e-07,-7.08097316690906e-05,-6.57654177947665e-05,0.707106781186548,0,0.5,0.5,4.00513065512957,6.85571221387853,19.3034195389633,8.44257666995522,0.0317344396981939,0.0274292416353559,0.0716050577027709,-0.0124413763692211
75,0.784306674412615,0.0067168609498543,0.430577786434334,0.446565442102403,-0.00225219125530537,-0.000110169300945235,0.00218432645955282,0.00185107510731063,5.69055443307447e-05,7.98505942599053e-07,-6.8629095145918e-05,-6.35267734483507e-05,0.707106781186548,0,0.5,0.5,3.71584897091621,6.60538609839477,18.6498091047069,8.32857403539592,0.0309516480467638,0.0267178528280792,0.0697385169849746,-0.0120690161101317
76,0.78208309556629,0.00660708434755837,0.432727878412434,0.448384836173736,-0.00219480814148071,-0.000109390369657019,0.00211593728895027,0.00178779472071766,5.59817706310914e-05,8.84593913710875e-07,-6.65056613770563e-05,-6.13578664853816e-05,0.707106781186548,0,0.5,0.5,3.43369659159597,6.36151323778366,18.0131133962115,8.2179035668319,0.0301878920147109,0.0260210839753486,0.0679084763633623,-0.0116995003733028
77,0.779916428459557,0.0064981300878899,0.434810639240777,0.450142029727592,-0.00213837718152459,-0.000108524250154955,0.00204966047357534,0.00172666951037161,5.5031451388711e-05,9.62995059008804e-07,-6.4439203574835e-05,-5.92574515717164e-05,0.707106781186548,0,0.5,0.5,3.1585043803287,6.1239654737786,17.3930147466846,8.11054489257735,0.0294431311544919,0.025339084680132,0.0661155428966408,-0.0113333270620169
78,0.77780570820386,0.006390081501076,0.436828152923882,0.451839143896378,-0.00208292331135072,-0.000107578673023178,0.00198543944962756,0.00166763159071862,5.40588774003399e-05,1.03416167082327e-06,-6.24293342461748e-05,-5.72241891899968e-05,0.707106781186548,0,0.5,0.5,2.89010308240279,5.89261281624424,16.7891886032911,8.00647270464409,0.0287172771176753,0.024671953308282,0.0643601710162776,-0.0109709405903203
79,0.77574994709347,0.00628301441328405,0.438782447095637,0.453478232592398,-0.00202846725583403,-0.000106560915411051,0.00192321803896449,0.00161061440270427,5.30680145374557e-05,1.09852815482035e-06,-6.0475525123832e-05,-5.52566625035603e-05,0.707106781186548,0,0.5,0.5,2.62832380279369,5.66732394495469,16.201305015155,7.90565726740665,0.0280101990249793,0.0240197418450439,0.0626426763540707,-0.0106127354840475
80,0.773748138654865,0.00617699759111161,0.440675493474702,0.455061283872535,-0.00197502585134019,-0.000105477818925092,0.00186294058795079,0.0015555527896593,5.20625205756684e-05,1.15651067687769e-06,-5.85771254387625e-05,-5.3353392506826e-05,0.707106781186548,0,0.5,0.5,2.37299843206863,5.44796666514978,15.6290299905121,7.80806489329367,0.0273217284176236,0.0233824604207883,0.0609632486973599,-0.0102590598589481
81,0.771799261382039,0.00607209316800783,0.442509208449706,0.456590221371323,-0.00192261235127267,-0.000104335807873724,0.00180455208831031,0.00150238305830924,5.10457618612989e-05,1.20850700799384e-06,-5.6733378619178e-05,-5.15128515886314e-05,0.707106781186548,0,0.5,0.5,2.12396002454405,5.2344083199115,15.0720267309086,7.71365838645306,0.0266516638114857,0.0227600815186716,0.0593219640935684,-0.00991021876341108
82,0.769902282174638,0.00596835705237258,0.444285453777045,0.458066905788341,-0.00187123671484201,-0.000103140907667191,0.00174799828152906,0.00145104302646564,5.00208297008522e-05,1.25489653740502e-06,-5.49434375048102e-05,-4.97334756309061e-05,0.707106781186548,0,0.5,0.5,1.88104313241839,5.02651616230144,14.529956750204,7.62239745548418,0.0259997748759785,0.0221525438778765,0.0577187961305803,-0.00956647737672529
83,0.768056159495549,0.00586583931726214,0.446006037375536,0.459493136417318,-0.00182090587937088,-0.000101898763204766,0.00169322574826974,0.00140147205883653,4.89905563800575e-05,1.2960404270888e-06,-5.32063781662484e-05,-4.80136747601267e-05,0.707106781186548,0,0.5,0.5,1.64408409941197,4.82415769008739,14.0024808859406,7.53423909644124,0.0253658062596578,0.0215597561067543,0.0561536264231549,-0.00922806405674274
84,0.766259846264202,0.00576458457178465,0.447672714203661,0.460870652705728,-0.00177162401653659,-0.000100614657108129,0.00164018198417012,0.00135361109227821,4.79575307376572e-05,1.33228188368756e-06,-5.15212124191468e-05,-4.6351842863525e-05,0.707106781186548,0,0.5,0.5,1.41292131725078,4.62720094576562,13.4892602104093,7.44913794739298,0.0247494810844097,0.0209816000205696,0.0546262543383304,-0.00889517323335119
85,0.764512292501426,0.00566463231439777,0.449287187206396,0.462201135834956,-0.00172339277302318,-9.92935276836983e-05,0.00158881546330934,0.00130740265170047,4.69241132353671e-05,1.3639465265595e-06,-4.98868991219697e-05,-4.47463659761219e-05,0.707106781186548,0,0.5,0.5,1.1873954481351,4.43551478445812,12.9899568484713,7.36704661587809,0.0241505041296579,0.0204179337187054,0.05313640599467,-0.00856796814630672
86,0.762812447741186,0.0055660172684279,0.450851108319923,0.463486210312201,-0.0016762114961094,-9.79399865179438e-05,0.00153907569053887,0.00126279085773319,4.58924504795581e-05,1.39134283319032e-06,-4.83023543439034e-05,-4.31956296385241e-05,0.707106781186548,0,0.5,0.5,0.967349616140019,4.24896911213359,12.5042347089013,7.28791598062771,0.0235685647274917,0.0198685944161747,0.0516837425714387,-0.00824658342777229
87,0.761159263223988,0.00546876970021616,0.452366079523634,0.464727445566431,-0.00163007744476012,-9.65583356284393e-05,0.00149091324378986,0.00121972142716441,4.48644891624749e-05,1.41476264548986e-06,-4.67664604868675e-05,-4.16980253192177e-05,0.707106781186548,0,0.5,0.5,0.752629570303722,4.06743509646834,12.0317601357114,7.21169546893933,0.0230033393888999,0.0193334010440959,0.0502678679643941,-0.00793112753139826
88,0.759551693886136,0.00537291572036625,0.453833653929927,0.465926357541591,-0.00158498598681737,-9.51525841098252e-05,0.0014442798073859,0.00117814166706757,4.38419894012991e-05,1.43448172263584e-06,-4.52780744423009e-05,-4.02519559888425e-05,0.707106781186548,0,0.5,0.5,0.543083821974191,3.89078535253195,11.5722024855893,7.1383333110832,0.0224544941805208,0.0188121566335063,0.0488883358250209,-0.00762168501099382
89,0.757988700158472,0.00527847756862219,0.455255336903265,0.467084410281185,-0.00154093078290612,-9.37264642281828e-05,0.00139912819731132,0.00113800046345026,4.2826537462358e-05,1.45076032804901e-06,-4.38360348598042e-05,-3.88558409278308e-05,0.707106781186548,0,0.5,0.5,0.33856375880494,3.7188941053516,11.1252346372627,7.06777677310616,0.0219216868704368,0.0183046504964867,0.0475446560197204,-0.00731831865279691
90,0.756469249587528,0.00518547388294485,0.456632587200914,0.468203017499132,-0.0014979039576802,-9.22834469296789e-05,0.00135541237930891,0.00109924826517674,4.18195578653326e-05,1.46384383982974e-06,-4.24391686008083e-05,-3.75081198427974e-05,0.707106781186548,0,0.5,0.5,0.138923737618177,3.55163733128154,10.6905334382702,6.99997236937051,0.0214045688606404,0.017810660218096,0.046236300544874,-0.00702107146613761
91,0.754992318291474,0.00509391995338467,0.45796681812857,0.469283544132508,-0.00145589625903676,-9.08267567400119e-05,0.00131308748060951,0.00106183706384261,4.08223248686867e-05,1.47396337556623e-06,-4.10862964464493e-05,-3.62072563612884e-05,0.707106781186548,0,0.5,0.5,0.0559788418111158,3.38889287997984,10.2677800942988,6.93486605613005,0.020902786922861,0.0173299534721098,0.0449627089327954,-0.0067299685378246
92,0.753556892262566,0.00500382796136674,0.459259398704898,0.470327307872436,-0.0014148972059243,-8.93593860402344e-05,0.00127210979602746,0.00102572037021173,3.98359733427936e-05,1.48133642380151e-06,-3.97762381246712e-05,-3.49517409690126e-05,0.707106781186548,0,0.5,0.5,0.246283480153375,3.23054057867455,9.85666050592377,6.87240340740263,0.0204159847534813,0.0168622896729684,0.0437232931824857,-0.006445018756036
93,0.752161968527189,0.00491520720501566,0.460511654829658,0.471335580669958,-0.00137489522536144,-8.78841087122457e-05,0.00123243678909257,0.00099085318776283,3.8861509041519e-05,1.48616747571789e-06,-3.85078167174816e-05,-3.37400934483579e-05,0.707106781186548,0,0.5,0.5,0.432126537356535,3.07646232028577,9.45686555728039,6.81252977435118,0.0199438043623323,0.0164074214757747,0.0425174422478623,-0.00616621640975523
94,0.750806556173994,0.00482806431115022,0.461724870450794,0.472309590214251,-0.0013358777792714,-8.64034931536527e-05,0.00119402708882877,0.000957191983835213,3.78998182865001e-05,1.48864865168433e-06,-3.7279862505193e-05,-3.25708648720808e-05,0.707106781186548,0,0.5,0.5,0.613641205303418,2.92654213686001,9.06809136089052,6.75519042933395,0.0194858873092293,0.0159650961355508,0.0413445261147598,-0.00589354266997972
95,0.749489677260008,0.0047424034345762,0.462900288726384,0.473250521380995,-0.00129783148172154,-8.49199146670692e-05,0.00115684048273419,0.000924694658810538,3.69516770810828e-05,1.48896031826889e-06,-3.60912163005301e-05,-3.14426392013265e-05,0.707106781186548,0,0.5,0.5,0.790957492817406,2.78066625966785,8.6900394625809,6.70033069573048,0.019041875801185,0.0155350567363851,0.040203899496543,-0.00562696695897286
96,0.748210367604037,0.00465822644529811,0.464039113177923,0.474159517649138,-0.00126074220713944,-8.34355672332874e-05,0.00112083790646525,0.000893320513719165,3.60177596729806e-05,1.48727169217793e-06,-3.49407323215613e-05,-3.03540345328076e-05,0.707106781186548,0,0.5,0.5,0.964202221662577,2.6387231672161,8.32241701014869,6.64789606459519,0.0186114136623611,0.0151170433004582,0.0390949051766846,-0.00536644821386528
97,0.746967677476097,0.00457553310425938,0.465142508831858,0.475037682484646,-0.00122459519005722,-8.19524746813086e-05,0.00108598143067924,0.000863030216615745,3.50986465862784e-05,1.48374142831636e-06,-3.38272806487646e-05,-2.93037040358244e-05,0.707106781186548,0,0.5,0.5,1.13349903229954,2.50060362233156,7.96493688916579,6.59783229913379,0.0181941471879732,0.0147107937863647,0.0380168770251346,-0.00511193605079671
98,0.745760672191091,0.00449432122820643,0.466211603346746,0.475886080690165,-0.00118937511691397,-8.04725012710168e-05,0.00105223424544529,0.000833785768028804,3.41948321445047e-05,1.47851818977799e-06,-3.27497493079396e-05,-2.82903366160669e-05,0.707106781186548,0,0.5,0.5,1.29896839826541,2.36620069938411,7.61731782906121,6.55008552794254,0.0177897258925392,0.0143160449855478,0.0369691427137802,-0.00486337183569327
99,0.744588432614416,0.00441458684425473,0.467247488123796,0.476705739719805,-0.00115506621042455,-7.89973617064617e-05,0.00101956064259257,0.00080555046575285,3.33067315071945e-05,1.47174119814481e-06,-3.17070460173263e-05,-2.73126573395858e-05,0.707106781186548,0,0.5,0.5,1.46072764814618,2.2354098026336,7.27928448238197,6.50460232789457,0.0173978031621047,0.013932533325096,0.0359510261548119,-0.00462068966761127
100,0.743450055586683,0.00433632433471659,0.468251219398884,0.477497650958495,-0.00112165230699936,-7.75286305993564e-05,0.000987925996327056,0.000778288869218777,3.24346872427587e-05,1.46354076292036e-06,-3.06980996341345e-05,-2.63694276470934e-05,0.707106781186548,0,0.5,0.5,1.61889099420193,2.10812867660641,6.95056747990823,6.46132979750377,0.0170180368193238,0.0135599955846054,0.0349618496842874,-0.00438381728035817
101,0.742344654274289,0.00425952657273011,0.469223819314463,0.478262770965619,-0.00108911692767701,-7.60677514035563e-05,0.000957296742413129,0.000751966763648783,3.15789754605368e-05,1.4540387893255e-06,-2.97218613326324e-05,-2.54594453857574e-05,0.707106781186548,0,0.5,0.5,1.77356956679123,1.98425740933416,6.63090346408663,6.42021562154372,0.0166500896096059,0.0131981695342914,0.0340009360118046,-0.00415267686790729
102,0.741271358452078,0.0041841850492073,0.470166276970077,0.479002022682768,-0.0010574433430084,-7.46160448420642e-05,0.000927640356185171,0.000726551124175335,3.07398115248394e-05,1.44334926401024e-06,-2.87773055432113e-05,-2.45815446829341e-05,0.707106781186548,0,0.5,0.5,1.92487145381978,1.86369842921866,6.3200351030474,6.38120812764854,0.0162936296158628,0.0128467945010033,0.0330676099557427,-0.00392718583887669
103,0.740229314723958,0.00411028999159808,0.471079549450412,0.479716296605694,-0.00102661463230766,-7.31747168485649e-05,0.000898925329624894,0.000702010080079763,2.99173553734037e-05,1.43157871852357e-06,-2.78634306791732e-05,-2.37345956837205e-05,0.707106781186548,0,0.5,0.5,2.0729017445116,1.74635649622338,6.01771108728503,6.34425633557328,0.0159483306088057,0.0125056118683607,0.0321611999822525,-0.00370725750508614
104,0.739217686686901,0.00403783047494432,0.471964562830063,0.480406451920611,-0.000996613737662858,-7.17448660456425e-05,0.000871121147714104,0.000678312879284569,2.91117164622945e-05,1.41882667059315e-06,-2.69792596755931e-05,-2.29175041719905e-05,0.707106781186548,0,0.5,0.5,2.21776257686775,1.63213868803231,5.72368611090931,6.30930999974479,0.015613872339151,0.0121743655167362,0.0312810395648537,-0.00349280170896657
105,0.738235655043372,0.0039667945256764,0.472822213154387,0.481073317605188,-0.000967423513077204,-7.03274907817973e-05,0.000844198264248538,0.000655429853214253,2.83229583586436e-05,1.40518604347553e-06,-2.61238403623302e-05,-2.21292110924165e-05,0.707106781186548,0,0.5,0.5,2.35955318823968,1.52095438176201,5.43772083921159,6.27631964568929,0.015289940777569,0.0118528022084045,0.0304264683802996,-0.00328372539432613
106,0.737282417666897,0.00389716921858231,0.473653367395978,0.481717693494632,-0.000939026769089978,-6.89234957491184e-05,0.000818128077276631,0.00063333238212225,2.7551103001974e-05,1.39074356377291e-06,-2.52962456911833e-05,-2.1368691989117e-05,0.707106781186548,0,0.5,0.5,2.4983699685006,1.41271523176179,5.15958186414159,6.24523660088043,0.014976228307715,0.0115406719227751,0.029596833355214,-0.0030799331247239
107,0.736357189625111,0.00382894076735804,0.474458864386471,0.482340351313374,-0.000911406313205624,-6.75336982030708e-05,0.000792882904307443,0.000611992860966255,2.67961346541102e-05,1.37558013824337e-06,-2.44955738352587e-05,-2.06349563748382e-05,0.707106781186548,0,0.5,0.5,2.63430651535037,1.30733514398938,4.88904164915059,6.2160130205116,0.0146724338772339,0.0112377281462265,0.0287914895769293,-0.0028813275534688
108,0.735459203164333,0.00376209460912668,0.475239515723499,0.482942035672948,-0.000884544986439444,-6.61588338053545e-05,0.000768435957414125,0.000591384665900497,2.60580035568963e-05,1.35977121020666e-06,-2.37209481768965e-05,-1.99270470429901e-05,0.707106781186548,0,0.5,0.5,2.76745369133652,1.20473024740601,4.62587846472789,6.18860190865843,0.0143782631111758,0.0109437281207407,0.0280098010808888,-0.00268780984897234
109,0.734587707659405,0.00369661548329281,0.475996106652759,0.483523465036689,-0.000858425696269093,-6.4799562110171e-05,0.000744761318343222,0.000571482121441471,2.53366293160872e-05,1.34338709624601e-06,-2.29715171987799e-05,-1.92440393334805e-05,0.707106781186548,0,0.5,0.5,2.89789968221798,1.10481886279456,4.36987631583818,6.16295713526163,0.0140934283918934,0.0106584330551639,0.0272511415260526,-0.0024992800789953
110,0.733741969532244,0.00363248750507918,0.476729396925239,0.484085332651969,-0.000833031446262759,-6.34564717135545e-05,0.000721833913725673,0.00055226046835285,2.46319040289664e-05,1.3264933039344e-06,-2.2246454291476e-05,-1.85850403619599e-05,0.707106781186548,0,0.5,0.5,3.02573005633714,1.00752146936703,4.12082486235719,6.13903344932732,0.0138176489091217,0.0103816083026487,0.0265148947688255,-0.00231563755705513
111,0.73292127214232,0.00356969423407292,0.477440121629749,0.484628307450699,-0.000808345362637403,-6.21300850846988e-05,0.000699629490472315,0.000533695832285839,2.39436951723889e-05,1.30915083135325e-06,-2.15449574892259e-05,-1.79491882209922e-05,0.707106781186548,0,0.5,0.5,3.15102782470226,0.912760669493663,3.87851933350173,6.11678648871035,0.013550650683595,0.0101130235075217,0.0258004553451788,-0.00213678115406212
112,0.732124915651994,0.00350821873809026,0.47812899200098,0.485153034918854,-0.000784350717983769,-6.08208630974403e-05,0.000678124591425046,0.000515765193202908,2.3271848267085e-05,1.2914164492028e-06,-2.08662491445847e-05,-1.73356511605891e-05,0.707106781186548,0,0.5,0.5,3.27387350151515,0.820461151854435,3.64276043715628,6.09617278681702,0.0132921665672621,0.00985245272455451,0.0251072288698521,-0.00196260957803547
113,0.731352216869446,0.00344804365265115,0.478796696203366,0.48566013793584,-0.000761030952379176,-5.95292092792737e-05,0.00065729653132432,0.000498446355605454,2.26161893332315e-05,1.27334296629871e-06,-2.02095755513927e-05,-1.67436267546207e-05,0.707106781186548,0,0.5,0.5,3.39434516490878,0.730549653284681,3.41335426491256,6.07714977653668,0.01304193622287,0.00959967451338324,0.0244346323607986,-0.00179302162454534
114,0.730602509071706,0.00338915123633739,0.47944390009111,0.486150217584494,-0.000738369692094101,-5.82554737944792e-05,0.000637123373144326,0.000481717919579591,2.19765271514817e-05,1.25497947926246e-06,-1.95742065245175e-05,-1.61723410588e-05,0.707106781186548,0,0.5,0.5,3.51251851768675,0.642954919560309,3.19011219355932,6.05967579168578,0.0127997060854258,0.00935447201057278,0.023782094496335,-0.00162791640033637
115,0.729875141810093,0.00333152342229296,0.480071247944744,0.486623853932542,-0.000716350766084529,-5.69999571771383e-05,0.000617583904838826,0.000465559252668617,2.13526553428205e-05,1.23637160719404e-06,-1.89594349438793e-05,-1.56210477651574e-05,0.707106781186548,0,0.5,0.5,3.62846694788125,0.557607665343504,2.97285078368717,6.04371006622495,0.012565229307815,0.00911663298161939,0.0231490558118538,-0.00146719352241947
116,0.72916948070018,0.00327514186610863,0.48067936318466,0.487081606786355,-0.000694958220448721,-5.57629138290363e-05,0.000598657616533241,0.00044995046257589,2.07443542798611e-05,1.21756171211441e-06,-1.8364576269446e-05,-1.50890273572752e-05,0.707106781186548,0,0.5,0.5,3.7422615889683,0.474440533487715,2.76139167600682,6.02921273148743,0.0123382656926254,0.00888594985499082,0.0225349688423394,-0.00131075329472322
117,0.728484907198251,0.00321998799031903,0.481268849062076,0.48752401641782,-0.000674176331014575,-5.45445552966549e-05,0.00058032467819196,0.000434872370697612,2.01513928414219e-05,1.19858910593448e-06,-1.77889680330804e-05,-1.45755862699492e-05,0.707106781186548,0,0.5,0.5,3.85397137959939,0.39338805388028,2.55556148591803,6.01614481163717,0.0121185816120326,0.00866221974010958,0.0219392982164104,-0.00115849686426817
118,0.727820818366033,0.00316604302572648,0.481840289327918,0.487951604265162,-0.000653989614211973,-5.33450533407181e-05,0.000562565917784007,0.000420306486481413,1.95735300215123e-05,1.17949024470216e-06,-1.72319693124755e-05,-1.40800560563982e-05,0.707106781186548,0,0.5,0.5,3.96366312272704,0.314386601982414,2.35519169681134,6.00446821755599,0.0119059499174299,0.00844524443103082,0.0213615207071137,-0.00101032635865308
119,0.727176626625346,0.00311328804975254,0.482394248880129,0.488364873608533,-0.000634382836373514,-5.21645428109952e-05,0.000545362799965069,0.000406234982603557,1.90105164031787e-05,1.16029891082544e-06,-1.66929601917763e-05,-1.36017925656914e-05,0.707106781186548,0,0.5,0.5,4.07140154401782,0.237374357209308,2.16011855253352,5.99414573934206,0.0117001498402949,0.00823483039740271,0.0208011252442122,-0.000866145006514542
120,0.726551759504176,0.00306170402200588,0.482931274389923,0.488764310221188,-0.000615341021596663,-5.10031243383761e-05,0.000528697405289293,0.000392640670954929,1.84620955069705e-05,1.14104638397934e-06,-1.61713412129089e-05,-1.31401751326224e-05,0.707106781186548,0,0.5,0.5,4.17724934946203,0.162291261277552,1.9701829494013,5.9851410375858,0.0115009668856544,0.00803078876415851,0.0202576128922987,-0.000725857242485761
121,0.725945659375556,0.00301127181724391,0.483451894907525,0.489150382997045,-0.000596849458290683,-4.98608668555283e-05,0.000512552409960305,0.000379506979423772,1.79280050231774e-05,1.12176160135007e-06,-1.56665328211528e-05,-1.26946057818947e-05,0.707106781186548,0,0.5,0.5,4.28126728210174,0.0890789766329275,1.78523032810581,5.97741863357466,0.0113081927193681,0.00783293528126297,0.0197304967986938,-0.000589368798062651
122,0.725357783190498,0.00296197225589396,0.483956622447937,0.489523544555426,-0.000578893704522669,-4.87378099567912e-05,0.000496911066127401,0.000366817929461309,1.74079779364077e-05,1.10247130784305e-06,-1.51779748080471e-05,-1.2264508448165e-05,0.707106781186548,0,0.5,0.5,4.38351417781174,0.017680845058788,1.60511056581156,5.97094389856454,0.0111216250503132,0.00764109028470398,0.0192193021146871,-0.000456586779669899
123,0.724787602206133,0.00291378613228979,0.484445952557272,0.489884231823742,-0.000561459592268526,-4.76339661073419e-05,0.000481757182729774,0.000354558114414811,1.69017435504725e-05,1.08320019686608e-06,-1.47051257542894e-05,-1.18493282131725e-05,0.707106781186548,0,0.5,0.5,4.4840470200781,0.0519581534465628,1.42967786871869,5.96568304224338,0.0109410675084477,0.00745507864982083,0.0187235658933825,-0.000327419735113972
124,0.724234601710109,0.00286669424076957,0.484920364860211,0.490232866598896,-0.000544533230666866,-4.6549322711056e-05,0.000467075106889051,0.000342712678611502,1.64090284210357e-05,1.0639710422564e-06,-1.42474624749411e-05,-1.14485305609489e-05,0.707106781186548,0,0.5,0.5,4.58292099372929,0.119891441445648,1.2587906653255,5.96160310050046,0.0107663295196293,0.00727472973795648,0.0182428369671016,-0.000201777709515883
125,0.723698280742183,0.00282067739977209,0.485380323589125,0.490569856088134,-0.000528101008366409,-4.54838440459221e-05,0.000452849705848051,0.000331267297175665,1.59295572029873e-05,1.04480482189158e-06,-1.3804479468933e-05,-1.10616006518773e-05,0.707106781186548,0,0.5,0.5,4.68018953758304,0.186170884422612,1.09231150059928,5.95867192260496,0.0105972261779599,0.00709987733732856,0.0177766758070105,-7.95722917219619e-05
126,0.72317815181389,0.00277571647405962,0.485826278095413,0.49089559343007,-0.000512149595050631,-4.44374730753269e-05,0.000439066349451759,0.00032020815656055,1.54630534190051e-05,1.02572083350542e-06,-1.33756883745566e-05,-1.06880426161659e-05,0.707106781186548,0,0.5,0.5,4.77590439598018,0.250846830669684,0.930106931237231,5.95685815788712,0.0104335781163504,0.00693035959892884,0.0173246543673867,3.92833478925586e-05
127,0.72267374062706,0.00273179239518739,0.486258663343582,0.491210458196603,-0.000496665942216995,-4.34101331430107e-05,0.000425710893164797,0.000309521935776138,1.50092401553335e-05,1.0067368031899e-06,-1.29606174323793e-05,-1.03273788671342e-05,0.707106781186548,0,0.5,0.5,4.8701156691834,0.313968150647885,0.772047422175536,5.95613124200685,0.0102752113759199,0.00676601896817878,0.0168863559167183,0.000154874427380323
128,0.722184585791893,0.00268888618033278,0.486677900388617,0.491514816876389,-0.000481637283282167,-4.24017295590136e-05,0.000412769661618244,0.000299195788293386,1.4567840690391e-05,9.87868987043005e-07,-1.2558810956804e-05,-9.97914943455323e-06,0.707106781186548,0,0.5,0.5,4.96287186262517,0.375582275777811,0.618007244483157,5.95646138288616,0.0101219572747702,0.00660670211300622,0.0164613748575996,0.000267284530176891
129,0.721710238545243,0.00264697894958929,0.487084396837158,0.491809023340555,-0.000467051133079075,-4.14121510834715e-05,0.000400229432677457,0.000289217324605345,1.4138579061416e-05,9.69132266396638e-07,-1.21698288172643e-05,-9.6429113181647e-06,0.707106781186548,0,0.5,0.5,5.0542199349944,0.435735236622724,0.467864374757473,5.95781954637462,0.00997365227661787,0.00645225984893663,0.0160493165372073,0.000376595588347183
130,0.72125026246968,0.00260605194182472,0.487478547293005,0.492093419291293,-0.000452895286806547,-4.04412713146923e-05,0.000388077422021537,0.000279574595425408,1.37211805740009e-05,9.50540237029729e-07,-1.17932459298907e-05,-9.31823786138301e-06,0.707106781186548,0,0.5,0.5,5.14420534515633,0.494471700432151,0.321500396121347,5.96017744170986,0.00983013785970407,0.0063025470617405,0.0156497970499601,0.000482887871484492
131,0.720804233213844,0.00256608652919585,0.487860733787445,0.49236833469396,-0.000439157818487458,-3.94889499875322e-05,0.000376301268224262,0.00027025607550292,1.33153722590163e-05,9.32105292750463e-07,-1.14286517603064e-05,-9.00471814510047e-06,0.707106781186548,0,0.5,0.5,5.23287209790436,0.551835008019442,0.178800400905392,5.96350750682922,0.0096912603863496,0.00615742262810973,0.0152624430337851,0.000586239980674199
132,0.720371738214576,0.00252706423040686,0.488231326194914,0.492634088193297,-0.00042582707898692,-3.85550341877145e-05,0.000364889018325637,0.000261250648036471,1.29208832810882e-05,9.13838703706421e-07,-1.10756498380747e-05,-8.70195640140869e-06,0.707106781186548,0,0.5,0.5,5.32026278854629,0.607867209951556,0.0396528950849627,5.96778289358284,0.00955687097348789,0.00601674933480522,0.0148868914613143,0.000686728846978803
133,0.719952376421218,0.00248896672279265,0.488590682634475,0.49289098751435,-0.000412891693637898,-3.76393594873732e-05,0.000353829113882691,0.000252547589665349,1.25374453025351e-05,8.95750689759676e-07,-1.07338572832247e-05,-8.40957144701703e-06,0.707106781186548,0,0.5,0.5,5.40641864633073,0.662609102033552,0.0960502954713189,5.97297745289299,0.00942682536444191,0.00588039379665961,0.0145227894271278,0.000784429733973749
134,0.719545758022472,0.00245177585330342,0.488939149857569,0.493139329848663,-0.000400340559517849,-3.67417510067657e-05,0.000343110377487717,0.000244136556019839,1.21647928063201e-05,8.7785048924426e-07,-1.04029043451035e-05,-8.12719613605911e-06,0.707106781186548,0,0.5,0.5,5.49137957672235,0.716100260074195,0.228414116896378,5.97906571990019,0.00930098380220528,0.00574822637378811,0.0141697939321225,0.000879416243870866
135,0.719151504176137,0.00241547364846222,0.489277063622524,0.493379402226294,-0.000388162842416426,-3.58620244067835e-05,0.000332721999741909,0.000236007567811374,1.18026633813937e-05,8.60146423399952e-07,-1.00824339538031e-05,-7.85447683195947e-06,0.707106781186548,0,0.5,0.5,5.57518420253702,0.768379073922493,0.357540377327725,5.98602289913181,0.00917921090441781,0.00562012108830485,0.0138275716658896,0.000971760326833023
136,0.718769246742012,0.00238004232336213,0.489604749056253,0.49361148187418,-0.000376347973531007,-3.49999868165962e-05,0.000322653526672066,0.000228150997443814,1.14507979734708e-05,8.42645956766764e-07,-9.77210128424041e-06,-7.59107289794803e-06,0.707106781186548,0,0.5,0.5,5.65786990395031,0.819482780768125,0.483527834993128,5.99382484972533,0.00906137554023235,0.00549595554083364,0.0134957987879558,0.00106153229311019
137,0.718398628018237,0.00234546428976634,0.489922521003593,0.493835836561368,-0.000364885645923799,-3.415543770048e-05,0.000312894847577983,0.000220557556127577,1.11089411041393e-05,8.2535575378531e-07,-9.47157333296256e-06,-7.33665620583579e-06,0.707106781186548,0,0.5,0.5,5.73947285739425,0.869447497701371,0.606472284361232,6.00244807073441,0.00894735070920628,0.00537561082705429,0.0131741607086002,0.00114880082766039
138,0.718039300481264,0.00231172216336969,0.490230684364691,0.494052724931605,-0.000353765810771424,-3.33281696676353e-05,0.000303436183298047,0.000213218281478678,1.0776841060923e-05,8.08281731866898e-07,-9.18052850763924e-06,-7.09091066259691e-06,0.707106781186548,0,0.5,0.5,5.82002807335931,0.918308253530703,0.726466640347011,6.01186968654303,0.00883701342235512,0.00525897145449975,0.0128623518699018,0.00123363300695307
139,0.71769092652969,0.00227879877027716,0.490529534420867,0.494262396823759,-0.000342978673435309,-3.25179692285368e-05,0.000294268074880585,0.000206124525585204,1.04542500607588e-05,7.91429111141181e-07,-8.89865622918469e-06,-6.85353175429748e-06,0.707106781186548,0,0.5,0.5,5.89956943311957,0.966099019858364,0.843601020568284,6.02206743240967,0.00873024458546732,0.00514592525979684,0.0125600755275915,0.00131609431767271
140,0.717353178232083,0.00224667715275097,0.490819357149346,0.494465093580532,-0.000332514689378804,-3.17246175011494e-05,0.000285381372648581,0.00019926794352418,1.01409243891539e-05,7.74802461105676e-07,-8.62565654639515e-06,-6.6242261068956e-06,0.707106781186548,0,0.5,0.5,5.97812972440021,1.01285274141617,0.957962825655334,6.03301964016107,0.00862692888476626,0.00503636332652179,0.0122670435342102,0.00139624867707787
141,0.717025737078961,0.00221534057427486,0.491100429527237,0.494661048345911,-0.000322364559954698,-3.09478908701218e-05,0.000276767225645459,0.000192640482312247,9.83662451711869e-06,7.58405744369125e-07,-8.36123976294231e-06,-6.40271106343184e-06,0.707106781186548,0,0.5,0.5,6.05574067600762,1.05860136566545,1.0696368176208,6.04470522405229,0.00852695467497977,0.00493017990381618,0.0119829761240107,0.00147415845478521
142,0.716708293739046,0.0021847725239813,0.491373019825155,0.494850486351779,-0.000312519228084784,-3.01875616018733e-05,0.000268417071449797,0.000186234370274052,9.54111519780461e-06,7.42242357683149e-07,-8.10512607653222e-06,-6.18871427711269e-06,0.707106781186548,0,0.5,0.5,6.13243299144276,1.10337587166663,1.17870519630144,6.05710366680797,0.00843021386987825,0.00482727232589366,0.0117076016999996,0.00154988449577228
143,0.716400547819874,0.00215495672048411,0.491637387890827,0.49503362519409,-0.000302969873851191,-2.94433984182993e-05,0.00026032262634701,0.000180042106812722,9.25416554464973e-06,7.26315170422763e-07,-7.85704523003058e-06,-5.98197331979781e-06,0.707106781186548,0,0.5,0.5,6.20823638151937,1.14720629822523,1.28524767388728,6.07019500585734,0.00833660183530978,0.0047275409325504,0.0114406566234469,0.0016234861444133
144,0.716102207632855,0.00212587711515683,0.491893785423051,0.495210675099018,-0.000293707910017459,-2.87151670316585e-05,0.000252475875846242,0.000174056452567268,8.97554909267606e-06,7.10626560689207e-07,-7.61673617430627e-06,-5.78223530539512e-06,0.707106781186548,0,0.5,0.5,6.28317959600893,1.19012177132206,1.38934154755716,6.08395981977386,0.0082460172847577,0.00463088899076813,0.0111818850061477,0.00169502126937812
145,0.715812989962841,0.00209751789489428,0.492142456236332,0.495381839179446,-0.000284724977495719,-2.80026306430296e-05,0.000244869065530935,0.000168270419942274,8.70504384445766e-06,6.95178449180419e-07,-7.38394674254308e-06,-5.58925652765844e-06,0.707106781186548,0,0.5,0.5,6.35729045433446,1.23215053083682,1.49106177024265,6.09837921492866,0.00815836217743931,0.00453722261750728,0.0109310385057017,0.0017645462892449
146,0.715532619842244,0.0020698634843928,0.492383636516534,0.49554731368216,-0.000276012940774831,-2.73055504065828e-05,0.000237494692231784,0.000162677263995682,8.44243230218809e-06,6.79972330972554e-07,-7.15843333575408e-06,-5.40280211192656e-06,0.707106781186548,0,0.5,0.5,6.43059587533577,1.27331995657448,1.59048101954478,6.1134348123655,0.00807354161894706,0.00444645070374859,0.0106878761240065,0.00183211619868911
147,0.715260830329746,0.00204289854798208,0.492617555067863,0.495707288226113,-0.000267563883322969,-2.66236858617654e-05,0.000230345495511063,0.000157270473670968,8.18750148713028e-06,6.65009305339683e-07,-6.9399606192168e-06,-5.22264568030123e-06,0.707106781186548,0,0.5,0.5,6.5031219061286,1.31365659360531,1.68766976483041,6.12910873490352,0.00799146376442329,0.00435848483984133,0.0104521640091448,0.00189778459511984
148,0.714997362293605,0.00201660799103996,0.492844433551481,0.495861946032078,-0.000259370102976845,-2.59567953353751e-05,0.000223414449447553,0.000152043763360473,7.94004294764509e-06,6.50290103745091e-07,-6.72830122954285e-06,-5.04856902978643e-06,0.707106781186548,0,0.5,0.5,6.57489375008037,1.35318617692943,1.78269633253687,6.14538359447295,0.00791203972426363,0.00427323924221512,0.010223675260817,0.00196160370566177
149,0.714741964199579,0.00199097696101912,0.493064486716052,0.496011464144031,-0.000251424107328619,-2.53046363153599e-05,0.000216694754711605,0.000146991064787132,7.69985275691188e-06,6.35815116108513e-07,-6.52323549208529e-06,-4.88036182294027e-06,0.707106781186548,0,0.5,0.5,6.645935793925,1.39193365547773,1.87562696971496,6.1622424796878,0.00783518347232741,0.00419063068148861,0.0100021897394405,0.00202362441437555
150,0.714494391903465,0.00196599084811329,0.493277922620505,0.496156013642567,-0.000243718609120456,-2.46669657980797e-05,0.000210179830920156,0.000142106519192283,7.46673150135436e-06,6.215844154633e-07,-6.32455114839262e-06,-4.71782129057229e-06,0.707106781186548,0,0.5,0.5,6.71627163403927,1.42992321546105,1.96652590584192,6.17966894365841,0.00776081175663081,0.00411057841200803,0.00978749387900647,0.00208389628963236
151,0.714254408448225,0.00194163528558851,0.493484942849287,0.496295759850647,-0.000236246521655669,-2.40435406106489e-05,0.00020386330926178,0.000137384469817682,7.24048426070422e-06,6.07597781101321e-07,-6.13204309340293e-06,-4.56075194604283e-06,0.707106781186548,0,0.5,0.5,6.78592410190306,1.46717830308022,2.05545541293695,6.19764699204634,0.00768884401249698,0.00403300410283676,0.00957938050377702,0.00214246761155672
152,0.714021783865699,0.00191789614980386,0.493685742720367,0.496430862531978,-0.000229000954234519,-2.3434117709884e-05,0.000197739025382186,0.000132819454670296,7.0209205805711e-06,5.93854720299324e-07,-5.94551312209169e-06,-4.40896531072751e-06,0.707106781186548,0,0.5,0.5,6.85491528876557,1.50372164660956,2.14247586401262,6.21616107136253,0.0076192022781248,0.00395783177021598,0.00937764864886717,0.0021993853994736
153,0.713796294982861,0.00189475955994401,0.493880511486261,0.496561476082287,-0.000221975207621853,-2.28384544592835e-05,0.000191801012520835,0.000128406199558888,6.80785443830101e-06,5.80354488716813e-07,-5.76476968525785e-06,-4.26227965022642e-06,0.707106781186548,0,0.5,0.5,6.92326656953926,1.53957527786682,2.22764578989643,6.23519605750968,0.00755181111254757,0.00388498771151159,0.00918210338476797,0.00225469543929119
154,0.713577725232594,0.00187221187748515,0.494069432528305,0.496687749713763,-0.000215162769553027,-2.22563088853785e-05,0.000186043494889658,0.000124139611391775,6.60110420287086e-06,5.67096109545146e-07,-5.58962765417031e-06,-4.12051972091733e-06,0.707106781186548,0,0.5,0.5,6.99099862594311,1.5747605530826,2.311021934457,6.25473724456873,0.00748659751593583,0.00381440044064078,0.00899255564581213,0.00230844231076448
155,0.71336586446893,0.00185023970541428,0.494252683544429,0.496809827632929,-0.000208557310283809,-2.16874399147124e-05,0.000180460881285136,0.000120014771725583,6.40049258946429e-06,5.54078391481848e-07,-5.4199080937722e-06,-3.98351652642947e-06,0.707106781186548,0,0.5,0.5,7.05813146891637,1.60929817318243,2.39265930826992,6.27477033382891,0.0074234908522025,0.00374600062499475,0.00880882206260596,0.00236066941459129
156,0.713160508786725,0.00182882988722045,0.494430436730657,0.496927849212172,-0.000202152678189354,-2.11316075926327e-05,0.000175047758925295,0.000116026930555214,6.20584660936035e-06,5.41299945611564e-07,-5.25543804415304e-06,-3.85110708367866e-06,0.707106781186548,0,0.5,0.5,7.12468446032382,1.64320820349477,2.47261124075836,6.29528142306026,0.00736242277387246,0.00367972102384327,0.00863072479842309,0.00241141899929263
157,0.712961460345705,0.00180796950567584,0.494602858956549,0.497041949155194,-0.000195942895416688,-2.05885732849978e-05,0.000169798887503456,0.000112171500335585,6.01699751569612e-06,5.28759201247636e-07,-5.09605031001996e-06,-3.72313419807135e-06,0.707106781186548,0,0.5,0.5,7.19067633397269,1.67651009289812,2.5509294308437,6.31625699602714,0.00730332714916575,0.00361549642822156,0.00845809138954558,0.00246073218784173
158,0.71276852719883,0.00178764588142297,0.494770111934802,0.497152257656584,-0.000189922153594636,-2.00580998638473e-05,0.000164709193450831,0.000108444050226101,5.83378074561998e-06,5.16454420806044e-07,-4.94158325787929e-06,-3.59944624752686e-06,0.707106781186548,0,0.5,0.5,7.25612521596175,1.70922269242048,2.62766399614135,6.3376839122409,0.00724613999124882,0.0035532636022904,0.00829075458952774,0.00250864900401149
159,0.712581523124915,0.00176784657138394,0.494932352385217,0.497258900555749,-0.000184084809604589,-1.95399518780085e-05,0.000159773764400373,0.000104840300549165,5.65603585930808e-06,5.04383713765695e-07,-4.79188062065458e-06,-3.47989697496966e-06,0.707106781186548,0,0.5,0.5,7.32104864438191,1.74136427330435,2.70286352073694,6.35954939694934,0.00719079938960514,0.00349296122614627,0.00812855221735447,0.00255520839839694
160,0.712400267465464,0.0017485593670059,0.495089732193227,0.4973619994854,-0.000178425381415066,-1.90338957095663e-05,0.000154987843844501,0.000101356117454354,5.48360647627732e-06,4.92545049775309e-07,-4.64679130949361e-06,-3.36434528893651e-06,0.707106781186548,0,0.5,0.5,7.38546358838791,1.7729525445503,2.77657510157775,6.38184103136048,0.00713724544347612,0.00343452984008558,0.0079713270094526,0.00260044827410911
161,0.712224584965614,0.00172977229235682,0.495242398563173,0.497461672014812,-0.0001729385439826,-1.85396997170505e-05,0.000150346825979623,9.79875077802665e-05,5.31634020939348e-06,4.80936270952918e-07,-4.50616923247672e-06,-3.25265507200561e-06,0.707106781186548,0,0.5,0.5,7.44938646665967,1.80400466995207,2.84884439351388,6.40454674309788,0.00708542019733199,0.00337791179028375,0.00781892647552411,0.00264440551209163
162,0.712054305619163,0.00171147360208418,0.495390494166515,0.49755803178803,-0.000167619125221075,-1.80571343661627e-05,0.000145846250730627,9.47306141063009e-05,5.15408859694593e-06,4.69555103422194e-07,-4.36987312002248e-06,-3.14469499670025e-06,0.707106781186548,0,0.5,0.5,7.51283316527194,1.8345372846361,2.91971565302365,6.42765479688441,0.00703526757830404,0.00332305117589453,0.0076712027581275,0.00268711599607108
163,0.711889264517586,0.00169365177924878,0.495534157285159,0.497651188657225,-0.000162462102041319,-1.75859723488065e-05,0.000141481798948717,9.1581709987002e-05,4.99670703309915e-06,4.58399168146749e-07,-4.23776635668125e-06,-3.04033834860042e-06,0.707106781186548,0,0.5,0.5,7.5758190549901,1.86456651111809,2.98923178065701,6.4511537854512,0.00698673333554917,0.00326989379752363,0.00752801249597907,0.00272861463709373
164,0.711729301702976,0.00167629553304504,0.495673521950064,0.497741248811368,-0.000157462596462401,-1.71259886911346e-05,0.000137249287776277,8.8537195361842e-05,4.8440546970457e-06,4.47465991087661e-07,-4.10971681914948e-06,-2.93946285633565e-06,0.707106781186548,0,0.5,0.5,7.63835900800974,1.8941079748892,3.05743436223038,6.47503262066858,0.00693976498148722,0.00321838710707752,0.00738921669090242,0.00276893539766231
165,0.711574262024839,0.00165939379641823,0.495808718075288,0.497828314900403,-0.000152615871795824,-1.66769608512938e-05,0.000133144666172613,8.55935921336457e-05,4.69599448112693e-06,4.36753012729162e-07,-3.98559672022559e-06,-2.84195052821618e-06,0.707106781186548,0,0.5,0.5,7.70046741415703,1.92317681954406,3.12436370880599,6.49928052489512,0.00689431173485944,0.00316848015895008,0.00725468057836114,0.00280811131544838
166,0.711423995000666,0.001642935723589,0.495939871587646,0.497912486155078,-0.000147917328903495,-1.6238668807507e-05,0.000129164010594706,8.27475399090981e-05,4.55239291816355e-06,4.26257597014835e-07,-3.86528245849991e-06,-2.74768749520817e-06,0.707106781186548,0,0.5,0.5,7.76215819656667,1.95178772146298,3.19005889548819,6.52388702254148,0.00685032446556846,0.00312012356252754,0.00712427350152646,0.00284617452656956
167,0.711278354680217,0.00162691068749411,0.496067104552119,0.497993858502588,-0.000143362502530158,-1.58108951370876e-05,0.000125303520827276,7.99957918950651e-05,4.41312010824231e-06,4.15977039722018e-07,-3.74865447357873e-06,-2.65656386000671e-06,0.707106781186548,0,0.5,0.5,7.82344482685347,1.97995490405999,3.25455779906842,6.54884193184506,0.00680775564124163,0.00307326943599228,0.00699786878879642,0.00288315628843749
168,0.711137199513424,0.00161130827715251,0.496190535293168,0.498072524678204,-0.000138947057710718,-1.5393425086954e-05,0.000121559515956709,7.73352109447006e-05,4.27804964514781e-06,4.0590857631235e-07,-3.6355971066044e-06,-2.56847355196444e-06,0.707106781186548,0,0.5,0.5,7.88434033979357,2.00769215160879,3.3178971345506,6.57413535685177,0.00676655927547828,0.00302787136138718,0.00687534363471172,0.00291908700215374
169,0.711000392221859,0.00159611829496481,0.496310278512088,0.498148574333005,-0.000134666786252705,-1.49860466361735e-05,0.000117928430483586,7.47627657475484e-05,4.1470585426376e-06,3.9604938928467e-07,-3.52599846590582e-06,-2.48331418761902e-06,0.707106781186548,0,0.5,0.5,7.94485734753048,2.03501282265772,3.38011249058727,6.59975767960095,0.00672669087772711,0.00298388434093221,0.00675657898418925,0.00295399623447007
170,0.71086779967368,0.00158133075395396,0.49642644540054,0.498222094137878,-0.00013051760329394,-1.45885505510394e-05,0.000114406810568748,7.22755271581062e-05,4.02002716072357e-06,3.86396615062487e-07,-3.41975029754946e-06,-2.40098693661892e-06,0.707106781186548,0,0.5,0.5,8.00500805332098,2.0619298630454,3.44123836385692,6.62569955250948,0.0066881074047517,0.0029412647545512,0.0066414594200098,0.0029879127392931
171,0.710739292761977,0.00156693587495434,0.496539143750404,0.498293167883912,-0.000126495543935298,-1.42007304331513e-05,0.000110991310408028,6.98706646575081e-05,3.89683913211568e-06,3.76947350442188e-07,-3.31674786063412e-06,-2.32139639280346e-06,0.707106781186548,0,0.5,0.5,8.06480426483533,2.08845581852785,3.50130819241195,6.65195189095125,0.00665076721363733,0.00289997031859143,0.00652987305348523,0.00302086447874354
172,0.710614746286457,0.00155292408375592,0.496648478060055,0.498361876579316,-0.000122596759948332,-1.38223827609428e-05,0.000107678688730973,6.75454429432314e-05,3.77738128896403e-06,3.67698658624981e-07,-3.21688980713265e-06,-2.24445045024187e-06,0.707106781186548,0,0.5,0.5,8.12425740702603,2.11460284702798,3.56035438802615,6.67850586602788,0.00661463001629404,0.00285996004570746,0.00642171141823579,0.00305287864376571
173,0.710494038838372,0.00153928600821014,0.496754549637206,0.498428298542991,-0.00011881751655736,-1.34533069250788e-05,0.000104465805419028,6.52972186419174e-05,3.66154359002413e-06,3.58647574859981e-07,-3.12007806611275e-06,-2.17006018402685e-06,0.707106781186548,0,0.5,0.5,8.18337853457859,2.14038273051809,3.61840836757001,6.70535289752669,0.00657965683541059,0.00282119420588529,0.00631686936700225,0.00308398167429364
174,0.710377052688644,0.00152601247530303,0.496857456698425,0.498492509494872,-0.000115154189295538,-1.30933052581135e-05,0.000101349618238867,6.31234371406034e-05,3.54921904835293e-06,3.49791111719655e-07,-3.02621773216072e-06,-2.09813973563387e-06,0.707106781186548,0,0.5,0.5,8.24217834395796,2.16580688654565,3.67550058344156,6.73248464706207,0.0065458099618177,0.00278363428857144,0.0062152449714223,0.00311419927896684
175,0.710263673679081,0.00151309450820153,0.496957294465442,0.498554582643158,-0.000111603260934301,-1.27421830587849e-05,9.83271796866902e-05,6.10216295318468e-05,3.44030365963323e-06,3.41126264028793e-07,-2.93521695786142e-06,-2.02860620264626e-06,0.707106781186548,0,0.5,0.5,8.30066718506316,2.19088637941251,3.73166055307959,6.7598930113961,0.00651305291322137,0.00274724296589216,0.00611673942470692,0.00314355645440662
176,0.710153791116642,0.00150052332327779,0.49705415525835,0.498614588768546,-0.000108161318485482,-1.23997486112922e-05,9.53956339394671e-05,5.89894096684175e-05,3.3346963312248e-06,3.32650013464598e-07,-2.84698685017252e-06,-1.96137953269045e-06,0.707106781186548,0,0.5,0.5,8.35885507250291,2.21563193101745,3.78691688758575,6.78757011593463,0.00648135039425915,0.00271198405693027,0.00602125694713351,0.0031720775040559
177,0.71004729767065,0.00148829032711685,0.497148128585812,0.498672596305566,-0.000104825050275326,-1.20658131998925e-05,9.25522139092776e-05,5.70244713233927e-05,3.23229881200538e-06,3.2435933284985e-07,-2.76144137053676e-06,-1.89638242139823e-06,0.707106781186548,0,0.5,0.5,8.41675169650429,2.24005393137167,3.84129731948129,6.81550830839469,0.00645066825784155,0.00267782249303035,0.00592870469429072,0.00319978605658118
178,0.70994408927291,0.0014763871135115,0.497239301232376,0.498728671421134,-0.000101591243089536,-1.17401911191258e-05,8.97942383970307e-05,5.51245854516637e-05,3.13301562307502e-06,3.16251190157038e-07,-2.67849723859985e-06,-1.8335402142294e-06,0.707106781186548,0,0.5,0.5,8.47436643346629,2.26416244879661,3.89482872962336,6.84370015263956,0.00642097346774403,0.00264472428411502,0.00583899266801064,0.00322670508384841
179,0.709844065020633,0.00146480546044924,0.497327757342979,0.498782878090407,-9.84567793884503e-05,-1.14226996799615e-05,8.71191093419936e-05,5.32875975490332e-05,3.03675398939241e-06,3.0832255223324e-07,-2.59807383939257e-06,-1.77278081201455e-06,0.707106781186548,0,0.5,0.5,8.53170835616959,2.28796723981338,3.94753717330552,6.87213842267747,0.00639223406240074,0.00261265648598,0.00575203362990837,0.00325285691847236
180,0.709747127082124,0.00145353732709486,0.497413578504763,0.498835278170056,-9.54186345913564e-05,-1.11131592121495e-05,8.4524309163692e-05,5.15114251052153e-05,2.94342377238071e-06,3.00570388275564e-07,-2.52009313383826e-06,-1.71403458005407e-06,0.707106781186548,0,0.5,0.5,8.58878624365376,2.31147775873262,3.99944790556625,6.90081609682015,0.00636441911987747,0.00258158716854675,0.00566774301747428,0.00327826327094993
181,0.709653180605139,0.00144257485077245,0.497496843826265,0.498885931469023,-9.2473874428927e-05,-1.08113930630284e-05,8.20073981928837e-05,4.97940551472173e-05,2.8529374035659e-06,2.9299167305124e-07,-2.44447957247167e-06,-1.65723426064194e-06,0.707106781186548,0,0.5,0.5,8.64560859077249,2.33470316695359,4.05058540572862,6.92972635199749,0.00633749872396737,0.0025514853850385,0.00558603886263043,0.00330294524637544
182,0.709562133627867,0.00143191034395024,0.497577630014088,0.498934895816878,-8.96196523626997e-05,-1.05172275930492e-05,7.95660121884186e-05,4.81335418697072e-05,2.7652098192585e-06,2.85583389902519e-07,-2.37116001223033e-06,-1.60231488885449e-06,0.707106781186548,0,0.5,0.5,8.70218361743745,2.35765234198104,4.10097340119392,6.95886255822458,0.00631144393139918,0.00252232114207694,0.00550684171271602,0.0033269233607601
183,0.709473896992451,0.00142153629123136,0.497656011447127,0.49898222712984,-8.68532070705171e-05,-1.02304921682335e-05,7.71978599369363e-05,4.65280043491319e-05,2.68015839635285e-06,2.78342533518408e-07,-2.30006363621328e-06,-1.54921371151893e-06,0.707106781186548,0,0.5,0.5,8.75851927756062,2.38033388616789,4.15063489051108,6.98821827321745,0.00628622674009794,0.00249406537064288,0.0054300745538021,0.00335021755693871
184,0.709388384260998,0.00141144534635372,0.497732060248434,0.499027979474553,-8.41718599967664e-05,-9.951019149802e-06,7.49007209324562e-05,4.49756243384336e-05,2.59770288922364e-06,2.71266112516236e-07,-2.23112187629151e-06,-1.49787010917107e-06,0.707106781186548,0,0.5,0.5,8.81462326770514,2.40275613519219,4.19959216574348,7.01778723715388,0.00626182005848393,0.00246668989791214,0.00535566273630214,0.00337284722009394
185,0.709305511634001,0.0014016303292014,0.497805846354805,0.499072205129704,-8.15730129662871e-05,-9.67864388116574e-06,7.26724431330289e-05,4.34746441394005e-05,2.5177653677847e-06,2.64351151823816e-07,-2.16426833845536e-06,-1.44822552094858e-06,0.707106781186548,0,0.5,0.5,8.87050303545384,2.42492716627576,4.24786683415391,7.0475633675757,0.00623819767576896,0.00244016741991523,0.00528353390279666,0.00339483119288754
186,0.709225197871123,0.00139208422283036,0.497877437584159,0.499114954645536,-7.90541458607486e-05,-9.41320467248312e-06,7.05109407917318e-05,4.20233645497415e-05,2.44027015670057e-06,2.57594694879167e-07,-2.09943873080748e-06,-1.40022337225286e-06,0.707106781186548,0,0.5,0.5,8.92616578750489,2.44685480615244,4.29547983922809,7.07754075442926,0.00621533423321518,0.00241447147501172,0.00521361791801199,0.0034161877902149
187,0.709147364214265,0.00138280017051062,0.497946899700783,0.499156276901361,-7.66128143563109e-05,-9.15454278296744e-06,6.84141923593815e-05,4.06201428821373e-05,2.36514377576891e-06,2.50993805664029e-07,-2.03657079408445e-06,-1.35380900509182e-06,0.707106781186548,0,0.5,0.5,8.98161849750334,2.4685466387933,4.34245148105634,7.10771365524032,0.00619320519633563,0.00238957641816154,0.00514584680090638,0.00343693481359079
188,0.709071934312878,0.00137377147278728,0.498014296478512,0.499196219161111,-7.42466477213691e-05,-8.90250240111314e-06,6.63802384564515e-05,3.9263391052611e-05,2.2923148814999e-06,2.44545570570457e-07,-1.97560423462294e-06,-1.30892961100879e-06,0.707106781186548,0,0.5,0.5,9.03686791361701,2.49001001289596,4.3888014360927,7.13807649042029,0.00617178682799532,0.00236545739595315,0.00508015465878521,0.00345708956516325
189,0.708998834151435,0.00136499158456217,0.498079689761922,0.499234827127023,-7.19533466731547e-05,-8.65693062301066e-06,6.44071799117681e-05,3.79515737356497e-05,2.22171420987361e-06,2.38247100120715e-07,-1.91648065967727e-06,-1.26553416646096e-06,0.707106781186548,0,0.5,0.5,9.09192056586535,2.51125204914513,4.43454877631014,7.16862383870036,0.00615105616239811,0.00234209032238732,0.00501647762341217,0.00347666886137326
190,0.708927991979026,0.00135645411219809,0.498143139525587,0.499272144991507,-6.97306812919882e-05,-8.41767742889863e-06,6.24931758656461e-05,3.66832065836484e-05,2.15327452031075e-06,2.32095530535916e-07,-1.85914351500476e-06,-1.22357337059006e-06,0.707106781186548,0,0.5,0.5,9.14678277320898,2.53227964725119,4.47971198776992,7.19935043269027,0.00613099097991025,0.00231945185538212,0.00495475378902544,0.00349568904626693
191,0.708859338241012,0.00134815281064731,0.498204703931471,0.499308215487257,-6.7576488991946e-05,-8.18459565810678e-06,6.06364419352137e-05,3.54568545083016e-05,2.0869305408162e-06,2.26088025179628e-07,-1.80353802460632e-06,-1.18299958526161e-06,0.707106781186548,0,0.5,0.5,9.20146065040809,2.55309949277338,4.52430898862291,7.23025115455858,0.00611156978271442,0.00229751937398258,0.00489492315223808,0.00351416600445892
192,0.708792805512673,0.00134008158060587,0.498264439384521,0.49934307993569,-6.54886725467432e-05,-7.95754098251655e-06,5.88352484397824e-05,3.42711300216901e-05,2.02261891433194e-06,2.20221775867544e-07,-1.7496111325808e-06,-1.14376677729758e-06,0.707106781186548,0,0.5,0.5,9.25596011465682,2.57371806373411,4.56835714655964,7.2613210318313,0.00609277177125851,0.00227627095625985,0.00483692755375455,0.00353211517376381
193,0.708728328434809,0.00133223446569497,0.498322400586506,0.499376778293737,-6.34651981696023e-05,-7.73637187867558e-06,5.70879186841626e-05,3.31246916348867e-05,1.96027814628094e-06,2.14494004057624e-07,-1.69731144698936e-06,-1.1058304628224e-06,0.707106781186548,0,0.5,0.5,9.31028689200134,2.59414163703067,4.61187329572612,7.29255523330592,0.00607457682146975,0.0022556853578694,0.00478071062184215,0.00354955155749701
194,0.708665843651234,0.00132460564967107,0.498378640588174,0.499409349199073,-6.15040936458949e-05,-7.52094959868729e-06,5.53928272979258e-05,3.20162423119808e-05,1.89984855328366e-06,2.0890196192967e-07,-1.64658918565743e-06,-1.06914765362006e-06,0.707106781186548,0,0.5,0.5,9.36444652354839,2.61437629465043,4.65487375312122,7.32394906507762,0.00605696546271625,0.00223574199126332,0.00472621771752304,0.00356648973645654
195,0.708605289748111,0.00131718945366543,0.498433210839772,0.499440830013821,-5.96034465173639e-05,-7.31113813998774e-06,5.37483986286878e-05,3.09445279775273e-05,1.8412722130606e-06,2.03442933358484e-07,-1.59739612384565e-06,-1.03367680545074e-06,0.707106781186548,0,0.5,0.5,9.41844437147129,2.63442792969532,4.6973743344916,7.35549796667503,0.00603991885649026,0.00221642090552192,0.00467339588142662,0.00358294388058556
196,0.708546607195077,0.00130998033345454,0.498486161239987,0.499471256866793,-5.77614023167239e-05,-7.10680421411831e-06,5.21531051875536e-05,2.9908336075471e-05,1.78449291549689e-06,1.98114234783882e-07,-1.5496855437285e-06,-9.99377768223326e-07,0.707106781186548,0,0.5,0.5,9.47228562481999,2.65430225222156,4.73939036973911,7.38719750730247,0.00602341877578436,0.00219770276680252,0.00462219378225259,0.00359892776033429
197,0.708489738288108,0.0013029728767621,0.498537540183356,0.499500664694312,-5.59761628514573e-05,-6.90781721459852e-06,5.0605466144927e-05,2.89064941777045e-05,1.72945611485957e-06,1.92913215991499e-07,-1.50341218559091e-06,-9.66211737977259e-07,0.707106781186548,0,0.5,0.5,9.52597530514156,2.67400479490009,4.78093671785574,7.41904338218593,0.00600744758514761,0.00217956883937566,0.00457256166680683,0.00361445475771644
198,0.708434627094082,0.0012961618005936,0.498587394606198,0.49952908727967,-5.42459845356401e-05,-6.71404918399002e-06,4.91040458749762e-05,2.79378686404624e-05,1.67610888316358e-06,1.87837260799562e-07,-1.45853220070811e-06,-9.34141210587491e-07,0.707106781186548,0,0.5,0.5,9.57951827191734,2.69354091850302,4.82202778140026,7.45103140902012,0.00599198822138809,0.00216200096723794,0.00452445131154974,0.00362953787707628
199,0.708381219396978,0.00128954194860416,0.498635770031112,0.499556557291258,-5.25691767686325e-05,-6.52537478024709e-06,4.764745254708e-05,2.7001363306838e-05,1.62439986465812e-06,1.82883787668605e-07,-1.41500310581942e-06,-9.03129937133032e-07,0.707106781186548,0,0.5,0.5,9.6329192278227,2.71291581722168,4.86267752053054,7.48315752451386,0.00597702417491384,0.00214498155628232,0.00447781597563064,0.00364418975556552
200,0.708329462645679,0.00128310828850035,0.498682710610093,0.499583106319433,-5.09441003594987e-05,-6.34167124243222e-06,4.62343367626704e-05,2.60959182537713e-05,1.57427923143896e-06,1.78050250226608e-07,-1.37278373916521e-06,-8.7314288086625e-07,0.707106781186548,0,0.5,0.5,9.68618272381533,2.73213452382097,4.90289946660516,7.51541778103117,0.00596253947167867,0.00212849355700989,0.00443261035534459,0.00365842267334396
