0,0,0,0,0
0.0139817062490611,1.52433601989593e-15,7.94673298745212e-16,1.52433601989593e-15,7.94673298745212e-16
0.0838902374943663,1.967548124272e-12,1.01718053155869e-12,1.967548124272e-12,1.01718053155869e-12
0.433432893720893,1.33158827141637e-09,5.84055345777382e-10,1.33158827141637e-09,5.84055345777382e-10
2.18114617485352,5.82820923361785e-07,4.89709097334976e-08,5.82820923361785e-07,4.89709097334976e-08
3.42542959473781,8.47481678679908e-06,1.60489169901223e-05,8.47481678679908e-06,1.60489169901223e-05
4.33763989568507,4.29293618953264e-05,0.000128988864351931,4.29293618953264e-05,0.000128988864351931
5.24985019663233,0.000260166323783112,0.000681590481051231,0.000260166323783112,0.000681590481051231
5.99030532633388,0.000457741607415418,0.00125972150769965,0.000457741607415418,0.00125972150769965
6.58600635587921,0.000482103583067153,0.00126896336839953,0.000482103583067153,0.00126896336839953
7.1375942697973,0.000203563106380914,0.00058081382468102,0.000203563106380914,0.00058081382468102
7.66273876895679,0.000234186065335791,0.000671585142705479,0.000234186065335791,0.000671585142705479
8.18788326811629,0.00062025625418727,0.0016303597311555,0.00062025625418727,0.0016303597311555
8.67158867855877,0.000540023949230088,0.00150238846433456,0.000540023949230088,0.00150238846433456
9.15136620024523,3.73078392474902e-05,4.53051343713641e-05,3.73078392474902e-05,4.53051343713641e-05
9.75822925689891,0.000365623221543506,0.000928243042924201,0.000365623221543506,0.000928243042924201
10.2482646662913,0.000769103749824512,0.00214024427372987,0.000769103749824512,0.00214024427372987
10.7117028218555,0.000551644548794193,0.00141344467070734,0.000551644548794193,0.00141344467070734
11.1794400022844,0.000268909394701351,0.000650393490842272,0.000268909394701351,0.000650393490842272
11.6320556255395,0.000751603458926404,0.00210951834301183,0.000751603458926404,0.00210951834301183
12.0846712487946,0.000496001481808818,0.00124731278888954,0.000496001481808818,0.00124731278888954
12.5554819475434,0.00031543174666173,0.000759984680797129,0.00031543174666173,0.000759984680797129
13.0080965036455,0.000734262695179827,0.00207817644644487,0.000734262695179827,0.00207817644644487
13.4607110597476,0.0004500095854222,0.00110747187132279,0.0004500095854222,0.00110747187132279
13.9373724311178,0.000341854422407695,0.000814708765052235,0.000341854422407695,0.000814708765052235
14.3905917992062,0.000715432841084045,0.00204454377453754,0.000715432841084045,0.00204454377453754
14.8438111672947,0.000427506245416136,0.00102863291999946,0.000427506245416136,0.00102863291999946
15.3246189293387,0.000352522117132237,0.000824276536447681,0.000352522117132237,0.000824276536447681
15.7787943843733,0.000696965068623969,0.00201452140155781,0.000696965068623969,0.00201452140155781
16.2329698394079,0.000424974622984161,0.00100170327165145,0.000424974622984161,0.00100170327165145
16.7160291872819,0.000351401501969271,0.0008011023437529,0.000351401501969271,0.0008011023437529
17.171396340729,0.000679768257262519,0.00198798172253671,0.000679768257262519,0.00198798172253671
17.6267634941762,0.000436408546392118,0.00101326541441712,0.000436408546392118,0.00101326541441712
18.1105091871895,0.000341158744853297,0.000754675923160132,0.000341158744853297,0.000754675923160132
18.5672801325952,0.000663463640758328,0.00196257945003275,0.000663463640758328,0.00196257945003275
19.024051078001,0.000457559889057718,0.00105189341686434,0.000457559889057718,0.00105189341686434
19.5073759750181,0.000324129861398582,0.000690010792295257,0.000324129861398582,0.000690010792295257
19.9657872531513,0.00064639454140752,0.00193597454136777,0.00064639454140752,0.00193597454136777
20.4241985312846,0.000486553760355421,0.00111011404316355,0.000486553760355421,0.00111011404316355
20.9063580732474,0.000301638050410885,0.000608650191930534,0.000301638050410885,0.000608650191930534
21.3667052402557,0.000627223907419462,0.0019056580291833,0.000627223907419462,0.0019056580291833
21.8270524072639,0.000522040439150427,0.00118440429138687,0.000522040439150427,0.00118440429138687
22.3075314067342,0.000272889753096785,0.000509812973200208,0.000272889753096785,0.000509812973200208
22.7702128121591,0.00060551213083731,0.00186823293778615,0.00060551213083731,0.00186823293778615
23.2328942175841,0.00056285599984482,0.00127414978069157,0.00056285599984482,0.00127414978069157
23.7113078166003,0.000235825516027989,0.000390106297802451,0.000235825516027989,0.000390106297802451
24.1768991827045,0.000579976705703512,0.00181895034981093,0.000579976705703512,0.00181895034981093
24.6424905488086,0.000609308170655858,0.00138031845106334,0.000609308170655858,0.00138031845106334
25.1185284668204,0.000188104723810769,0.000242142956564725,0.000188104723810769,0.000242142956564725
25.5879291314331,0.000547021004156233,0.00175005334847107,0.000547021004156233,0.00175005334847107
26.0573297960458,0.000662953667331048,0.00150486219604598,0.000662953667331048,0.00150486219604598
26.5307448312803,0.00012542116283454,5.23515788754478e-05,0.00012542116283454,5.23515788754478e-05
27.0094380032075,0.000495609971191321,0.00163305961692934,0.000495609971191321,0.00163305961692934
27.4881311751347,0.000738625259087794,0.00168772688380941,0.000738625259087794,0.00168772688380941
27.9581430881519,1.52434264029147e-05,0.000265990486182705,1.52434264029147e-05,0.000265990486182705
28.5116122857303,0.000282952157971528,0.00108256818867731,0.000282952157971528,0.00108256818867731
29.0181941794959,0.000878726644191263,0.00204546029904595,0.000878726644191263,0.00204546029904595
29.4809750975546,0.00039128908544979,0.00138317783076218,0.00039128908544979,0.00138317783076218
29.9522029983723,0.000125393914657131,0.000677176837174207,0.000125393914657131,0.000677176837174207
30.4068551662829,0.00087222407926508,0.00200970057860485,0.00087222407926508,0.00200970057860485
30.8615073341935,0.000348457929022453,0.00128583670286645,0.000348457929022453,0.00128583670286645
31.334515004277,0.000139937822014137,0.000734787809953442,0.000139937822014137,0.000734787809953442
31.7896960711077,0.000866983584687693,0.0019765963901897,0.000866983584687693,0.0019765963901897
32.2448771379383,0.000314295748288963,0.00121296744735797,0.000314295748288963,0.00121296744735797
32.7216185233429,0.000138662124218634,0.000750801139207442,0.000138662124218634,0.000750801139207442
33.1777603703184,0.000861628225708987,0.0019426317696807,0.000861628225708987,0.0019426317696807
33.6339022172939,0.00029746807854953,0.00118684610089604,0.00029746807854953,0.00118684610089604
34.1128748797041,0.000125108716284555,0.000732945555380645,0.000125108716284555,0.000732945555380645
34.5703064017677,0.000855975723152784,0.0019093085927349,0.000855975723152784,0.0019093085927349
35.0277379238312,0.000295370230006649,0.00119873675755235,0.000295370230006649,0.00119873675755235
35.5075546213472,0.000102142910012165,0.00068798536147705,0.000102142910012165,0.00068798536147705
35.9665811651774,0.00084952964864899,0.00187529287125215,0.00084952964864899,0.00187529287125215
36.4256077090075,0.000304545572547072,0.00124021838696966,0.000304545572547072,0.00124021838696966
36.9051711693991,7.07244434258178e-05,0.000620098245407258,7.07244434258178e-05,0.000620098245407258
37.3661377840737,0.000841919628221805,0.00183775483487167,0.000841919628221805,0.00183775483487167
37.8271043987483,0.000322253516729424,0.00130548152015614,0.000322253516729424,0.00130548152015614
38.3056032841838,3.08232175066884e-05,0.000530087962037384,3.08232175066884e-05,0.000530087962037384
38.7689568657987,0.000831808277524264,0.00179309224577931,0.000831808277524264,0.00179309224577931
39.2323104474135,0.000347653452188876,0.00139136608999422,0.000347653452188876,0.00139136608999422
39.7091466327228,1.80883395282029e-05,0.000414955762599699,1.80883395282029e-05,0.000414955762599699
40.17552725101,0.000816605412601237,0.00173614712911211,0.000816605412601237,0.00173614712911211
40.6419078692971,0.000381068364134806,0.00149714338863748,0.000381068364134806,0.00149714338863748
41.1166291667382,7.84019520856261e-05,0.000267289000566699,7.84019520856261e-05,0.000267289000566699
41.587044008297,0.000792806999580992,0.00165757895789173,0.000792806999580992,0.00165757895789173
42.0574588498558,0.000422678575529345,0.0016240984991829,0.000422678575529345,0.0016240984991829
42.5297343845167,0.000155998120636607,7.26648926290851e-05,0.000155998120636607,7.26648926290851e-05
43.128487593083,0.000571705713210263,0.00104681945743109,0.000571705713210263,0.00104681945743109
43.6119519804755,0.000657791772235238,0.00227607231347156,0.000657791772235238,0.00227607231347156
44.0706887449954,0.000635420773367774,0.00120365785412846,0.000635420773367774,0.00120365785412846
44.5408084338314,0.000502121714957965,0.000844498596952555,0.000502121714957965,0.000844498596952555
44.9884248787766,0.000636968994652519,0.0022338965335814,0.000636968994652519,0.0022338965335814
45.4360413237219,0.000549438338080169,0.000958174615186865,0.000549438338080169,0.000958174615186865
45.911842007785,0.00056069658876333,0.000989229113666339,0.00056069658876333,0.000989229113666339
46.3597095429884,0.000611979154398402,0.00217871419758884,0.000611979154398402,0.00217871419758884
46.8075770781918,0.000484343977470193,0.000770695029698927,0.000484343977470193,0.000770695029698927
47.2922742490517,0.000588024989168037,0.00105116883996936,0.000588024989168037,0.00105116883996936
47.7447771355258,0.000593805294161339,0.00214114205701922,0.000593805294161339,0.00214114205701922
48.197280022,0.000481741069353675,0.000752200146041661,0.000481741069353675,0.000752200146041661
48.68605603263,0.000577041433440047,0.00100990924543766,0.000577041433440047,0.00100990924543766
49.1400123129673,0.000582599904797067,0.00212275470457724,0.000582599904797067,0.00212275470457724
49.5939685933046,0.000502536244586002,0.00079650781818517,0.000502536244586002,0.00079650781818517
50.0820243858577,0.000559843392018068,0.000951851253014554,0.000559843392018068,0.000951851253014554
50.5362060763339,0.000571495566745918,0.00210430651495577,0.000571495566745918,0.00210430651495577
50.9903877668101,0.000521546658092169,0.000836842960580622,0.000521546658092169,0.000836842960580622
51.4773093538822,0.000544137367296363,0.000899135403053406,0.000544137367296363,0.000899135403053406
51.9315808091466,0.000559919036484424,0.00208294336541559,0.000559919036484424,0.00208294336541559
52.385852264411,0.000536338667583997,0.000867519076762044,0.000536338667583997,0.000867519076762044
52.8720891520283,0.000529472949033491,0.000850765742821991,0.000529472949033491,0.000850765742821991
53.3264962317807,0.000548158072046513,0.00205988616447475,0.000548158072046513,0.00205988616447475
53.7809033115332,0.000549095375995846,0.000893447392095062,0.000549095375995846,0.000893447392095062
54.2667280806893,0.000515277193594971,0.000803936967463931,0.000515277193594971,0.000803936967463931
54.7214076856209,0.000536100339994621,0.00203604461842104,0.000536100339994621,0.00203604461842104
55.1760872905525,0.00056184289849712,0.000919240514931761,0.00056184289849712,0.000919240514931761
55.6615816633607,0.000500625977836574,0.00075591333552557,0.000500625977836574,0.00075591333552557
56.1176301428222,0.000524101995954848,0.00201202412613268,0.000524101995954848,0.00201202412613268
56.5736786222837,0.000581042536936909,0.000963215802243475,0.000581042536936909,0.000963215802243475
57.0585044626992,0.000479713881933483,0.000692238946259165,0.000479713881933483,0.000692238946259165
57.5161156694905,0.000512178108955246,0.00198671078226325,0.000512178108955246,0.00198671078226325
57.9737268762818,0.000605979648235833,0.00102430414870379,0.000605979648235833,0.00102430414870379
58.4572368603963,0.000453066653840666,0.00061462043310224,0.000453066653840666,0.00061462043310224
58.9166684205039,0.000499363303888129,0.00195780236972022,0.000499363303888129,0.00195780236972022
59.3760999806116,0.000635807156119336,0.00109940853219926,0.000635807156119336,0.00109940853219926
59.8578573298841,0.00042071234020257,0.000522010162888057,0.00042071234020257,0.000522010162888057
60.3194521192409,0.000484334701004439,0.00192285154310032,0.000484334701004439,0.00192285154310032
60.7810469085976,0.000670579121069888,0.00118784630505094,0.000670579121069888,0.00118784630505094
61.2607207518277,0.000381600719110641,0.000411265300706775,0.000381600719110641,0.000411265300706775
61.724963666473,0.000465824818536706,0.00187818237828029,0.000465824818536706,0.00187818237828029
62.1892065811182,0.000710433482595443,0.00129075982773788,0.000710433482595443,0.00129075982773788
62.6665201103627,0.000333188559025227,0.000276588053183561,0.000333188559025227,0.000276588053183561
63.1341457459624,0.000441915046593546,0.0018175555757297,0.000441915046593546,0.0018175555757297
63.6017713815621,0.000755939669691784,0.00141050981005252,0.000755939669691784,0.00141050981005252
64.0764860216495,0.000271467029047548,0.000107484925886036,0.000271467029047548,0.000107484925886036
64.5487059279451,0.000408207080990126,0.00172936149217025,0.000408207080990126,0.00172936149217025
65.0209258342407,0.00080834163107742,0.00154975314468929,0.00080834163107742,0.00154975314468929
65.4928743856723,0.0001896131939396,0.000115464949069844,0.0001896131939396,0.000115464949069844
66.0767456122613,0.00018653601981196,0.00113548330669729,0.00018653601981196,0.00113548330669729
66.5669614112368,0.00101143754390257,0.00209648749100782,0.00101143754390257,0.00209648749100782
67.027803569626,0.00026339274735763,0.00133928501275181,0.00026339274735763,0.00133928501275181
67.499327372048,8.26446786903034e-05,0.000857373120104245,8.26446786903034e-05,0.000857373120104245
67.9498971431623,0.000998335337402745,0.00205971372268407,0.000998335337402745,0.00205971372268407
68.4004669142766,0.000199682021394212,0.00116832891621187,0.000199682021394212,0.00116832891621187
68.8754432267239,0.000121508097548923,0.000962416688287415,0.000121508097548923,0.000962416688287415
69.3263103569735,0.000982951875842164,0.00201808704897499,0.000982951875842164,0.00201808704897499
69.7771774872231,0.00014998268741382,0.00103394625201417,0.00014998268741382,0.00103394625201417
70.258507525509,0.000138024688708329,0.00100627512283237,0.000138024688708329,0.00100627512283237
70.7101219751918,0.000968911179176343,0.00198084240477549,0.000968911179176343,0.00198084240477549
71.1617364248745,0.000126574141388856,0.000970122153504372,0.000126574141388856,0.000970122153504372
71.6470382192328,0.00013852661464194,0.00100685141205138,0.00013852661464194,0.00100685141205138
72.1012129267703,0.000958239366778257,0.00195285054935757,0.000958239366778257,0.00195285054935757
72.5553876343077,0.000132640306178372,0.000985632505632459,0.000132640306178372,0.000985632505632459
73.0419431378909,0.000121054983239245,0.000958604495967894,0.000121054983239245,0.000958604495967894
73.4967400143687,0.00094911959918655,0.00192979770553696,0.00094911959918655,0.00192979770553696
73.9515368908465,0.000146520550856229,0.00102123189597045,0.000146520550856229,0.00102123189597045
74.4374773221016,0.000102284930433853,0.000905654016805134,0.000102284930433853,0.000905654016805134
74.8926893871524,0.000939231984237602,0.00190595019043728,0.000939231984237602,0.00190595019043728
75.3479014522032,0.000160850333644085,0.00105685667196408,0.000160850333644085,0.00105685667196408
75.8331507629938,8.35519667883889e-05,0.000851844085922019,8.35519667883889e-05,0.000851844085922019
76.2898079585156,0.000928749011195558,0.00188118212315997,0.000928749011195558,0.00188118212315997
76.7464651540374,0.000181149990229291,0.00110820264942869,0.000181149990229291,0.00110820264942869
77.2307750692633,5.93103175172214e-05,0.000783032702322906,5.93103175172214e-05,0.000783032702322906
77.6890909638394,0.000917470430935283,0.00185436501431938,0.000917470430935283,0.00185436501431938
78.1474068584156,0.000207264707539836,0.0011751125838659,0.000207264707539836,0.0011751125838659
78.6302197949205,2.98699601971703e-05,0.00069988759037481,2.98699601971703e-05,0.00069988759037481
79.0904819963433,0.00090434755713124,0.00182318225104511,0.00090434755713124,0.00182318225104511
79.5507441977662,0.000238690785469237,0.00125550976232983,0.000238690785469237,0.00125550976232983
80.0316698738788,5.17741952976191e-06,0.000600573305942346,5.17741952976191e-06,0.000600573305942346
80.4942702850045,0.000888122264569582,0.00178479556114281,0.000888122264569582,0.00178479556114281
80.9568706961302,0.000275536889877435,0.00134946525550611,0.000275536889877435,0.00134946525550611
81.4356011756877,4.74105312157162e-05,0.000481005815234412,4.74105312157162e-05,0.000481005815234412
81.9011088015014,0.000867318925541446,0.00173471899738985,0.000867318925541446,0.00173471899738985
82.3666164273152,0.000318143586737747,0.00145863008927515,0.000318143586737747,0.00145863008927515
82.8428883140392,9.9844202105901e-05,0.000333797090600865,9.9844202105901e-05,0.000333797090600865
83.3121931741587,0.000839218301362518,0.00166505561085173,0.000839218301362518,0.00166505561085173
83.7814980342782,0.000367378244278992,0.00158562681214617,0.000367378244278992,0.00158562681214617
84.2550924109409,0.000167399542625255,0.00014555951269018,0.000167399542625255,0.00014555951269018
84.733263241214,0.000793644445898397,0.00154889216466161,0.000793644445898397,0.00154889216466161
85.2114340714871,0.00043701617371153,0.00176699620997724,0.00043701617371153,0.00176699620997724
85.6816492382566,0.000279641794747414,0.000164151739082261,0.000279641794747414,0.000164151739082261
86.2371593367674,0.000584386059326413,0.000993594833990614,0.000584386059326413,0.000993594833990614
86.7425165647839,0.000576968586547952,0.00213759367798616,0.000576968586547952,0.00213759367798616
87.205283782384,0.000692915938494934,0.0012871307201438,0.000692915938494934,0.0012871307201438
87.6766742531475,0.00043329287180998,0.000594519158196497,0.00043329287180998,0.000594519158196497
88.1311567885047,0.000566924147681568,0.00210279486543051,0.000566924147681568,0.00210279486543051
88.5856393238618,0.000653118666638587,0.00118741419896557,0.000653118666638587,0.00118741419896557
89.0587990157967,0.000451919995564719,0.00065227066392481,0.000451919995564719,0.00065227066392481
89.5138047742622,0.000557855055574706,0.00207056452882591,0.000557855055574706,0.00207056452882591
89.9688105327276,0.000622232916129654,0.00111195572842676,0.000622232916129654,0.00111195572842676
90.4457713436002,0.000454742306068915,0.000667886438353003,0.000454742306068915,0.000667886438353003
90.9017293637138,0.000548765850305931,0.00203769081316233,0.000548765850305931,0.00203769081316233
91.3576873838274,0.000608627744542472,0.00108391941454384,0.000608627744542472,0.00108391941454384
91.8369201933455,0.000444702400138359,0.000649675836302448,0.000444702400138359,0.000649675836302448
92.2941538420078,0.000540172511986059,0.00200545882467145,0.000540172511986059,0.00200545882467145
92.7513874906701,0.000609096604869358,0.00109443393839977,0.000609096604869358,0.00109443393839977
93.2314849015384,0.00042460615608949,0.000604706373725842,0.00042460615608949,0.000604706373725842
93.6902916560032,0.000531377000635753,0.00197260541711768,0.000531377000635753,0.00197260541711768
94.149098410468,0.000620577437898525,0.00113462269347327,0.000620577437898525,0.00113462269347327
94.6289531609554,0.000396150279355566,0.000537101238075772,0.000396150279355566,0.000537101238075772
95.0896671377196,0.000521368574552403,0.00193657557387569,0.000521368574552403,0.00193657557387569
95.5503811144838,0.000640736517065499,0.00119831897497059,0.000640736517065499,0.00119831897497059
96.0291794531829,0.000359537480128876,0.000447796447402037,0.000359537480128876,0.000447796447402037
96.4922308439415,0.000509031556989785,0.0018938195855019,0.000509031556989785,0.0018938195855019
96.9552822347001,0.000668220195972426,0.00128241713603855,0.000668220195972426,0.00128241713603855
97.4324272401218,0.000313702903442275,0.00033430189977518,0.000313702903442275,0.00033430189977518
97.8984278127957,0.000492516011548736,0.00183922036789586,0.000492516011548736,0.00183922036789586
98.3644283854696,0.000702845947589576,0.00138627739424887,0.000702845947589576,0.00138627739424887
98.8394690654527,0.000256255179945536,0.000189750559132169,0.000256255179945536,0.000189750559132169
99.3093727251295,0.00046839687004184,0.00176411303369907,0.00046839687004184,0.00176411303369907
99.7792763848063,0.000745226138604953,0.00151100555888366,0.000745226138604953,0.00151100555888366
100.251877967978,0.000182273142423032,4.48233616667792e-07,0.000182273142423032,4.48233616667792e-07
100.733223985738,0.000422727578721096,0.00163110303495797,0.000422727578721096,0.00163110303495797
101.214570003498,0.000815878889442446,0.00171227621267186,0.000815878889442446,0.00171227621267186
101.68361268099,4.72936767914861e-05,0.000353048486933391,4.72936767914861e-05,0.000353048486933391
102.227295313084,0.000227024305364732,0.00109332644186941,0.000227024305364732,0.00109332644186941
102.740579801504,0.000924226576549359,0.00201742949522448,0.000924226576549359,0.00201742949522448
103.203333742401,0.000359420510432074,0.00143836630270625,0.000359420510432074,0.00143836630270625
103.673307815986,6.52401477864738e-05,0.00064627135339792,6.52401477864738e-05,0.00064627135339792
104.128784765351,0.00090826086679146,0.00198512025401541,0.00090826086679146,0.00198512025401541
104.584261714715,0.000327682859844371,0.00134212452288884,0.000327682859844371,0.00134212452288884
105.056179049678,8.80316792644331e-05,0.00069709817870844,8.80316792644331e-05,0.00069709817870844
105.512191137159,0.000893702214391843,0.0019561990294018,0.000893702214391843,0.0019561990294018
105.968203224639,0.000305197050816969,0.00127116625030161,0.000305197050816969,0.00127116625030161
106.443589024163,9.59592616454527e-05,0.00070810353298946,9.59592616454527e-05,0.00070810353298946
106.900590436829,0.000878413060992541,0.00192529763345798,0.000878413060992541,0.00192529763345798
107.357591849494,0.000299114140794221,0.00124434862008507,0.000299114140794221,0.00124434862008507
107.835077686829,9.15406825368506e-05,0.000685555818273337,9.15406825368506e-05,0.000685555818273337
108.293429900567,0.000862687356691957,0.00189367677525556,0.000862687356691957,0.00189367677525556
108.751782114305,0.000306987719164214,0.00125475820696135,0.000306987719164214,0.00125475820696135
109.230070001828,7.69091001395022e-05,0.000635150072141111,7.69091001395022e-05,0.000635150072141111
109.690121353818,0.000846125997232664,0.00186003368400675,0.000846125997232664,0.00186003368400675
110.150172705809,0.000325988723158584,0.00129520094180354,0.000325988723158584,0.00129520094180354
110.628201961267,5.30324196723135e-05,0.000560039196682752,5.30324196723135e-05,0.000560039196682752
111.090356218184,0.00082786238451882,0.0018215035992867,0.00082786238451882,0.0018215035992867
111.552510475102,0.000354068195984732,0.00136052665139493,0.000354068195984732,0.00136052665139493
112.029471309684,1.97830734666181e-05,0.000459997459763055,1.97830734666181e-05,0.000459997459763055
112.494265651663,0.000806260455932921,0.00177381414907562,0.000806260455932921,0.00177381414907562
112.959059993643,0.000390394411483153,0.00144814301381191,0.000390394411483153,0.00144814301381191
113.434341885572,2.4253878301774e-05,0.000330730537843549,2.4253878301774e-05,0.000330730537843549
113.902572377735,0.00077858009151479,0.00171004500636302,0.00077858009151479,0.00171004500636302
114.370802869897,0.000434984784271805,0.00155778600373898,0.000434984784271805,0.00155778600373898
114.843946654024,8.2736179461563e-05,0.000162277936649676,8.2736179461563e-05,0.000162277936649676
115.318903028277,0.000737812519976425,0.00161119201739495,0.000737812519976425,0.00161119201739495
115.793859402531,0.000495599846047371,0.00171078023010941,0.000495599846047371,0.00171078023010941
116.264220448132,0.000174705077967024,9.62534129294488e-05,0.000174705077967024,9.62534129294488e-05
116.831617727219,0.000523249363142008,0.00104493449282655,0.000523249363142008,0.00104493449282655
117.3285003505,0.000665844044197732,0.00216023759640697,0.000665844044197732,0.00216023759640697
117.789992014774,0.000598801316401596,0.00125085091416268,0.000598801316401596,0.00125085091416268
118.262144618215,0.000395579735556499,0.000711159251987935,0.000395579735556499,0.000711159251987935
118.71426635682,0.000656220243489036,0.0021243645573378,0.000656220243489036,0.0021243645573378
119.166388095425,0.000545050459455331,0.0011157120256407,0.000545050459455331,0.0011157120256407
119.641114541652,0.000422611677147424,0.000793823388849563,0.000422611677147424,0.000793823388849563
120.09363881116,0.000646068538586388,0.0020869267405594,0.000646068538586388,0.0020869267405594
120.546163080668,0.000502454973352422,0.0010107818489707,0.000502454973352422,0.0010107818489707
121.026013810224,0.000430489278683591,0.000824909371448445,0.000430489278683591,0.000824909371448445
121.479359936529,0.000636739468241616,0.00205188798429473,0.000636739468241616,0.00205188798429473
121.932706062834,0.000481841276485159,0.000964922407796397,0.000481841276485159,0.000964922407796397
122.415685732608,0.000424349457411748,0.000817874340155429,0.000424349457411748,0.000817874340155429
122.87011021945,0.000628936606647669,0.00202143838167281,0.000628936606647669,0.00202143838167281
123.324534706292,0.000478040219243755,0.000964015101190606,0.000478040219243755,0.000964015101190606
123.808838715003,0.00040844124408855,0.000784186823848947,0.00040844124408855,0.000784186823848947
124.264541362227,0.000622087018187524,0.00199382755215632,0.000622087018187524,0.00199382755215632
124.720244009451,0.000485873899238904,0.000994391439256667,0.000485873899238904,0.000994391439256667
125.204550466083,0.000385332094520528,0.000731091463187705,0.000385332094520528,0.000731091463187705
125.661737097131,0.000615305158088063,0.00196638869207616,0.000615305158088063,0.00196638869207616
126.118923728179,0.000501811876707294,0.00104666448661967,0.000501811876707294,0.00104666448661967
126.602350586128,0.000356279489859439,0.000661928784068589,0.000356279489859439,0.000661928784068589
127.061266700924,0.000607583164317959,0.00193660432364665,0.000607583164317959,0.00193660432364665
127.520182815719,0.00052404927204918,0.00111565171794551,0.00052404927204918,0.00111565171794551
128.002141408517,0.000321555921395038,0.00057708264614336,0.000321555921395038,0.00057708264614336
128.463104671755,0.000597855998326751,0.00190189355051171,0.000597855998326751,0.00190189355051171
128.924067934993,0.000551881062616603,0.00119928972329153,0.000551881062616603,0.00119928972329153
129.404138560665,0.000280406865532903,0.000474524142544849,0.000280406865532903,0.000474524142544849
129.867587989464,0.000584932361880176,0.00185888104658359,0.000584932361880176,0.00185888104658359
130.331037418263,0.000585249847214082,0.00129770898601482,0.000585249847214082,0.00129770898601482
130.80889138509,0.00023096461317188,0.000349530847436539,0.00023096461317188,0.000349530847436539
131.275476752965,0.000566940183091831,0.00180225748404321,0.000566940183091831,0.00180225748404321
131.74206212084,0.000624710673916228,0.0014125701502707,0.000624710673916228,0.0014125701502707
132.217425302926,0.000169968657054566,0.000193299546367027,0.000169968657054566,0.000193299546367027
132.688189327307,0.000540251679649749,0.00172241405863956,0.000540251679649749,0.00172241405863956
133.158953351689,0.000671294290043392,0.00154640576195193,0.000671294290043392,0.00154640576195193
133.631615494421,9.15556970226128e-05,1.0289301031389e-05,9.15556970226128e-05,1.0289301031389e-05
134.229977103949,0.000315358357543827,0.00110924638487162,0.000315358357543827,0.00110924638487162
134.714259370096,0.000906470036408981,0.00219034151012213,0.000906470036408981,0.00219034151012213
135.173460199663,0.000386189306160795,0.00129040107916148,0.000386189306160795,0.00129040107916148
135.643565947497,0.000239482189043316,0.000897495661581619,0.000239482189043316,0.000897495661581619
136.091701561488,0.000888654591770178,0.0021492446680035,0.000888654591770178,0.0021492446680035
136.539837175478,0.000302120040624514,0.00105660825112033,0.000302120040624514,0.00105660825112033
137.015248448576,0.000294237843933815,0.0010379205819695,0.000294237843933815,0.0010379205819695
137.463609595139,0.000866605763591986,0.00209654053068866,0.000866605763591986,0.00209654053068866
137.911970741701,0.000237778331399358,0.000876205951560528,0.000237778331399358,0.000876205951560528
138.395873812973,0.000319490192088414,0.00109910046883697,0.000319490192088414,0.00109910046883697
138.848263794416,0.000849950934020856,0.0020582337670862,0.000849950934020856,0.0020582337670862
139.300653775859,0.000229976381691441,0.000848674026809718,0.000229976381691441,0.000848674026809718
139.788696629284,0.000309417671468562,0.0010655430391783,0.000309417671468562,0.0010655430391783
140.242716807471,0.000839820131810513,0.00203724291739108,0.000839820131810513,0.00203724291739108
140.696736985659,0.000246658357317765,0.000887518278883594,0.000246658357317765,0.000887518278883594
141.184463274406,0.000290943149631167,0.00100961439122347,0.000290943149631167,0.00100961439122347
141.63877294165,0.000830205250599687,0.0020174852402429,0.000830205250599687,0.0020174852402429
142.093082608893,0.000263580828287985,0.000927128909052394,0.000263580828287985,0.000927128909052394
142.57978064189,0.000273732662667708,0.000957180552901405,0.000273732662667708,0.000957180552901405
143.034143431479,0.000819747235726326,0.00199532844475458,0.000819747235726326,0.00199532844475458
143.488506221068,0.000276919788898655,0.00095725553361351,0.000276919788898655,0.00095725553361351
143.974553066234,0.000258114908722354,0.000909306105413655,0.000258114908722354,0.000909306105413655
144.429001995789,0.000808841499535188,0.00197160027737009,0.000808841499535188,0.00197160027737009
144.883450925345,0.000288140556154253,0.0009820911336882,0.000288140556154253,0.0009820911336882
145.369134589556,0.000243076954626344,0.00086343941359098,0.000243076954626344,0.00086343941359098
145.824371913301,0.0007979064839715,0.00194737336515499,0.0007979064839715,0.00194737336515499
146.279609237047,0.000302472672571501,0.00101568536041946,0.000302472672571501,0.00101568536041946
146.764854028882,0.000224826199076319,0.000809191863093136,0.000224826199076319,0.000809191863093136
147.221534939003,0.000786883965268626,0.00192274122635979,0.000786883965268626,0.00192274122635979
147.678215849125,0.000323366498620485,0.00106710556676789,0.000323366498620485,0.00106710556676789
148.162511368775,0.000201016616188249,0.000740056953954728,0.000201016616188249,0.000740056953954728
148.62085475022,0.000775118384778066,0.00189602456732003,0.000775118384778066,0.00189602456732003
149.079198131664,0.000349955907714565,0.0011340527721038,0.000349955907714565,0.0011340527721038
149.561991985267,0.00017181234496344,0.000656619237712141,0.00017181234496344,0.000656619237712141
150.022286503502,0.000761797172999998,0.00186482030801403,0.000761797172999998,0.00186482030801403
150.482581021738,0.000381448632631014,0.00121461607648571,0.000381448632631014,0.00121461607648571
150.963483963293,0.000136501335780094,0.000557127494816633,0.000136501335780094,0.000557127494816633
151.426123333029,0.000745862387251937,0.00182620018543668,0.000745862387251937,0.00182620018543668
151.888762702765,0.000417897245182685,0.00130890881932092,0.000417897245182685,0.00130890881932092
152.367467291434,9.3595058743271e-05,0.000437424871777331,9.3595058743271e-05,0.000437424871777331
152.833023659128,0.000725591594453245,0.00177573467776658,0.000725591594453245,0.00177573467776658
153.298580026823,0.000459956379723782,0.00141848308177346,0.000459956379723782,0.00141848308177346
153.774823196829,4.03580879912461e-05,0.00028995576093838,4.03580879912461e-05,0.00028995576093838
154.244192487484,0.000698022610383553,0.0017055393284589,0.000698022610383553,0.0017055393284589
154.713561778139,0.000508578187144097,0.00154594006009621,0.000508578187144097,0.00154594006009621
155.187125335405,2.82458433607899e-05,0.000101253885309674,2.82458433607899e-05,0.000101253885309674
155.66554831726,0.000652918413064077,0.00158789593111168,0.000652918413064077,0.00158789593111168
156.143971299116,0.000577763520855751,0.00172931249227742,0.000577763520855751,0.00172931249227742
156.61413075847,0.000143079101290085,0.000211761954566069,0.000143079101290085,0.000211761954566069
157.168724571973,0.000445592162511658,0.00103342191223056,0.000445592162511658,0.00103342191223056
157.67471054012,0.000714036444663865,0.00209481188656388,0.000714036444663865,0.00209481188656388
158.137521776421,0.000557016240960298,0.00133151566011515,0.000557016240960298,0.00133151566011515
158.608834198558,0.000294591361122984,0.00062974616334021,0.000294591361122984,0.00062974616334021
159.063442490003,0.000702423637908078,0.00206048436700978,0.000702423637908078,0.00206048436700978
159.518050781448,0.000519282656855024,0.00123269243351219,0.000519282656855024,0.00123269243351219
159.991117259989,0.000314398781192901,0.000685963642120273,0.000314398781192901,0.000685963642120273
160.446255567623,0.000691796452733904,0.00202889105722601,0.000691796452733904,0.00202889105722601
160.901393875258,0.000490557967189098,0.00115801168531146,0.000490557967189098,0.00115801168531146
161.378206255134,0.000318755567878011,0.000700338741337751,0.000318755567878011,0.000700338741337751
161.834305001851,0.000680797174563464,0.00199661173881135,0.000680797174563464,0.00199661173881135
162.290403748569,0.000479295666808659,0.00113017348858041,0.000479295666808659,0.00113017348858041
162.769452303895,0.000310663338828464,0.000680899679666414,0.000310663338828464,0.000680899679666414
163.226838687534,0.00066989686621439,0.00196490235575376,0.00066989686621439,0.00196490235575376
163.684225071173,0.000482278735786624,0.00114056218122467,0.000482278735786624,0.00114056218122467
164.164118235981,0.000292658240346433,0.000634593806284857,0.000292658240346433,0.000634593806284857
164.623095576814,0.000658645580983065,0.00193240476146876,0.000658645580983065,0.00193240476146876
165.082072917647,0.000496280847415178,0.00118059598730221,0.000496280847415178,0.00118059598730221
165.561712037858,0.000266208890596756,0.000565450916501119,0.000266208890596756,0.000565450916501119
166.022622784237,0.000646085478325543,0.00189651411809121,0.000646085478325543,0.00189651411809121
166.483533530617,0.000519077787028815,0.00124423257869585,0.000519077787028815,0.00124423257869585
166.962107644485,0.000231619626998001,0.00047419252785047,0.000231619626998001,0.00047419252785047
167.425394847117,0.000630853516190106,0.00185366831495008,0.000630853516190106,0.00185366831495008
167.88868204975,0.000549562290131656,0.00132838790581368,0.000549562290131656,0.00132838790581368
168.365594034887,0.000187890900037811,0.000358058922714129,0.000187890900037811,0.000358058922714129
168.831891316594,0.000610976393451201,0.00179855369720509,0.000610976393451201,0.00179855369720509
169.2981885983,0.000587508521904523,0.00143252039757771,0.000587508521904523,0.00143252039757771
169.772987045474,0.000132322254000065,0.00020987032951939,0.000132322254000065,0.00020987032951939
170.243289463512,0.000583076420951211,0.00172194612340614,0.000583076420951211,0.00172194612340614
170.713591881551,0.000633312381295121,0.00155783554682583,0.000633312381295121,0.00155783554682583
171.185945342326,5.95557954008064e-05,1.52531091899054e-05,5.95557954008064e-05,1.52531091899054e-05
171.786064119588,0.000356532277072024,0.00111100197704668,0.000356532277072024,0.00111100197704668
172.269052963418,0.000876768665104432,0.00221747676398458,0.000876768665104432,0.00221747676398458
172.727635546772,0.000417016633565041,0.00126819536564973,0.000417016633565041,0.00126819536564973
173.19757886499,0.000284749723965924,0.000916255257272363,0.000284749723965924,0.000916255257272363
173.644976901074,0.000860001780208671,0.00217333264421269,0.000860001780208671,0.00217333264421269
174.092374937158,0.000324543174238805,0.00101757317641427,0.000324543174238805,0.00101757317641427
174.568195701924,0.000340647414503959,0.00106561991751388,0.000340647414503959,0.00106561991751388
175.01584367152,0.000838291597705685,0.00211567372593479,0.000838291597705685,0.00211567372593479
175.463491641115,0.000254176936595328,0.000826725016144692,0.000254176936595328,0.000826725016144692
175.948429083054,0.000364993830901126,0.00113008386851089,0.000364993830901126,0.00113008386851089
176.400917364948,0.000823548700327169,0.00207690241935843,0.000823548700327169,0.00207690241935843
176.853405646842,0.000248801095025782,0.000811247287642374,0.000248801095025782,0.000811247287642374
177.342466298969,0.000349766369523918,0.00108803253246294,0.000349766369523918,0.00108803253246294
177.796372167997,0.000816216683597085,0.00205816410484525,0.000816216683597085,0.00205816410484525
178.250278037024,0.000266665482901368,0.000858533908735602,0.000266665482901368,0.000858533908735602
178.738499151121,0.000328801732264905,0.00103061985826781,0.000328801732264905,0.00103061985826781
179.192621534041,0.000808768376353005,0.00203902054115733,0.000808768376353005,0.00203902054115733
179.646743916961,0.000282517242482583,0.000900499425340164,0.000282517242482583,0.000900499425340164
180.133788948863,0.000309891956640985,0.000978843926174458,0.000309891956640985,0.000978843926174458
180.588018611269,0.000800294978690402,0.00201700236098909,0.000800294978690402,0.00201700236098909
181.042248273675,0.0002946463433396,0.000932516353857972,0.0002946463433396,0.000932516353857972
181.528588145635,0.000292460513245536,0.000931127107193372,0.000292460513245536,0.000931127107193372
181.982974058779,0.000791254268472586,0.0019933804390095,0.000791254268472586,0.0019933804390095
182.437359971924,0.000305021556211807,0.000959862710922064,0.000305021556211807,0.000959862710922064
182.923263540848,0.000275524478522783,0.000884797494588064,0.000275524478522783,0.000884797494588064
183.377761422034,0.000781880735213388,0.00196880459236115,0.000781880735213388,0.00196880459236115
183.83225930322,0.000314272980819607,0.000984235281994637,0.000314272980819607,0.000984235281994637
184.317860389654,0.000258983130814388,0.000839592627545596,0.000258983130814388,0.000839592627545596
184.773626922553,0.000772474019953284,0.00194408334306236,0.000772474019953284,0.00194408334306236
185.229393455452,0.000329769217181353,0.00102552672641495,0.000329769217181353,0.00102552672641495
185.714435374214,0.000236847354131702,0.00077938534769177,0.000236847354131702,0.00077938534769177
186.171722095469,0.000762799041043071,0.00191859658580697,0.000762799041043071,0.00191859658580697
186.629008816724,0.000351714993973768,0.00108428113509604,0.000351714993973768,0.00108428113509604
187.112836232213,0.000209437825768768,0.000705015835591662,0.000209437825768768,0.000705015835591662
187.57188740422,0.000752011285658165,0.00189009179656121,0.000752011285658165,0.00189009179656121
188.030938576226,0.000378930848223625,0.00115729287796877,0.000378930848223625,0.00115729287796877
188.513085739624,0.000176584157102031,0.000615999781631821,0.000176584157102031,0.000615999781631821
188.974223769537,0.00073918836852344,0.00185609588600497,0.00073918836852344,0.00185609588600497
189.43536179945,0.000411060021780074,0.00124360124166841,0.000411060021780074,0.00124360124166841
189.915483575442,0.000137299089238476,0.000509680758919127,0.000137299089238476,0.000509680758919127
190.379158831766,0.000723091838643131,0.00181326030583074,0.000723091838643131,0.00181326030583074
190.84283408809,0.000448382908133895,0.00134398357999601,0.000448382908133895,0.00134398357999601
191.320646164431,8.96227318184322e-05,0.000380782384848317,8.96227318184322e-05,0.000380782384848317
191.787531038276,0.000701696801829235,0.0017561315955451,0.000701696801829235,0.0017561315955451
192.25441591212,0.000491662804777187,0.00146050186704866,0.000491662804777187,0.00146050186704866
192.729672012544,3.00776211543116e-05,0.000219907539683272,3.00776211543116e-05,0.000219907539683272
193.200855096203,0.000671227980487256,0.00167456772761671,0.000671227980487256,0.00167456772761671
193.672038179862,0.000541927798014219,0.00159592646846666,0.000541927798014219,0.00159592646846666
194.144550684813,4.76447818879161e-05,1.0019125852082e-05,4.76447818879161e-05,1.0019125852082e-05
194.738862567849,0.000445069838606482,0.00106663521024441,0.000445069838606482,0.00106663521024441
195.224769913647,0.000769711149580011,0.00221129058949937,0.000769711149580011,0.00221129058949937
195.684502808134,0.000516673894145951,0.00125508066278072,0.000516673894145951,0.00125508066278072
196.155086122046,0.000359244054151357,0.000835754124201389,0.000359244054151357,0.000835754124201389
196.603967331381,0.000755065959287566,0.00217135430064673,0.000755065959287566,0.00217135430064673
197.052848540716,0.000437457538580385,0.00104166752522796,0.000437457538580385,0.00104166752522796
197.528137094674,0.000407499222851528,0.000965918505709499,0.000407499222851528,0.000965918505709499
197.977254955999,0.000736908381016463,0.00212196841641572,0.000736908381016463,0.00212196841641572
198.426372817324,0.000375909772741745,0.000875917398398193,0.000375909772741745,0.000875917398398193
198.909474010231,0.000428522542780217,0.00102276876651029,0.000428522542780217,0.00102276876651029
199.361760035249,0.000722763619420878,0.00208344285687982,0.000722763619420878,0.00208344285687982
199.814046060266,0.000362268998114668,0.000839530337456218,0.000362268998114668,0.000839530337456218
200.301205344877,0.000419351748867104,0.000998420675808315,0.000419351748867104,0.000998420675808315
200.755336247613,0.000714045682744843,0.00205956593351263,0.000714045682744843,0.00205956593351263
201.20946715035,0.000374167050980372,0.000872064828135544,0.000374167050980372,0.000872064828135544
201.69676302746,0.000399401320930761,0.000945004234712083,0.000399401320930761,0.000945004234712083
202.151251232026,0.000706201727383472,0.0020381578867132,0.000706201727383472,0.0020381578867132
202.605739436591,0.000388330331682465,0.000910596760193251,0.000388330331682465,0.000910596760193251
203.092140685842,0.000380049305152004,0.000893088140465401,0.000380049305152004,0.000893088140465401
203.546615763192,0.000697591736519742,0.00201475109384173,0.000697591736519742,0.00201475109384173
204.001090840542,0.000399027514915404,0.000939762587504076,0.000399027514915404,0.000939762587504076
204.48689754095,0.000362602207899511,0.000846351832123813,0.000362602207899511,0.000846351832123813
204.941639846796,0.000688537148196168,0.00199003680233637,0.000688537148196168,0.00199003680233637
205.396382152642,0.000409009832183837,0.000967136314643317,0.000409009832183837,0.000967136314643317
205.881826366616,0.000344793808485323,0.000798776754740957,0.000344793808485323,0.000798776754740957
206.337945166754,0.000679423953680509,0.00196507152821338,0.000679423953680509,0.00196507152821338
206.794063966893,0.000425608943510447,0.00101241934900949,0.000425608943510447,0.00101241934900949
207.27882328385,0.000321131857988381,0.000735424829957691,0.000321131857988381,0.000735424829957691
207.736514421493,0.000669838200883544,0.00193891262121888,0.000669838200883544,0.00193891262121888
208.194205559136,0.000448492333532726,0.00107457529443209,0.000448492333532726,0.00107457529443209
208.677637510185,0.000292239584822305,0.000657891022916103,0.000292239584822305,0.000657891022916103
209.137161690598,0.000658908830985979,0.00190921163677679,0.000658908830985979,0.00190921163677679
209.59668587101,0.000476547473821705,0.00115068285079279,0.000476547473821705,0.00115068285079279
210.078355775133,0.000257710323831236,0.000565214304926371,0.000257710323831236,0.000565214304926371
210.540060724036,0.00064571744211484,0.00187333245687103,0.00064571744211484,0.00187333245687103
211.00176567294,0.000509527396424207,0.00124022504653209,0.000509527396424207,0.00124022504653209
211.481343339171,0.000216331713633789,0.000454212108442286,0.000216331713633789,0.000454212108442286
211.94874284496,0.00062737306129343,0.00182350445581235,0.00062737306129343,0.00182350445581235
212.41614235075,0.000562667961633495,0.00138427107723446,0.000562667961633495,0.00138427107723446
212.892656795003,0.000149517814443889,0.000274667907660432,0.000149517814443889,0.000274667907660432
213.475284775999,0.000477758354383295,0.00142099677799619,0.000477758354383295,0.00142099677799619
213.951798678577,0.000841589738766604,0.00213811811340409,0.000841589738766604,0.00213811811340409
214.409071844878,0.000245524190210342,0.000789759743550928,0.000245524190210342,0.000789759743550928
214.89975991404,0.000380816943204915,0.00115943413971127,0.000380816943204915,0.00115943413971127
215.424447888718,0.000865648344346318,0.00220461229700927,0.000865648344346318,0.00220461229700927
215.879618003391,0.000512503408141895,0.00150933615909132,0.000512503408141895,0.00150933615909132
216.340658747798,0.000227911311500356,0.000746804850631127,0.000227911311500356,0.000746804850631127
216.802380755212,0.00085542649283022,0.0021776264053041,0.00085542649283022,0.0021776264053041
217.271372186994,0.00050838080829674,0.00149751868812862,0.00050838080829674,0.00149751868812862
217.737517449013,0.000200645251270787,0.000672562506639766,0.000200645251270787,0.000672562506639766
218.110962390424,0.000824306551403358,0.00209327529118495,0.000824306551403358,0.00209327529118495
218.490729277471,8.20123877069386e-05,9.53663838522837e-05,8.20123877069386e-05,9.53663838522837e-05
218.869580129504,0.000703039487944555,0.0020240797487214,0.000703039487944555,0.0020240797487214
219.279450386589,0.000302250102182351,0.000684288524346406,0.000302250102182351,0.000684288524346406
219.758135782327,0.000465018770112261,0.00112788549968591,0.000465018770112261,0.00112788549968591
220.218997329504,0.000680523881778937,0.00196232457512352,0.000680523881778937,0.00196232457512352
220.688095488671,0.000356346444119326,0.000830890555608243,0.000356346444119326,0.000830890555608243
221.187781564169,0.000356569942241245,0.000836500947351618,0.000356569942241245,0.000836500947351618
221.702616621909,0.000687955498149453,0.0019825975116753,0.000687955498149453,0.0019825975116753
222.170165439965,0.000620095696570231,0.00154346658378441,0.000620095696570231,0.00154346658378441
222.637446980849,0.00017399396735032,0.000345466470563022,0.00017399396735032,0.000345466470563022
223.182760898863,0.000584314646764163,0.00170327513516127,0.000584314646764163,0.00170327513516127
223.656065191464,0.000826717854998905,0.00210237028692621,0.000826717854998905,0.00210237028692621
224.110228778405,0.000105380919807311,0.000406760238764967,0.000105380919807311,0.000406760238764967
224.619624274796,0.000472074173813024,0.00140034372457805,0.000472074173813024,0.00140034372457805
225.13154314319,0.000904533599093084,0.0023140791067057,0.000904533599093084,0.0023140791067057
225.582653377574,0.000402080678526123,0.00120610817876304,0.000402080678526123,0.00120610817876304
226.049796247179,0.000355086538808774,0.00108437617980543,0.000355086538808774,0.00108437617980543
226.49491376902,0.000879871303128304,0.00224811971190299,0.000879871303128304,0.00224811971190299
226.940031290861,0.000278003036855435,0.000870519844677627,0.000278003036855435,0.000870519844677627
227.41825646,0.000416044024766033,0.00124753014551046,0.000416044024766033,0.00124753014551046
227.86582305804,0.000852410691940743,0.00217481794443644,0.000852410691940743,0.00217481794443644
228.313389656081,0.000212640289935524,0.000693297016121714,0.000212640289935524,0.000693297016121714
228.802049150313,0.000429493697787714,0.00128273473673637,0.000429493697787714,0.00128273473673637
229.344600962295,0.000888904178188865,0.00227538169131321,0.000888904178188865,0.00227538169131321
229.796047660885,0.000530484596426736,0.00154964011440953,0.000530484596426736,0.00154964011440953
230.25339843135,0.000256260173661504,0.000815131407723026,0.000256260173661504,0.000815131407723026
230.720277060003,0.000879880485365178,0.00225183949989657,0.000879880485365178,0.00225183949989657
231.184440824589,0.000515575017394176,0.00150845310499363,0.000515575017394176,0.00150845310499363
231.535388851954,0.000577999537155037,0.00168071627766154,0.000577999537155037,0.00168071627766154
231.886336879319,0.000571346480116815,0.0014181765378076,0.000571346480116815,0.0014181765378076
232.348912104009,0.000290720634083786,0.00066671072212414,0.000290720634083786,0.00066671072212414
232.740618099562,0.000723595252531258,0.00207006390749466,0.000723595252531258,0.00207006390749466
233.217317050256,0.000380202973404464,0.000903508432262762,0.000380202973404464,0.000903508432262762
233.705090504265,0.000400476831336015,0.000963485574874743,0.000400476831336015,0.000963485574874743
234.194457104091,0.000739960833082013,0.00211381403979256,0.000739960833082013,0.00211381403979256
234.658692316168,0.000537535376776914,0.00132917953841577,0.000537535376776914,0.00132917953841577
235.130246779285,0.000288461089059497,0.000662842294102858,0.000288461089059497,0.000662842294102858
235.667330767846,0.000685638471166518,0.00196714589046227,0.000685638471166518,0.00196714589046227
236.131238734511,0.000758259850973025,0.00192620796012978,0.000758259850973025,0.00192620796012978
236.58553145361,7.32932079768496e-05,8.42242795165841e-05,7.32932079768496e-05,8.42242795165841e-05
237.138924442011,0.000541444733812723,0.00157806912195634,0.000541444733812723,0.00157806912195634
237.613028076559,0.000927051554753939,0.0023836408677528,0.000927051554753939,0.0023836408677528
238.060577054924,0.000238826162157717,0.00075592373124993,0.000238826162157717,0.00075592373124993
238.540483173365,0.000501858856626153,0.00147014207119532,0.000501858856626153,0.00147014207119532
239.08343455093,0.000969705401233303,0.00250117435400205,0.000969705401233303,0.00250117435400205
239.526847246739,0.000527176385296971,0.00153223597185833,0.000527176385296971,0.00153223597185833
239.977923350523,0.000371177505759224,0.00111680568103883,0.000371177505759224,0.00111680568103883
240.415496537112,0.000947043725329923,0.00244054017568356,0.000947043725329923,0.00244054017568356
240.8530697237,0.000273240195717869,0.000845975678749119,0.000273240195717869,0.000845975678749119
241.323539370045,0.000510251836862562,0.00149007396874781,0.000510251836862562,0.00149007396874781
241.765331573656,0.000891664592501898,0.00229186631497799,0.000891664592501898,0.00229186631497799
242.207123777267,0.000126323366304898,0.000448654576798249,0.000126323366304898,0.000448654576798249
242.699236259422,0.000546505233379937,0.00158643672212472,0.000546505233379937,0.00158643672212472
243.211957748041,0.000943566791051952,0.00243388771403,0.000943566791051952,0.00243388771403
243.65818157342,0.000359696755776299,0.00107663300026523,0.000359696755776299,0.00107663300026523
244.12487250806,0.000446022696029153,0.00131437705939783,0.000446022696029153,0.00131437705939783
244.564033241907,0.000900286277742197,0.00231814413701624,0.000900286277742197,0.00231814413701624
245.003193975755,0.000179625772394974,0.000589504250330517,0.000179625772394974,0.000589504250330517
245.48715150761,0.00052304711230779,0.00152020039359457,0.00052304711230779,0.00152020039359457
246.015638006951,0.000943228211509505,0.00243636901380115,0.000943228211509505,0.00243636901380115
246.461934906565,0.00043715602832706,0.00128251099002925,0.00043715602832706,0.00128251099002925
246.922203856959,0.000398800198286935,0.00118413373553704,0.000398800198286935,0.00118413373553704
247.361701169411,0.000909176033647243,0.00234528218228835,0.000909176033647243,0.00234528218228835
247.801198481862,0.00023739240465677,0.000742411809211923,0.00023739240465677,0.000742411809211923
248.278762327132,0.000496706261849059,0.00144643246105755,0.000496706261849059,0.00144643246105755
248.826236665394,0.000946298047557295,0.00244786215683129,0.000946298047557295,0.00244786215683129
249.271546761931,0.000533451926939081,0.00153940416239151,0.000533451926939081,0.00153940416239151
249.724020942662,0.000346633890442311,0.00104068663066621,0.000346633890442311,0.00104068663066621
250.163488611691,0.000928975095086716,0.00240197344112543,0.000928975095086716,0.00240197344112543
250.602956280719,0.000306094503408085,0.000924486000984953,0.000306094503408085,0.000924486000984953
251.072682172804,0.000476946258438289,0.00138999961746921,0.000476946258438289,0.00138999961746921
251.514970007805,0.000881351723429855,0.00227462621543317,0.000881351723429855,0.00227462621543317
251.957257842807,0.000163261701514386,0.000537794877370333,0.000163261701514386,0.000537794877370333
252.446413328394,0.000519144051065063,0.00150207901731779,0.000519144051065063,0.00150207901731779
252.96997247558,0.000929932625762592,0.00240803406697502,0.000929932625762592,0.00240803406697502
253.417354427204,0.000424180653200935,0.00123994619918789,0.000424180653200935,0.00123994619918789
253.879912686981,0.000397702846945293,0.00117347678611477,0.000397702846945293,0.00117347678611477
254.320276209899,0.000896709176516893,0.00231943622232813,0.000896709176516893,0.00231943622232813
254.760639732817,0.000241859874806176,0.000746623216235195,0.000241859874806176,0.000746623216235195
255.239207655581,0.00048667778161171,0.00141138736475559,0.00048667778161171,0.00141138736475559
255.789042619839,0.000932926570694142,0.00241999740504243,0.000932926570694142,0.00241999740504243
256.235196227656,0.00054925922298797,0.00157389049919492,0.00054925922298797,0.00157389049919492
256.687526420225,0.000327847153804542,0.000981815642704401,0.000327847153804542,0.000981815642704401
257.128024087249,0.000920643018210691,0.00238782528534341,0.000920643018210691,0.00238782528534341
257.568521754273,0.000332778479537373,0.000988281956492492,0.000332778479537373,0.000988281956492492
258.036955021332,0.00045721357176093,0.00132865513085602,0.00045721357176093,0.00132865513085602
258.47886296826,0.000876634130029317,0.00227013812079361,0.000876634130029317,0.00227013812079361
258.920770915188,0.000183522116190993,0.000584299614288151,0.000183522116190993,0.000584299614288151
259.407922889328,0.00050777317963692,0.00146322913669046,0.00050777317963692,0.00146322913669046
259.937760480076,0.000922193642723669,0.00239559272619212,0.000922193642723669,0.00239559272619212
260.385563637176,0.000458281585406186,0.00132356232404284,0.000458281585406186,0.00132356232404284
260.84598842837,0.000374407151239346,0.00110220527463244,0.000374407151239346,0.00110220527463244
261.287072272235,0.000894559121743779,0.00232234816953427,0.000894559121743779,0.00232234816953427
261.7281561161,0.000275706947382351,0.000829259095764057,0.000275706947382351,0.000829259095764057
262.203979427984,0.000469407435583133,0.00135616663661229,0.000469407435583133,0.00135616663661229
262.649613352357,0.000856457494675228,0.00222105169188729,0.000856457494675228,0.00222105169188729
263.09524727673,0.000185042728770374,0.000583066834882033,0.000185042728770374,0.000583066834882033
263.586102687922,0.00048773023870218,0.0014037958979951,0.00048773023870218,0.0014037958979951
264.117275058408,0.000905047102739715,0.00235479971948763,0.000905047102739715,0.00235479971948763
264.566541839795,0.000477704782407519,0.0013707151077137,0.000477704782407519,0.0013707151077137
265.02689578102,0.000345474236735859,0.00101895769796215,0.000345474236735859,0.00101895769796215
265.469601054029,0.000883484756446541,0.00229782667678822,0.000883484756446541,0.00229782667678822
265.912306327038,0.000310987859163729,0.000919264481704033,0.000310987859163729,0.000919264481704033
266.386328595159,0.000437412467031309,0.00126471058555996,0.000437412467031309,0.00126471058555996
266.831880030964,0.00084936490980885,0.00220733649885375,0.00084936490980885,0.00220733649885375
267.277431466769,0.00021456292203485,0.000657360509482282,0.00021456292203485,0.000657360509482282
267.76548919324,0.000464410254064969,0.00133548030843968,0.000464410254064969,0.00133548030843968
268.308070884758,0.000890783810005689,0.00232211736344087,0.000890783810005689,0.00232211736344087
268.758065779468,0.000532480608245738,0.00151294945910462,0.000532480608245738,0.00151294945910462
269.215102771287,0.00029845324676469,0.00088665822273883,0.00029845324676469,0.00088665822273883
269.659326034651,0.00087981141162312,0.00229369856492982,0.00087981141162312,0.00229369856492982
270.103549298015,0.000369360123964753,0.00107122211335777,0.000369360123964753,0.00107122211335777
270.573091718571,0.000398911071920524,0.001155530653053,0.000398911071920524,0.001155530653053
271.016901924829,0.000848985186416941,0.00221185146701897,0.000848985186416941,0.00221185146701897
271.460712131086,0.0002451150455511,0.000734408847781261,0.0002451150455511,0.000734408847781261
271.944591894213,0.000449046582840582,0.00128869855919188,0.000449046582840582,0.00128869855919188
272.499860633825,0.000881985724640286,0.0023040656078503,0.000881985724640286,0.0023040656078503
272.949737232878,0.000586088508674727,0.00165207888481276,0.000586088508674727,0.00165207888481276
273.403156230571,0.000260026637524598,0.000777535261250628,0.000260026637524598,0.000777535261250628
273.848145197886,0.000881901939789383,0.00230517773930506,0.000881901939789383,0.00230517773930506
274.2931341652,0.00041908625327879,0.00119964564073545,0.00041908625327879,0.00119964564073545
274.758496289378,0.000373700098228636,0.00108192737551673,0.000373700098228636,0.00108192737551673
275.202422594396,0.000855491052979107,0.00223519098559143,0.000855491052979107,0.00223519098559143
275.646348899414,0.000281039605276881,0.00082566543402946,0.000281039605276881,0.00082566543402946
276.126048168404,0.000437106056510582,0.00125100209525347,0.000437106056510582,0.00125100209525347
276.57460955707,0.000828700139133238,0.00216440697694891,0.000828700139133238,0.00216440697694891
277.023170945735,0.000228867832555535,0.000683253824955582,0.000228867832555535,0.000683253824955582
277.513053495752,0.000441793944915313,0.00126172911261463,0.000441793944915313,0.00126172911261463
278.061702342205,0.000866939746246755,0.00227085551305855,0.000866939746246755,0.00227085551305855
278.513155486651,0.000569750665078097,0.00160059076866113,0.000569750665078097,0.00160059076866113
278.969067118062,0.000257199882592219,0.000762373990312351,0.000257199882592219,0.000762373990312351
279.415450085898,0.000863771090056745,0.00226381272620327,0.000863771090056745,0.00226381272620327
279.861833053734,0.0004233266749794,0.00120363045307793,0.0004233266749794,0.00120363045307793
280.328524650717,0.000355773759011139,0.0010260702066198,0.000355773759011139,0.0010260702066198
280.774025873857,0.000841019689077114,0.00220374955880628,0.000841019689077114,0.00220374955880628
281.219527096997,0.000303935151747604,0.000879991244113107,0.000303935151747604,0.000879991244113107
281.698763177397,0.000411322491580452,0.00117403495562645,0.000411322491580452,0.00117403495562645
282.147852224148,0.000817457785780375,0.00214165078182617,0.000817457785780375,0.00214165078182617
282.596941270898,0.000254650602192604,0.000745389275560563,0.000254650602192604,0.000745389275560563
283.085103190356,0.000417947657637,0.00118998578887376,0.000417947657637,0.00118998578887376
283.646197852156,0.000845859750507174,0.00222174690209429,0.000845859750507174,0.00222174690209429
284.098411719866,0.000623141038175212,0.00173718252920705,0.000623141038175212,0.00173718252920705
284.551580150739,0.000204866065806488,0.000613798152201547,0.000204866065806488,0.000613798152201547
284.99996962453,0.000853714499213538,0.00224448303058188,0.000853714499213538,0.00224448303058188
285.448359098322,0.000486587750467053,0.00136677326979223,0.000486587750467053,0.00136677326979223
285.91096111018,0.000308155740932273,0.000890240476429351,0.000308155740932273,0.000890240476429351
286.357785287486,0.000839612827606933,0.00220767779719751,0.000839612827606933,0.00220767779719751
286.804609464793,0.000364919680714764,0.00103702837603463,0.000364919680714764,0.00103702837603463
287.27851333907,0.000374761038152266,0.00106809312718116,0.000374761038152266,0.00106809312718116
287.725371552801,0.000816176188142358,0.00214574722774146,0.000816176188142358,0.00214574722774146
288.172229766531,0.000281859506893888,0.000811379777232473,0.000281859506893888,0.000811379777232473
288.656434415776,0.000406160650559497,0.0011508065424084,0.000406160650559497,0.0011508065424084
289.108231010944,0.000799251056647702,0.00210198413299978,0.000799251056647702,0.00210198413299978
289.560027606111,0.000269588821788421,0.000776245509450737,0.000269588821788421,0.000776245509450737
290.049406201957,0.000394291369264256,0.0011166542577624,0.000394291369264256,0.0011166542577624
290.502894115026,0.000791302828321247,0.00208272696949414,0.000791302828321247,0.00208272696949414
290.956382028095,0.000286479293150952,0.000819810654548943,0.000286479293150952,0.000819810654548943
291.445251345519,0.000374197329172967,0.00106060646520422,0.000374197329172967,0.00106060646520422
291.899106664059,0.000783990763870627,0.0020648250066623,0.000783990763870627,0.0020648250066623
292.352961982599,0.000303407686552822,0.000863884817059836,0.000303407686552822,0.000863884817059836
292.840596084461,0.000355351049777365,0.00100823821160116,0.000355351049777365,0.00100823821160116
293.294636073168,0.000775673687408855,0.00204403872328599,0.000775673687408855,0.00204403872328599
293.748676061874,0.000316912778202979,0.000898701059304606,0.000316912778202979,0.000898701059304606
294.235481554218,0.000337945336317732,0.000959530668622491,0.000337945336317732,0.000959530668622491
294.689735420994,0.000766573704930605,0.00202147050776092,0.000766573704930605,0.00202147050776092
295.143989287769,0.00032873559954374,0.000928616133121286,0.00032873559954374,0.000928616133121286
295.630242348405,0.00032111769824597,0.000912085947720405,0.00032111769824597,0.000912085947720405
296.084672449128,0.000757010051563879,0.00199779826978762,0.000757010051563879,0.00199779826978762
296.53910254985,0.000339446499994558,0.000955565236127192,0.000339446499994558,0.000955565236127192
297.024944132974,0.000304551382338621,0.000865559716894329,0.000304551382338621,0.000865559716894329
297.479647163883,0.000747265985880267,0.00197330581252178,0.000747265985880267,0.00197330581252178
297.934350194791,0.000349994014831656,0.000982443878917667,0.000349994014831656,0.000982443878917667
298.419844330187,0.000287492134306153,0.000818013466139003,0.000287492134306153,0.000818013466139003
298.875919239054,0.000737503125051784,0.00194860014290707,0.000737503125051784,0.00194860014290707
299.331994147921,0.000367205639591297,0.00102730753870368,0.000367205639591297,0.00102730753870368
299.816809815774,0.000264642817086658,0.000754696295199036,0.000264642817086658,0.000754696295199036
300.274451046541,0.0007272076174173,0.00192277093007984,0.0007272076174173,0.00192277093007984
300.732092277307,0.000390779612758118,0.00108901120040176,0.000390779612758118,0.00108901120040176
301.215585505041,0.000236647109382896,0.000677232978715922,0.000236647109382896,0.000677232978715922
301.675051681233,0.000715555484725518,0.00189346190840743,0.000715555484725518,0.00189346190840743
302.134517857426,0.000419508029447893,0.00116463493869483,0.000419508029447893,0.00116463493869483
302.616253644302,0.000203009236937295,0.000584737077520809,0.000203009236937295,0.000584737077520809
303.077889252695,0.000701731028365988,0.00185802696730378,0.000701731028365988,0.00185802696730378
303.539524861088,0.000453074737130187,0.00125366144724152,0.000453074737130187,0.00125366144724152
304.019173203259,0.00016252665295612,0.000474083152844255,0.00016252665295612,0.000474083152844255
304.483465860339,0.000684336257017532,0.00181281219148943,0.000684336257017532,0.00181281219148943
304.94775851742,0.000491973993874689,0.00135712179305185,0.000491973993874689,0.00135712179305185
305.425043063272,0.000113122594206584,0.000339243011400545,0.000113122594206584,0.000339243011400545
305.892732297019,0.000660942490675055,0.00175170725761879,0.000660942490675055,0.00175170725761879
306.360421530767,0.000537149773832789,0.00147725391609996,0.000537149773832789,0.00147725391609996
306.835104258683,5.08993604037349e-05,0.000169580850860634,5.08993604037349e-05,0.000169580850860634
307.307411470798,0.000627214734081203,0.00166294057384369,0.000627214734081203,0.00166294057384369
307.779718682914,0.000589512740135232,0.00161683227834271,0.000589512740135232,0.00161683227834271
308.251634053743,3.14966380630285e-05,5.43329350714272e-05,3.14966380630285e-05,5.43329350714272e-05
308.834774534961,0.000406158939689457,0.00107003317122873,0.000406158939689457,0.00107003317122873
309.325328278138,0.000790591184601271,0.00215887088663292,0.000790591184601271,0.00215887088663292
309.786251714814,0.000483648829116575,0.00127520876272596,0.000483648829116575,0.00127520876272596
310.257833781303,0.000301128912081933,0.000788544164468324,0.000301128912081933,0.000788544164468324
310.70852909856,0.000777596453412008,0.00212226150188255,0.000777596453412008,0.00212226150188255
311.159224415816,0.000420731059098545,0.00110704581028043,0.000420731059098545,0.00110704581028043
311.634181217223,0.000338951823639764,0.000892020973633735,0.000338951823639764,0.000892020973633735
312.085179974943,0.000762956060415759,0.00208090412134315,0.000762956060415759,0.00208090412134315
312.536178732664,0.000371105152247363,0.000974980494699138,0.000371105152247363,0.000974980494699138
313.017395108141,0.000354335117663659,0.000935190272967839,0.000354335117663659,0.000935190272967839
313.469145377892,0.000749826219897269,0.00204368351525849,0.000749826219897269,0.00204368351525849
313.920895647643,0.000347333047584894,0.000912567056643516,0.000347333047584894,0.000912567056643516
314.406021869549,0.000353864279515609,0.000935447400861569,0.000353864279515609,0.000935447400861569
314.860121473865,0.000739819979277862,0.00201522863050149,0.000739819979277862,0.00201522863050149
315.314221078182,0.000351450810056638,0.000925135752515224,0.000351450810056638,0.000925135752515224
315.800644551589,0.00033642269675039,0.000889810205243883,0.00033642269675039,0.000889810205243883
316.255426322809,0.000731523495722262,0.00199150724753437,0.000731523495722262,0.00199150724753437
316.71020809403,0.000363570141894002,0.000959336097035981,0.000363570141894002,0.000959336097035981
317.196127964302,0.000316589973295276,0.000837884947823526,0.000316589973295276,0.000837884947823526
317.651476372127,0.000723073911188891,0.00196716975725212,0.000723073911188891,0.00196716975725212
318.106824779951,0.000376951566831586,0.000997151838252438,0.000376951566831586,0.000997151838252438
318.592043237874,0.000295584163128102,0.000782940818809117,0.000295584163128102,0.000782940818809117
319.048855137068,0.000714258440950566,0.0019418181669663,0.000714258440950566,0.0019418181669663
319.505667036262,0.000396219859727622,0.00105077845523799,0.000396219859727622,0.00105077845523799
319.989876568967,0.000269154710027148,0.000713201436773463,0.000269154710027148,0.000713201436773463
320.448371953177,0.000704511900468753,0.00191421796300947,0.000704511900468753,0.00191421796300947
320.906867337388,0.000421204319637607,0.00111959140272622,0.000421204319637607,0.00111959140272622
321.38953370263,0.00023745680619412,0.000629078974802495,0.00023745680619412,0.000629078974802495
321.850007986474,0.000692995807112647,0.00188195663411697,0.000692995807112647,0.00188195663411697
322.310482270318,0.000451175183639234,0.00120189133112166,0.000451175183639234,0.00120189133112166
322.791226996943,0.000199662202816087,0.000528648132941457,0.000199662202816087,0.000528648132941457
323.254085113363,0.000678686384008403,0.0018420038080006,0.000678686384008403,0.0018420038080006
323.716943229782,0.000486175297018896,0.00129796686529111,0.000486175297018896,0.00129796686529111
324.195464494787,0.000154145837155874,0.000407538289221416,0.000154145837155874,0.000407538289221416
324.661298240974,0.000659814461881305,0.00178973200287636,0.000659814461881305,0.00178973200287636
325.127131987161,0.000526908619384213,0.00140947782691135,0.000526908619384213,0.00140947782691135
325.60317042413,9.80740055913901e-05,0.000257812264668311,9.80740055913901e-05,0.000257812264668311
326.072912929147,0.0006332045993207,0.00171685290360655,0.0006332045993207,0.00171685290360655
326.542655434165,0.000574405526951145,0.00153905936927639,0.000574405526951145,0.00153905936927639
327.0159985766,2.61996975275262e-05,6.53011517476219e-05,2.61996975275262e-05,6.53011517476219e-05
327.495959586973,0.000586879859051341,0.00159100784256661,0.000586879859051341,0.00159100784256661
327.975920597346,0.000645717073368591,0.00173306076087704,0.000645717073368591,0.00173306076087704
328.445706949845,9.87235519423994e-05,0.000270134077348939,9.87235519423994e-05,0.000270134077348939
328.994775818175,0.000384079323968587,0.00104369988448246,0.000384079323968587,0.00104369988448246
329.50472885049,0.00076791203092509,0.00206563945348879,0.00076791203092509,0.00206563945348879
329.967731349605,0.000508669981783647,0.00137418800219819,0.000508669981783647,0.00137418800219819
330.438416641984,0.000225291799400356,0.000614401349321236,0.000225291799400356,0.000614401349321236
330.893733442078,0.000754859283684033,0.00203181958063637,0.000754859283684033,0.00203181958063637
331.349050242173,0.00047486213685926,0.00128170178383709,0.00047486213685926,0.00128170178383709
331.8214502159,0.000244405058378079,0.000664623944915943,0.000244405058378079,0.000664623944915943
332.277330093403,0.000743223342380117,0.00200152360949131,0.000743223342380117,0.00200152360949131
332.733209970906,0.000449883818456829,0.00121322388690715,0.000449883818456829,0.00121322388690715
333.209061047884,0.000248667318980696,0.00067492680106533,0.000248667318980696,0.00067492680106533
333.665945387763,0.000730985445454064,0.00196967172283643,0.000730985445454064,0.00196967172283643
334.122829727642,0.000441388351819762,0.00118912421124133,0.000441388351819762,0.00118912421124133
334.600731286539,0.00024066036734555,0.000652015742045992,0.00024066036734555,0.000652015742045992
335.058971500255,0.000718483490190562,0.00193733195113022,0.000718483490190562,0.00193733195113022
335.517211713972,0.000446664037439246,0.00120204429004096,0.000446664037439246,0.00120204429004096
335.995857664986,0.000222522033486723,0.000601748844995458,0.000222522033486723,0.000601748844995458
336.455793429134,0.000705275514262377,0.00190309551421021,0.000705275514262377,0.00190309551421021
336.915729193282,0.000462863294402932,0.00124456726898337,0.000462863294402932,0.00124456726898337
337.394065832459,0.000195330120841166,0.000527275486985181,0.000195330120841166,0.000527275486985181
337.856092114635,0.000690374187960487,0.00186412317066628,0.000690374187960487,0.00186412317066628
338.31811839681,0.000488030033703397,0.00131147374859565,0.000488030033703397,0.00131147374859565
338.795348247427,0.00015903378784026,0.000428370588952515,0.00015903378784026,0.000428370588952515
339.25999070606,0.000672153376911973,0.00181622156155805,0.000672153376911973,0.00181622156155805
339.724633164694,0.00052131006707629,0.00140021821835124,0.00052131006707629,0.00140021821835124
340.200157480339,0.000112177315370672,0.000300865451287684,0.000112177315370672,0.000300865451287684
340.668193460019,0.000648040031454337,0.00175262798007868,0.000648040031454337,0.00175262798007868
341.136229439699,0.000562651429537422,0.00151061839717565,0.000562651429537422,0.00151061839717565
341.609597328579,5.11448257487657e-05,0.000135079688269506,5.11448257487657e-05,0.000135079688269506
342.083610881194,0.000611985851054191,0.00165688263233954,0.000611985851054191,0.00165688263233954
342.557624433809,0.00061740626658176,0.00165739231550675,0.00061740626658176,0.00165739231550675
343.028306399875,3.8910456865033e-05,0.000108794295739591,3.8910456865033e-05,0.000108794295739591
343.600070087384,0.000398492509902305,0.00108355904985638,0.000398492509902305,0.00108355904985638
344.094816159252,0.000794065159809769,0.00213418170665246,0.000794065159809769,0.00213418170665246
344.556072871935,0.000472472376853927,0.00127901732224479,0.000472472376853927,0.00127901732224479
345.028223996998,0.000280258293937236,0.000766008530299938,0.000280258293937236,0.000766008530299938
345.479836836948,0.000781293140578089,0.00209868054680031,0.000781293140578089,0.00209868054680031
345.931449676898,0.000418051143106821,0.00113326842679769,0.000418051143106821,0.00113326842679769
346.406410332804,0.00031263463250654,0.000854256940753245,0.00031263463250654,0.000854256940753245
346.858400100656,0.000767618548410239,0.00206056595448472,0.000767618548410239,0.00206056595448472
347.310389868507,0.000375483932091777,0.00101957529290081,0.000375483932091777,0.00101957529290081
347.790829875401,0.000324858475422455,0.00088821082930177,0.000324858475422455,0.00088821082930177
348.243618636021,0.000755041427284531,0.00202556614554852,0.000755041427284531,0.00202556614554852
348.696407396642,0.000356097756288953,0.000968292658957562,0.000356097756288953,0.000968292658957562
349.180206964596,0.00032250289409447,0.000882731968133955,0.00032250289409447,0.000882731968133955
349.63403769395,0.000744428257692762,0.00199607820975048,0.000744428257692762,0.00199607820975048
350.087868423304,0.000354143135183731,0.000963916582289769,0.000354143135183731,0.000963916582289769
350.573110663746,0.000310211364725569,0.000850435963302263,0.000310211364725569,0.000850435963302263
351.028164747268,0.000735125575417774,0.00197015215579488,0.000735125575417774,0.00197015215579488
351.48321883079,0.000363983153276377,0.000991429218618185,0.000363983153276377,0.000991429218618185
351.968521787684,0.000290864662787633,0.000799236785158424,0.000290864662787633,0.000799236785158424
352.424983713121,0.000726133537274077,0.00194499264097754,0.000726133537274077,0.00194499264097754
352.881445638558,0.000381830625720905,0.00104061401760768,0.000381830625720905,0.00104061401760768
353.365908638079,0.000265898692267205,0.000732903591623989,0.000265898692267205,0.000732903591623989
353.823996125243,0.000716475781937152,0.00191811932479319,0.000716475781937152,0.00191811932479319
354.282083612407,0.000405676369483013,0.00110587396279622,0.000405676369483013,0.00110587396279622
354.765120297482,0.000235676983147738,0.000652259833499665,0.000235676983147738,0.000652259833499665
355.22511052908,0.000705250033218878,0.0018871868122627,0.000705250033218878,0.0018871868122627
355.685100760678,0.000434660338420816,0.00118488966130579,0.000434660338420816,0.00118488966130579
356.166301541409,0.000199640726686335,0.000555883276471889,0.000199640726686335,0.000555883276471889
356.628569249207,0.00069146816791471,0.00184938420962071,0.00069146816791471,0.00184938420962071
357.090836957004,0.000468664721711114,0.00127752116979398,0.000468664721711114,0.00127752116979398
357.569883871722,0.000156354682837471,0.000440051955225014,0.000156354682837471,0.000440051955225014
358.034968201087,0.000673620649721245,0.00180055693858084,0.000673620649721245,0.00180055693858084
358.500052530452,0.000508193154739489,0.0013851438092581,0.000508193154739489,0.0013851438092581
358.976675972231,0.000103279913547706,0.000297840846244804,0.000103279913547706,0.000297840846244804
359.445411019525,0.000648988124222139,0.00173352127270051,0.000648988124222139,0.00173352127270051
359.914146066818,0.00055421330643622,0.00151022013712323,0.00055421330643622,0.00151022013712323
360.38811864139,3.58874595386789e-05,0.000116891541357636,3.58874595386789e-05,0.000116891541357636
360.863862190442,0.000610078236388117,0.00162819877098333,0.000610078236388117,0.00162819877098333
361.339605739494,0.000614886153830721,0.00167481595025877,0.000614886153830721,0.00167481595025877
361.810461693514,6.55798324379524e-05,0.000155997163927817,6.55798324379524e-05,0.000155997163927817
362.375702862027,0.00039875016108981,0.00105882348441219,0.00039875016108981,0.00105882348441219
362.875120689758,0.000773709784435017,0.0021053629757355,0.000773709784435017,0.0021053629757355
363.337408403641,0.000493682199142697,0.0013096971152002,0.000493682199142697,0.0013096971152002
363.809362291566,0.000266154706864236,0.000700795353763043,0.000266154706864236,0.000700795353763043
364.262590842858,0.000760752597393095,0.00207116981884818,0.000760752597393095,0.00207116981884818
364.71581939415,0.000450195684589902,0.0011916510859331,0.000450195684589902,0.0011916510859331
365.189848399544,0.000292420410737141,0.000770789163053187,0.000292420410737141,0.000770789163053187
365.643526307306,0.000748065912600897,0.0020375166337551,0.000748065912600897,0.0020375166337551
366.097204215069,0.000416371084964785,0.00109982325155885,0.000416371084964785,0.00109982325155885
366.57571003879,0.00030126834310699,0.000794006330130422,0.00030126834310699,0.000794006330130422
367.030260253726,0.000735723466650294,0.00200473924105939,0.000735723466650294,0.00200473924105939
367.484810468662,0.000402211369997121,0.00106112566354398,0.000402211369997121,0.00106112566354398
367.966035720348,0.000296772153041629,0.00078128487121773,0.000296772153041629,0.00078128487121773
368.421745753391,0.000724340531147395,0.00197465557379623,0.000724340531147395,0.00197465557379623
368.877455786435,0.000403549370645681,0.00106414734329367,0.000403549370645681,0.00106414734329367
369.359796832673,0.000282437140037639,0.000741956070837814,0.000282437140037639,0.000741956070837814
369.816908786137,0.00071338810339008,0.00194585623231362,0.00071338810339008,0.00194585623231362
370.2740207396,0.000416197273548683,0.00109764758010468,0.000416197273548683,0.00109764758010468
370.756260401907,0.000260389920344906,0.000681877163064688,0.000260389920344906,0.000681877163064688
371.215032107903,0.000702009100105418,0.00191585268681942,0.000702009100105418,0.00191585268681942
371.673803813898,0.000437181587985817,0.00115377152798529,0.000437181587985817,0.00115377152798529
372.155090155889,0.000231471901904365,0.000603425214969732,0.000231471901904365,0.000603425214969732
372.61583830056,0.000689178849048604,0.00188183988995139,0.000689178849048604,0.00188183988995139
373.076586445232,0.000464930386930846,0.00122823735845277,0.000464930386930846,0.00122823735845277
373.556323084353,0.000195479401264762,0.000505927819571368,0.000195479401264762,0.000505927819571368
374.019473726892,0.000673571955715701,0.00184040355886391,0.000673571955715701,0.00184040355886391
374.482624369432,0.000498959209812479,0.00131958759608595,0.000498959209812479,0.00131958759608595
374.960371050516,0.000151075242045289,0.00038566507678798,0.000151075242045289,0.00038566507678798
375.426543738705,0.000653284446737721,0.00178645581920255,0.000653284446737721,0.00178645581920255
375.892716426893,0.000539492049600796,0.00142847735423984,0.000539492049600796,0.00142847735423984
376.368128160302,9.53467090206215e-05,0.000234892058344152,9.53467090206215e-05,0.000234892058344152
376.838302038586,0.000625041381439193,0.00171102612390048,0.000625041381439193,0.00171102612390048
377.30847591687,0.00058721487729661,0.00155692773704406,0.00058721487729661,0.00155692773704406
377.781290756275,2.28402217793032e-05,3.90082408869197e-05,2.28402217793032e-05,3.90082408869197e-05
378.263331404056,0.000574255924462596,0.00157482847539749,0.000574255924462596,0.00157482847539749
378.745372051837,0.000663456646547959,0.00176256217649629,0.000663456646547959,0.00176256217649629
379.214492957743,0.000112756178867568,0.000326975019223441,0.000112756178867568,0.000326975019223441
379.756340680079,0.000375032935860496,0.00103904712798811,0.000375032935860496,0.00103904712798811
380.271761251735,0.000770787398990537,0.00205299831068364,0.000770787398990537,0.00205299831068364
380.734749207584,0.000515127084165866,0.0014127292355194,0.000515127084165866,0.0014127292355194
381.204320524962,0.000204077730570571,0.000578922828254408,0.000204077730570571,0.000578922828254408
381.660325879286,0.000758547488027948,0.00201954955075479,0.000758547488027948,0.00201954955075479
382.11633123361,0.000481649031613202,0.00132284504360502,0.000481649031613202,0.00132284504360502
382.587773243277,0.000221658460041918,0.000626629078730314,0.000221658460041918,0.000626629078730314
383.044344957691,0.000747766715275354,0.00199003838142172,0.000747766715275354,0.00199003838142172
383.500916672105,0.000457403715488483,0.00125781234699843,0.000457403715488483,0.00125781234699843
383.975619856063,0.000224924523369265,0.000635701275569379,0.000224924523369265,0.000635701275569379
384.433219286456,0.000736007298313724,0.00195800000906066,0.000736007298313724,0.00195800000906066
384.890818716849,0.000448924026763437,0.00123528945507812,0.000448924026763437,0.00123528945507812
385.367484392166,0.000215889450859581,0.000611620954436939,0.000215889450859581,0.000611620954436939
385.826491605787,0.00072366063553143,0.00192442074310067,0.00072366063553143,0.00192442074310067
386.285498819408,0.000453945434801716,0.00124921712268804,0.000453945434801716,0.00124921712268804
386.762886749044,0.000196366238048178,0.00055930011966416,0.000196366238048178,0.00055930011966416
387.223679935241,0.000710214771592647,0.00188791320413358,0.000710214771592647,0.00188791320413358
387.684473121437,0.00047008375338594,0.00129313632487877,0.00047008375338594,0.00129313632487877
388.161555409943,0.000167247137988171,0.000481088765958834,0.000167247137988171,0.000481088765958834
388.624583824062,0.000694516734024696,0.00184542257504784,0.000694516734024696,0.00184542257504784
389.087612238181,0.000495650818586685,0.0013624480215404,0.000495650818586685,0.0013624480215404
389.563591242205,0.000128141341865304,0.000375899987609436,0.000128141341865304,0.000375899987609436
390.029466787295,0.000674733912384867,0.00179200936186562,0.000674733912384867,0.00179200936186562
390.495342332385,0.000529847758556761,0.00145503417572548,0.000529847758556761,0.00145503417572548
390.969610234854,7.69806098567284e-05,0.000238201473630354,7.69806098567284e-05,0.000238201473630354
391.439264810538,0.000647743238985574,0.00171920362169697,0.000647743238985574,0.00171920362169697
391.908919386221,0.000572650981571732,0.00157089908065532,0.000572650981571732,0.00157089908065532
392.381025566401,9.1675684900296e-06,5.56213201467482e-05,9.1675684900296e-06,5.56213201467482e-05
392.862023885356,0.000599840269989568,0.00159012964571807,0.000599840269989568,0.00159012964571807
393.343022204311,0.00064495220215033,0.00176649796037258,0.00064495220215033,0.00176649796037258
393.811737661931,0.000119609456686007,0.000291366863862766,0.000119609456686007,0.000291366863862766
394.355928410439,0.000401410995334366,0.00105587316714189,0.000401410995334366,0.00105587316714189
394.867821909936,0.000759775089199966,0.00207777542213529,0.000759775089199966,0.00207777542213529
395.330205658781,0.000520854701136564,0.00137338837805729,0.000520854701136564,0.00137338837805729
395.800418035852,0.000240276568206696,0.000621586087427101,0.000240276568206696,0.000621586087427101
396.256056832736,0.000747216844427843,0.0020440562503846,0.000747216844427843,0.0020440562503846
396.711695629619,0.000486997775043242,0.00128191507988883,0.000486997775043242,0.00128191507988883
397.18386112141,0.000257703894579231,0.000668334838235333,0.000257703894579231,0.000668334838235333
397.640865241629,0.000735584753366797,0.00201277007251178,0.000735584753366797,0.00201277007251178
398.097869361848,0.000467489931490729,0.00122918964405901,0.000467489931490729,0.00122918964405901
398.573171972668,0.000256316753455272,0.000664419060740903,0.000256316753455272,0.000664419060740903
399.032160219118,0.000723162276966256,0.00197940439494202,0.000723162276966256,0.00197940439494202
399.491148465568,0.000469020065380041,0.00123325550430839,0.000469020065380041,0.00123325550430839
400,0.000140604871621536,0.000352474980134329,0.000140604871621536,0.000352474980134329
