0,1,0,0,0,0,0,0,0,-0,3.39819999108526e-05,0.00143711508861842,0.00245520561029466,0.707106781186548,0,0.5,0.5,0,0,0,0,-0.836614743476748,-0.836614743476748,-1.61682745580881,-0.0564020311446866
0.0139777551724791,0.999999999999962,3.31015866664652e-09,1.40257436149811e-07,2.39458811864812e-07,-1.10129270019441e-11,4.72953950951518e-07,2.00591814551492e-05,3.4235165635872e-05,-2.36082345962719e-09,3.36907851062727e-05,0.00143304466520784,0.00244332522319895,0.707106781186548,0,0.5,0.5,0.103721343085835,0.103726115539189,0.200561393021302,0.00688606560372109,-0.83251203044069,-0.832616253235419,-1.61056360667559,-0.0545646770005206
0.0838665310348743,0.999999999950803,1.17476629712802e-07,5.02549561174632e-06,8.55129980570035e-06,-2.33632145970906e-09,2.77759870438413e-06,0.000119506166313059,0.000202941948207674,-8.29719521909736e-08,3.22709748028283e-05,0.00141286822891894,0.00238477486362253,0.707106781186548,0,0.5,0.5,0.61474792608345,0.614966988504624,1.19177882232442,0.0379360922636542,-0.812297588053797,-0.812905299427822,-1.57963003294898,-0.0455728545326395
0.433310410346851,0.999999967349924,2.92411216067616e-06,0.000131047550402053,0.0002193584770127,-2.94825462336648e-07,1.29211312987012e-05,0.000596138987694617,0.000987721645351916,-1.96705845631545e-06,2.60044225076173e-05,0.0013162447660112,0.00211229090544007,0.707106781186548,0,0.5,0.5,2.98965285915234,2.99517009186159,5.8701336048748,0.114689346139132,-0.718337304283338,-0.721057618194737,-1.43418385658735,-0.0052110658907224
1.47640441320107,0.999996409643706,2.79288540178935e-05,0.00142110198327786,0.00227164892337308,-9.04893999104526e-06,3.28650437846482e-05,0.00183388823884527,0.00283575835134694,-1.62593885657444e-05,1.35356408406379e-05,0.00106591139373681,0.00146957121304974,0.707106781186548,0,0.5,0.5,8.56580777385654,8.61462749989887,17.4412039654544,0.260768691698958,-0.497554271160528,-0.503568016269227,-1.07890513520213,0.0777828477723777
2.58558306217074,0.999972423995954,7.10427440190742e-05,0.00406458878442549,0.00621492707914941,-3.7788663119173e-05,4.35941312805143e-05,0.00289320287881166,0.00418747375607391,-3.55752516382931e-05,6.5734135876975e-06,0.000852198556677909,0.000997771825800564,0.707106781186548,0,0.5,0.5,12.6269267156924,12.7395592755704,26.6438443111282,1.27735831986548,-0.336425333840669,-0.343036076586116,-0.801866479723868,0.122405069297083
3.78319616048969,0.999896957163737,0.000126891825333477,0.00809431438305871,0.0118550001194807,-9.19825521928307e-05,4.89117570684833e-05,0.00379992792638356,0.00516314261169318,-5.42980035786521e-05,2.74405714382401e-06,0.000669343779898319,0.000655068264238832,0.707106781186548,0,0.5,0.5,15.5467283181937,15.7263425710217,33.9682869490581,2.69521605984274,-0.22005464964438,-0.225901870961403,-0.585752609991726,0.139796089385943
5.41946741055757,0.999664472806417,0.000209283210008068,0.0151169652947953,0.0210327213998209,-0.000197308602063857,5.11269046920908e-05,0.00473239824397267,0.00597603121607412,-7.31259598402725e-05,3.09196235423724e-07,0.000480568783503918,0.000365455840669462,0.707106781186548,0,0.5,0.5,17.9702293408743,18.223712641454,40.9216212421228,4.72767925979447,-0.122292711161619,-0.126619421139212,-0.384808816908463,0.135896684607631
7.61963808330822,0.999039477766219,0.000321197044169517,0.026535799179714,0.0348693283410085,-0.000376132228957121,5.00775489723138e-05,0.00558351661058651,0.0065269908013936,-8.77120492832921e-05,-1.05029675753499e-06,0.000305483893972282,0.000160617608328961,0.707106781186548,0,0.5,0.5,19.6065525351141,19.9297231788132,46.694105664928,7.15782995100068,-0.0535178454114559,-0.0565111611949447,-0.220685821452908,0.110656814846508
10.4164116956794,0.997631765922373,0.000456034642040002,0.0431410853364426,0.0535676993253213,-0.000633909352526388,4.59416730229977e-05,0.00622643356024418,0.00679088441017026,-9.51225756125486e-05,-1.78319628743371e-06,0.000166303523176035,4.54576951282936e-05,0.707106781186548,0,0.5,0.5,20.3846346816669,20.777556978076,50.6157846626352,9.45359300289229,-0.014854534707105,-0.017714191707402,-0.107191350488912,0.0746226240744048
13.8469732224171,0.994893106797033,0.000602309551771627,0.0652589804701419,0.0769974593019133,-0.000962886790114506,3.90523743203896e-05,0.00661248311470847,0.00683687496735086,-9.56181730930531e-05,-2.13493115875498e-06,6.8499233778124e-05,-9.55240993393684e-06,0.707106781186548,0,0.5,0.5,20.5056398621962,21.0011474254557,52.6890592315273,11.1822719438754,0.00390511737730591,-8.44987279431605e-05,-0.0371255454546121,0.0409461641039748
18.1396325398244,0.989892028554465,0.00074997837137511,0.0940419257408716,0.106157079555332,-0.00136300985160633,2.95835381935605e-05,0.0067514429905549,0.0067286298997959,-9.00523590105321e-05,-2.18008422676954e-06,3.5007878006398e-06,-3.67435437570511e-05,0.707106781186548,0,0.5,0.5,20.1460311127595,20.8272434262113,53.1943568881528,12.2210823491821,0.0135463074288405,0.00785190329421191,0.00535953651625432,0.0160386742067981
23.3394263551908,0.981633668975372,0.000875022514575321,0.128983534194613,0.140562520524559,-0.00180328442600592,1.83447853588464e-05,0.00665314918646407,0.00648822997914744,-7.87618127459367e-05,-2.02106587973605e-06,-3.67544864129374e-05,-5.37551143045876e-05,0.707106781186548,0,0.5,0.5,19.3590795041517,20.3397747340162,52.2816600693575,12.5828058311897,0.0198022647772629,0.0127021304206738,0.0311136483759313,0.00139074682200538
29.1422031033459,0.969928185432332,0.000948787875375516,0.16681752273408,0.177229594070451,-0.00221535311808837,6.67205127387631e-06,0.00636332429106395,0.0061344896187986,-6.30151743397121e-05,-1.79101309369828e-06,-6.06567062667003e-05,-6.65306404507735e-05,0.707106781186548,0,0.5,0.5,18.1978071795174,19.5665141603414,50.2130452659637,12.448723926105,0.0246269826234076,0.0168610271769044,0.0473553725370122,-0.00586736273670027
35.1485913978422,0.955591004133628,0.000957919838211337,0.203848676590813,0.212815958660631,-0.00254006070231283,-4.19354442411255e-06,0.00595295424088807,0.00570333793570299,-4.51879407871841e-05,-1.54250077862606e-06,-7.45391047775874e-05,-7.53716436225356e-05,0.707106781186548,0,0.5,0.5,16.7711450289041,18.5594929392492,47.3695905173162,12.0389525491629,0.0282092554077988,0.0203986836533909,0.0579613285807463,-0.00935338951955669
41.2181802461534,0.939452286084438,0.000905649536501279,0.238554292048543,0.246009007385623,-0.00275901885237433,-1.35471444358602e-05,0.00547515703417373,0.0052268680756908,-2.73298128313816e-05,-1.23776467700324e-06,-8.18737536106197e-05,-8.00879274224618e-05,0.707106781186548,0,0.5,0.5,15.1714791291063,17.3748736483559,44.0352515812682,11.4888988038061,0.0305184636424429,0.0230492765569211,0.064665914912933,-0.0110981747135691
47.3661891563837,0.922080362068575,0.000801088099529185,0.270646079587641,0.276618625094522,-0.00287457590113159,-2.08705793877607e-05,0.00496171644924274,0.00472758333399233,-1.08438105731744e-05,-8.54328598172925e-07,-8.43476811707967e-05,-8.09937439467411e-05,0.707106781186548,0,0.5,0.5,13.4595294445719,16.0576206635793,40.3809551151323,10.8638050069811,0.0316196679630767,0.024720839753424,0.0682216054969979,-0.0118810977804972
53.6184134828556,0.903992685949915,0.000656438349425564,0.300022677818749,0.304603325051155,-0.00289597088622825,-2.57023451096245e-05,0.00443655271948848,0.00422479611631988,3.28906514170715e-06,-4.25901463912784e-07,-8.30211013020827e-05,-7.87384982196751e-05,0.707106781186548,0,0.5,0.5,11.688744236075,14.652522079793,36.5448880882043,10.2036217723364,0.0316605090909425,0.0254522460948165,0.069093914699562,-0.011981159513803
59.9935750420384,0.885678767786919,0.000486552470046711,0.326643857640437,0.329964655416171,-0.0028368247493618,-2.78354028173554e-05,0.0039191860414928,0.00373479681594414,1.45119989734736e-05,-8.89078592716561e-09,-7.88374321108822e-05,-7.41239331029698e-05,0.707106781186548,0,0.5,0.5,9.90733809508482,13.203277792574,32.6505160896799,9.53990020202108,0.030840498428826,0.0253587978996526,0.0677409964467207,-0.0115417001182421
66.5059701889895,0.867575377621453,0.000307440957311268,0.350536333523846,0.352756500301143,-0.00271337128177556,-2.73961890793898e-05,0.00342481230544475,0.00327007833330221,2.26764919787125e-05,3.45715810363787e-07,-7.27039770593006e-05,-6.7962383980804e-05,0.707106781186548,0,0.5,0.5,8.15573734265896,11.7493034073507,28.8043497952683,8.89930904525871,0.0293806849077134,0.0245967254139682,0.0646601952538041,-0.0106827849321224
73.164490836146,0.850055406439932,0.000134475923874403,0.371781406004389,0.373074220561899,-0.00254264801481439,-2.479643068658e-05,0.00296439956439522,0.00283934490725352,2.79592369472206e-05,6.05780301827276e-07,-6.54468096832547e-05,-6.09806089065231e-05,0.707106781186548,0,0.5,0.5,6.46583805855425,10.3242669675123,25.0940175573339,8.30391253126733,0.02749742689683,0.0233366093788876,0.0603584297189346,-0.00952439344321702
79.9695016213252,0.833426202444474,-1.91714203674927e-05,0.390498230352613,0.391039507982145,-0.00234106744573925,-2.06267829401506e-05,0.00254508654549369,0.00244797454956469,3.0752221639628e-05,7.60954666937265e-07,-5.77596248687071e-05,-5.37688089107539e-05,0.707106781186548,0,0.5,0.5,4.86151927376327,8.95578404267816,21.5881624157826,7.77085909934119,0.0253839078992058,0.0217442428250598,0.0553118789090767,-0.00818372818481118
86.9075527374369,0.817934040444497,-0.000143639899710821,0.406827746637302,0.406786269944962,-0.00212348391065218,-1.55401779204087e-05,0.00217081741275394,0.00209869125227069,3.15573941263969e-05,8.19071670190395e-07,-5.01784811630358e-05,-4.67668917180173e-05,0.707106781186548,0,0.5,0.5,3.35996884690377,7.6658794302101,18.3380484418284,7.31220016471456,0.0232003242892317,0.0199686377047472,0.0499363581416314,-0.00676739614765249
93.941667387697,0.803775177294868,-0.000232991890512811,0.420916092859789,0.420446254414322,-0.00190276863204836,-1.01545987241796e-05,0.0018431490647384,0.00179234496166104,3.09034616627668e-05,7.99641001891115e-07,-4.30850058283392e-05,-4.02772223433187e-05,0.707106781186548,0,0.5,0.5,1.97378915693761,6.47218048726185,15.3809754567334,6.935005812534,0.0210718574364844,0.0181366410259787,0.0445740449011352,-0.00536554643867219
100.990462828354,0.79111901069936,-0.00028543248018378,0.432891973404149,0.432128648437739,-0.00168994226915894,-4.9910826929473e-06,0.00156226133386149,0.00152883554955006,2.92929082309923e-05,7.27358227888924e-07,-3.67331856493966e-05,-3.44952740210408e-05,0.707106781186548,0,0.5,0.5,0.714451665936934,5.39029214341929,12.7464906930623,6.64174688370609,0.0190933865665834,0.0163539216473112,0.0394978393444263,-0.00405053113053163
107.869972447422,0.780170439803709,-0.000303434984358277,0.442814642883386,0.441870099499568,-0.0014953115334877,-4.58124493819389e-07,0.00132864249451311,0.00130865466262831,2.7186506613641e-05,6.27642371308999e-07,-3.13033105823527e-05,-2.95611284568541e-05,0.707106781186548,0,0.5,0.5,0.399860263054095,4.43980267761489,10.4708994455234,6.43095703096261,0.0173433232496446,0.0147154691532773,0.0349416688972645,-0.00288287649434261
114.446662271115,0.770908210303943,-0.000293675338217479,0.450909383432559,0.44986795059577,-0.00132379261586197,3.26419444409505e-06,0.00113793005448701,0.00112793146297937,2.49286558332864e-05,5.23566480581931e-07,-2.67979971998414e-05,-2.54599933697031e-05,0.707106781186548,0,0.5,0.5,1.36971561411914,3.62190517813683,8.54449136744421,6.29230180342655,0.0158437089072332,0.0132653162734509,0.0309954907949899,-0.00188646561430583
122.184860218811,0.761383384111178,-0.000253914666229583,0.458959686555663,0.457876931110841,-0.00114142276731005,6.7875200368304e-06,0.000948543727197274,0.000947238638897837,2.21760484156185e-05,4.15314646814308e-07,-2.22806282112154e-05,-2.1312162235927e-05,0.707106781186548,0,0.5,0.5,2.40544559212125,2.76307297488855,6.55637827770588,6.1987508949386,0.0142823873070129,0.0117085138421665,0.0268637235766968,-0.000872822427517359
131.453506123805,0.751710194135131,-0.000175102904310279,0.466861410101422,0.465802723403813,-0.000950577965390143,9.85388235441446e-06,0.000763322827737735,0.000768984127034938,1.89718851163553e-05,3.08670550641273e-07,-1.78437871568449e-05,-1.71927368671437e-05,0.707106781186548,0,0.5,0.5,3.51646375212565,1.86569412947808,4.52053798443927,6.17130760708686,0.0126864362121024,0.0100641417913964,0.0226155849422732,0.000134993061225611
141.104521730837,0.743371796307411,-6.79503395458816e-05,0.473457695007921,0.472478760237146,-0.000782000303410656,1.1921390345325e-05,0.000609529618698481,0.000619564976565029,1.59283697343281e-05,2.09601199811423e-07,-1.41643030847216e-05,-1.3760495808051e-05,0.707106781186548,0,0.5,0.5,4.54716084757195,1.06343318178645,2.73955981449605,6.22328748028158,0.0113212079764778,0.00861194894456051,0.0189442653396366,0.000988891581401726
150.040298010411,0.736986518852601,4.50364508399678e-05,0.47837688870585,0.477500179427562,-0.000650652934355053,1.30548522810036e-05,0.000495508921046016,0.000507815174943084,1.3459077558186e-05,1.11325915178679e-07,-1.14499699536057e-05,-1.12433208872195e-05,0.707106781186548,0,0.5,0.5,5.40650016873069,0.423170341425741,1.3469393859767,6.33026921328167,0.0103007628890401,0.00749278845895816,0.0161515337073306,0.0016420176406676
158.23055086969,0.732086255592912,0.000154565886604494,0.482074868256022,0.481303970352703,-0.000548597692824653,1.35300921008911e-05,0.000410259619930582,0.000423522139445579,1.14791735386691e-05,3.44636562362552e-08,-9.43278272026733e-06,-9.36054913484295e-06,0.707106781186548,0,0.5,0.5,6.1281836967088,0.0905225071619301,0.250077748148532,6.46878395201928,0.00952650117049027,0.00662047493147032,0.0140153134305188,0.00213166267144175
167.255857877867,0.72757583416683,0.000277178636935507,0.485419238893871,0.484769523815328,-0.000453712932047616,1.35204531804487e-05,0.000333562414411941,0.000346946736203374,9.57956226198505e-06,-1.78573238498485e-08,-7.62906605952327e-06,-7.6412224395657e-06,0.707106781186548,0,0.5,0.5,6.86329449317027,0.588175515256611,0.793514065875307,6.65795594255159,0.0088094646795025,0.00579462695355588,0.0120452885941472,0.00255880303891122
177.533802104701,0.723385141268797,0.000414308284003191,0.488475056335428,0.487960946263397,-0.000364798825995745,1.30414635169454e-05,0.000263865141533034,0.000276647359280839,7.75607788569574e-06,-5.28501067958306e-08,-6.00205884007579e-06,-6.06228926914825e-06,0.707106781186548,0,0.5,0.5,7.63731101364253,1.08142685819094,1.80840346560116,6.91033440623232,0.00814335022747287,0.00500906613525097,0.0102171328835691,0.00293528347915473
188.402154879214,0.719846098652341,0.000552165244396229,0.491016375900655,0.490636533460294,-0.000289174049158099,1.21774936660786e-05,0.000206216295761068,0.000217877189411509,6.17390952628167e-06,-6.79512419065789e-08,-4.66620678076573e-06,-4.74242869537089e-06,0.707106781186548,0,0.5,0.5,8.39707626655098,1.53298424187082,2.71972540500264,7.21033510341918,0.00758022469403227,0.00433033546276057,0.00867615987321491,0.00323440028357793
199.535845156739,0.716981366371585,0.000682827431925399,0.493046349469398,0.492790575495853,-0.00022759528311628,1.10503727228406e-05,0.000160393604499983,0.000170645614131804,4.85859344542155e-06,-5.897535931902e-08,-3.61050531865538e-06,-3.67316681299352e-06,0.707106781186548,0,0.5,0.5,9.12608808939244,1.93529136712466,3.51688558008271,7.54449387643441,0.00711803620809765,0.00376467727260177,0.0074265574951489,0.00345615598555053
210.272495398137,0.714798402755329,0.000797120854318843,0.494576375382307,0.494425744607292,-0.000180473463133466,9.86666562242795e-06,0.00012600047707269,0.000134858307324796,3.8397800444974e-06,-3.89643751556024e-08,-2.8208887988355e-06,-2.86438064086998e-06,0.707106781186548,0,0.5,0.5,9.79180432590323,2.27660967680959,4.18250353682405,7.8859104658888,0.00676334541860032,0.00332624660716625,0.00647618463252787,0.0036134073932387
220.352671517649,0.713162037347424,0.000893287335231401,0.495713443586747,0.495648355562265,-0.000145095253005494,8.80825978793883e-06,0.000100536833255845,0.000108203926258413,3.08513779158196e-06,-3.60869338386967e-08,-2.24026868297141e-06,-2.28505867762866e-06,0.707106781186548,0,0.5,0.5,10.3900407070854,2.56311265847562,4.7341546647394,8.21899870082165,0.00650959647222546,0.00300358793948565,0.00577766087375137,0.00373552353795975
230.184114436126,0.711875675910594,0.000976877735047614,0.496601084331655,0.49660792462198,-0.000117249740387222,7.84022125122593e-06,8.07263865728765e-05,8.73340234706572e-05,2.49630242789069e-06,-4.11335463904053e-08,-1.79230041697748e-06,-1.84232142026021e-06,0.707106781186548,0,0.5,0.5,10.9536517447401,2.81695112606696,5.21773660669902,8.55286626410809,0.00631746590777507,0.00275100730617209,0.00523622423596316,0.003832248977984
240.38101132599,0.71080170332024,0.00105361956055667,0.497337692532409,0.497408331282666,-9.39342035958498e-05,6.8543222191276e-06,6.43303366902631e-05,6.98972386911424e-05,1.99179488472814e-06,-3.12124088399613e-08,-1.42212276568513e-06,-1.46028452439007e-06,0.707106781186548,0,0.5,0.5,11.5219730352984,3.0587557475802,5.67409456002688,8.90663422285172,0.00614991803577677,0.00253063318123645,0.00477859260183005,0.00390195861518316
251.109437841875,0.709901051660816,0.00112425185579836,0.49795207488967,0.498079274836551,-7.42982795237241e-05,5.82713930385306e-06,5.06816148040229e-05,5.52138218497589e-05,1.5469061891627e-06,3.56533091110945e-09,-1.11204745721451e-06,-1.115443685985e-06,0.707106781186548,0,0.5,0.5,12.1058446846815,3.29412498770439,6.11474176147206,9.28522791091382,0.0059941544961988,0.00233156024649393,0.00438231348789706,0.00394340125479567
261.858008923401,0.709186473127071,0.0011854474583165,0.498437246966531,0.498611524018785,-5.866166296376e-05,4.85148364497115e-06,3.9921082604907e-05,4.35171493865254e-05,1.17832362141239e-06,5.13725766680408e-08,-8.65637405768311e-07,-8.24686735613066e-07,0.707106781186548,0,0.5,0.5,12.6791979544689,3.51403754620985,6.52390193638596,9.66933356429279,0.00585911881818471,0.00216352068507808,0.0040589252225408,0.00396371428072199
272.041797161506,0.708647678825082,0.00123508438848665,0.498801814971215,0.49901271651512,-4.69238835260316e-05,4.1141845975547e-06,3.18626446542263e-05,3.47772195364008e-05,9.2097617383592e-07,6.38247002477615e-08,-6.84859364590175e-07,-6.32370303831413e-07,0.707106781186548,0,0.5,0.5,13.2131656308605,3.71002393726854,6.88726658650175,10.0359229816273,0.00577361886753126,0.00204768838184031,0.00383015659390854,0.00399115065546303
281.73755185582,0.708234886112604,0.00127554558291625,0.499080430601752,0.499319980440301,-3.80054661461188e-05,3.59448975369618e-06,2.57306514623087e-05,2.81794199948592e-05,7.50969806919716e-07,4.08920158604297e-08,-5.52504558181567e-07,-5.18874578626602e-07,0.707106781186548,0,0.5,0.5,13.7146560740979,3.88743889919401,7.21552474113444,10.3865702321575,0.00572968070893449,0.00197338381018641,0.00367401606095154,0.00402904845816936
291.570424024124,0.707896394022704,0.0013109988416011,0.499308314882183,0.499572000117305,-3.06696534806125e-05,3.09676137959048e-06,2.07208411637179e-05,2.27410442683039e-05,6.04459238152867e-07,3.1214052741428e-08,-4.43610595337144e-07,-4.17024380203712e-07,0.707106781186548,0,0.5,0.5,14.2184369358265,4.06044461989693,7.53489322856981,10.7439883271536,0.00568831978351622,0.00190754060451698,0.00354156968015836,0.00405429070787484
302.023625635217,0.707607600325649,0.00134347979376329,0.499502227277329,0.499787158666974,-2.43349215850972e-05,2.53421697767052e-06,1.6451083837908e-05,1.80053001031107e-05,4.53534506737113e-07,5.5352369193823e-08,-3.46430456132144e-07,-2.9842600275138e-07,0.707106781186548,0,0.5,0.5,14.7501223912167,4.23841954985722,7.86275187952741,11.1257900615466,0.00563275177451226,0.00183607998787272,0.00341127248370381,0.00405755927868118
312.861525368153,0.707369868591875,0.00137224012487754,0.499661450180732,0.499964419902698,-1.90328245785076e-05,1.9219398400507e-06,1.29338392148118e-05,1.3997132837872e-05,2.99191480006656e-07,1.12972107252473e-07,-2.60952351255921e-07,-1.64282447744503e-07,0.707106781186548,0,0.5,0.5,15.2980509900254,4.41774279569142,8.19261426832878,11.5231795173881,0.00556327829675123,0.00175990999360441,0.00328381767664023,0.00403937061371541
323.335369190511,0.707187827885589,0.00139553388165296,0.499783242668982,0.50010012889713,-1.4986528024396e-05,1.44290065246648e-06,1.0249723823233e-05,1.0945080913306e-05,1.8591991797575e-07,1.51817365609263e-07,-1.96506651252791e-07,-6.78523470016465e-08,0.707106781186548,0,0.5,0.5,15.824285316278,4.58647244657467,8.50304956871784,11.9077081941348,0.00551382168984937,0.00170404862520154,0.00318975557888835,0.00402811473616257
333.126792641939,0.707051884038243,0.00141337005446847,0.499874334765405,0.500201244606514,-1.21049225520198e-05,1.2482482978895e-06,8.27269309879248e-06,8.8399162296746e-06,1.50092398351921e-07,1.21208041205783e-07,-1.58071372054835e-07,-5.51243565267984e-08,0.707106781186548,0,0.5,0.5,16.3129385556828,4.74026053468254,8.78652536282038,12.266673727545,0.00551527171140722,0.00168920869114418,0.0031527636501319,0.0040517167524195
342.719324261805,0.70694419251629,0.00142809901937328,0.499946509449867,0.500281277772392,-9.85564913089313e-06,1.12296361412519e-06,6.71532904476632e-06,7.21291213146393e-06,1.33366462172598e-07,8.27888711054413e-08,-1.30150897614469e-07,-5.90226090311167e-08,0.707106781186548,0,0.5,0.5,16.789914697937,4.88845041580722,9.05981331618147,12.6185517975628,0.00552563201214652,0.0016836151751795,0.00313144734174469,0.00407779984558132
352.829690311407,0.70685235147482,0.00144156954576334,0.500007923984393,0.50034962880428,-7.85787951282045e-06,8.98863260912014e-07,5.37603073045614e-06,5.72600978914532e-06,9.14417477813587e-08,8.43971320527605e-08,-1.00952110206401e-07,-2.87896023545288e-08,0.707106781186548,0,0.5,0.5,17.2919854838208,5.04308696102442,9.34477522359036,12.9902972212548,0.00551261814783136,0.00166326570136905,0.00309453439596136,0.00408134945323905
363.615009919461,0.706773935564086,0.00145405320007027,0.500060185909908,0.500408133631232,-6.03553768863253e-06,5.42483275651507e-07,4.21386922438685e-06,4.31204761299994e-06,1.50918147047041e-08,1.36203967823127e-07,-6.78294570974362e-08,4.59248917855766e-08,0.707106781186548,0,0.5,0.5,17.8271854752136,5.20676064403148,9.64615121254252,13.3877949067026,0.00546939989265259,0.00162332684363341,0.00303552654484308,0.00405720019144292
374.397518721477,0.706711724971454,0.00146468536534574,0.500101551908904,0.50045462358036,-4.51616013047895e-06,1.52704251103177e-07,3.27940430253666e-06,3.0999103579904e-06,-7.10988497069465e-08,2.09380442491164e-07,-3.61730540525834e-08,1.3585473798769e-07,0.707106781186548,0,0.5,0.5,18.3615808756224,5.3690757875452,9.94501485201759,13.78564181115,0.00541474087375683,0.00157749130188063,0.0029713596090075,0.00402087256662996
384.463878017445,0.706665946178284,0.00147234118026656,0.500132231232309,0.500488585290406,-3.54201928840563e-06,4.71216072204768e-08,2.61677650353298e-06,2.38610988640018e-06,-8.44975036477054e-08,2.01541159033683e-07,-2.30322505681654e-08,1.41679260640907e-07,0.707106781186548,0,0.5,0.5,18.8584073916616,5.51854223549866,10.2209116088974,14.1560380182629,0.00541402611541723,0.00157130381917755,0.00295813727798804,0.00402719265660673
393.970460645564,0.706631491598985,0.00147785129155097,0.500155554477534,0.500513908259726,-2.95001915480835e-06,1.47956923042623e-07,2.14320831820068e-06,2.02276143743461e-06,-4.55103351234492e-08,1.34869851716798e-07,-2.33654654541438e-08,8.71677601896169e-08,0.707106781186548,0,0.5,0.5,19.3260405715639,5.65816480429064,10.4791790131695,14.505026362685,0.00545235413564198,0.00159351420912872,0.00298151608077647,0.00406435226399422
403.711706222215,0.706602671583508,0.00148286816064528,0.500174992034034,0.500535156564274,-2.39466031510413e-06,1.4921395267211e-07,1.7366812136621e-06,1.64465490298329e-06,-3.383010995137e-08,1.05095044772152e-07,-1.9377219564144e-08,6.67867712474982e-08,0.707106781186548,0,0.5,0.5,19.805455982268,5.80103503055113,10.7432647260708,14.8632262867484,0.00546784218053941,0.00160049274346892,0.00298686859819011,0.00408146632581822
414.250974091919,0.706577231002109,0.00148794283690457,0.500191971236104,0.500554087553431,-1.77067978680203e-06,-2.94508547222167e-08,1.35367434881524e-06,1.14686667288754e-06,-7.00286463333046e-08,1.36677653879718e-07,-6.06360974794504e-09,1.04492131384976e-07,0.707106781186548,0,0.5,0.5,20.3248594542298,5.95576066761584,11.0288985165565,15.2517216052891,0.00544460145940142,0.00158114331160409,0.00296002785103107,0.00406571691997443
425.232514169855,0.706555758915785,0.00149291014756033,0.500206098681507,0.500570264402569,-1.09250498473196e-06,-3.83452244781913e-07,1.00219624860833e-06,5.41749065034761e-07,-1.53270194340903e-07,2.29056069095403e-07,1.6529432299596e-08,1.99135314469041e-07,0.707106781186548,0,0.5,0.5,20.8667428422885,6.1171405493512,11.326489338209,15.6573940534307,0.00538307773922569,0.00153608682872056,0.00290161526759863,0.00401754930034762
435.698399210603,0.706539712196635,0.00149659734454484,0.500216744539432,0.500582264735635,-6.29179451038402e-07,-5.93960501392324e-07,7.46558118246156e-07,1.43809162886143e-07,-2.00361685133516e-07,2.79524753276535e-07,3.042481609105e-08,2.5155669921356e-07,0.707106781186548,0,0.5,0.5,21.3822586634159,6.27006810101822,11.6088514349597,16.0434753294744,0.00534900193036216,0.00151077666204718,0.00286823164192813,0.00399154695048121
445.321766311976,0.706528724413808,0.00149833665876548,0.500224435124706,0.500590082871828,-5.67873161954596e-07,-4.02957184334162e-07,6.18516038622203e-07,1.84633362491363e-07,-1.43627093905539e-07,2.03319914586389e-07,2.08232408002136e-08,1.81295701811489e-07,0.707106781186548,0,0.5,0.5,21.8539531416852,6.40892801862289,11.8661771200261,16.3967040402821,0.00539637890985776,0.00154189549867523,0.00290577611862545,0.00403249828990754
454.763987998445,0.706520046881295,0.00149968708241969,0.500230559373734,0.500596206300197,-5.45111684351319e-07,-2.19383609958115e-07,5.22382407951435e-07,2.48003668126861e-07,-8.99051340137211e-08,1.31956201919965e-07,1.11889289532381e-08,1.15310827181889e-07,0.707106781186548,0,0.5,0.5,22.3166899658635,6.54500084655711,12.1183567447392,16.7433340676814,0.00544092833592754,0.00157122851926237,0.0029414786997989,0.004070678155391
464.900537853134,0.70651205095165,0.00150149761881348,0.50023598747152,0.500602061725068,-3.72784839115056e-07,-2.50857847270294e-07,4.05357470634502e-07,1.21811821739716e-07,-9.30221696221474e-08,1.31841352579211e-07,1.37464552940022e-08,1.17151878031502e-07,0.707106781186548,0,0.5,0.5,22.8146633789097,6.69179702319679,12.3899058670643,17.1165545350422,0.0054401041606972,0.00156965781659221,0.00293865952172907,0.00407110245556034
475.863912154699,0.706504546384959,0.00150389310206089,0.500240807887049,0.500607828911449,-1.91644797679383e-08,-5.34975996651361e-07,2.58543527317232e-07,-2.29700131603808e-07,-1.62653761619281e-07,2.15176254986521e-07,3.0960004880314e-08,1.97967650992431e-07,0.707106781186548,0,0.5,0.5,23.3545936220849,6.85137121148238,12.6845518794027,17.5214129541646,0.00538612890377483,0.00153212399223736,0.00289073630293804,0.00402751659307415
486.747986608121,0.706498274142566,0.00150631239480521,0.500244683238825,0.50061280102274,3.88035720998001e-07,-9.21484818032138e-07,1.13348469404987e-07,-6.58114398368861e-07,-2.59661158576127e-07,3.33608427942413e-07,5.42654023226272e-08,3.11219003795824e-07,0.707106781186548,0,0.5,0.5,23.891144587853,7.01005528473897,12.9773541424963,17.9238457300958,0.00530994660982302,0.00147995229511172,0.00282434170495145,0.00396555719998328
496.702873997194,0.70649463037136,0.00150695340734195,0.50024730844735,0.500615318122653,3.83012692068202e-07,-8.2812813406997e-07,7.48958937005198e-08,-6.1287563110321e-07,-2.32036084399897e-07,2.97490229234475e-07,4.92472320139751e-08,2.77352549463883e-07,0.707106781186548,0,0.5,0.5,24.3793069324475,7.15337769568621,13.2428430549584,18.2898415731753,0.00533261639556701,0.00149506731328927,0.00284277428553002,0.00398490942332626
506.016626925308,0.706492553747868,0.00150660435500163,0.500249148764243,0.500616410840461,1.5563085556555e-07,-4.78563605599618e-07,9.67255271615441e-08,-3.14847643407949e-07,-1.38246331019339e-07,1.79113663199611e-07,2.878552202407e-08,1.65795314751139e-07,0.707106781186548,0,0.5,0.5,24.8345108544661,7.28640440023121,13.4898631438063,18.6310521108911,0.0054078779470057,0.00154568139525597,0.0029062532337272,0.00404730610853448
515.693100004049,0.706490379324272,0.00150685100523591,0.50025080375297,0.500617824959123,1.00375215267005e-07,-3.54185103427858e-07,8.42152568426981e-08,-2.24740638555191e-07,-1.03595369462482e-07,1.34702239910818e-07,2.15618918375567e-08,1.24245693453366e-07,0.707106781186548,0,0.5,0.5,25.3087728862783,7.425478345119,13.7475762866546,18.9866749447427,0.00543596817590375,0.0015643895274758,0.00292958134128795,0.00407077636209161
526.37783075056,0.706487775495032,0.00150793667472367,0.500252430337368,0.500619870904685,2.72989746120234e-07,-5.2151542681117e-07,2.19502318536424e-08,-4.05613470146951e-07,-1.4510239583289e-07,1.85689104551802e-07,3.18357339917376e-08,1.72399562321364e-07,0.707106781186548,0,0.5,0.5,25.8341561640429,7.58015607335328,14.0335342249918,19.3807780124045,0.00540322418368813,0.00154223912113789,0.0029011787036821,0.00404428460114392
537.55053785597,0.706484800575637,0.0015098863507446,0.500253970976333,0.500622523785358,6.85288998277232e-07,-9.98431943471901e-07,-9.30020190813544e-08,-8.71143611096675e-07,-2.67283444541648e-07,3.38080590324743e-07,6.10248566186412e-08,3.15189707551762e-07,0.707106781186548,0,0.5,0.5,26.3852247946473,7.74299522769539,14.3339349131898,19.7942851091529,0.00530586479518753,0.00147704776919895,0.00281798634664831,0.00396492621773816
548.003947060105,0.706482942023317,0.00151091582107358,0.500255037622889,0.500624077623501,8.7924774694949e-07,-1.21330907926371e-06,-1.53254544270247e-07,-1.08399494469954e-06,-3.21496553726455e-07,4.05787422372398e-07,7.45200913741162e-08,3.78000647806132e-07,0.707106781186548,0,0.5,0.5,26.8994874255926,7.89443174535253,14.6138240362074,20.1800951347377,0.00526260123535946,0.00144836992190492,0.00278102594939613,0.00392994520786825
557.43407800668,0.70648303744697,0.00150985937432704,0.500255475552022,0.500623508541692,5.4933944263154e-07,-7.79138300254127e-07,-8.63216853950021e-08,-6.86623195096848e-07,-2.07502018280634e-07,2.62578092139828e-07,4.82176370443647e-08,2.43851264256839e-07,0.707106781186548,0,0.5,0.5,27.3598385063204,8.02864812657414,14.8632558525061,20.5252307803886,0.00535385384293756,0.00150937111441248,0.0028584077039429,0.00400481725340714
566.722718047655,0.706483051081835,0.0015090940517161,0.500255842507778,0.50062312492141,3.04894209268671e-07,-4.55757049050411e-07,-3.6829041058653e-08,-3.92093090060171e-07,-1.22633324003212e-07,1.55780188912279e-07,2.84686269553966e-08,1.44142812479974e-07,0.707106781186548,0,0.5,0.5,27.8138671456396,8.16123560477269,15.1094252307942,20.8656775196181,0.00542187925012171,0.00155467728785673,0.00291601243548215,0.00406054410249629
576.919080842281,0.706482316943783,0.00150935687908907,0.500256347365044,0.500623655662155,3.30946345105747e-07,-4.74017594967768e-07,-5.06172723407415e-08,-4.15023670639455e-07,-1.26469868150124e-07,1.60431392505511e-07,2.97428966669036e-08,1.48269053084671e-07,0.707106781186548,0,0.5,0.5,28.3143743952139,8.30817317006564,15.3814239987884,21.2411235664911,0.00541886657957736,0.00155274883031952,0.00291334172027249,0.0040582736896244
588.108594216888,0.706480708626312,0.0015108122748437,0.50025702290105,0.500625245890889,6.6957401340072e-07,-8.88022062599439e-07,-1.39120356980712e-07,-8.03202708063455e-07,-2.32732970948481e-07,2.94161772424689e-07,5.57846896346498e-08,2.71796814033987e-07,0.707106781186548,0,0.5,0.5,28.8658577097101,8.47088209295988,15.6817835902563,21.6549562124137,0.00533363024310276,0.00149657119384904,0.00284107132032372,0.00398913011662808
599.103469984658,0.706478832145882,0.00151274365408347,0.500257703839608,0.500627207696058,1.1378894215767e-06,-1.46953421504799e-06,-2.58969498124149e-07,-1.34255642577933e-06,-3.82158770910538e-07,4.82698356070603e-07,9.26760282538111e-08,4.45220832836143e-07,0.707106781186548,0,0.5,0.5,29.4087314050599,8.6313909542208,15.9777330156007,22.06238934368,0.00521354184859901,0.00141779641908594,0.00273948113223416,0.00389185713545079
608.919197009743,0.706479157490369,0.0015120298360592,0.50025778802791,0.500626666603864,9.30224433461821e-07,-1.20208355717629e-06,-2.13302822568126e-07,-1.09594679274502e-06,-3.12291069394199e-07,3.94868994892314e-07,7.62324491456255e-08,3.63325920739081e-07,0.707106781186548,0,0.5,0.5,29.8889252855652,8.7717403472059,16.2381591584786,22.4225064742926,0.00526951182800067,0.00145502770435746,0.00278693179617781,0.00393760773618031
618.020766375013,0.706480294326366,0.00151036669948305,0.500257632319616,0.500625222923234,4.83216036610046e-07,-6.33321384409075e-07,-1.0708224025502e-07,-5.72998201309032e-07,-1.6501141882099e-07,2.09033761839965e-07,4.04270839928019e-08,1.91833455444084e-07,0.707106781186548,0,0.5,0.5,30.3323644188592,8.90068874463741,16.4780980142833,22.7549551492134,0.00538785583985626,0.00153289462894946,0.00288699866639384,0.00403375180241187
627.646137467646,0.706480501600239,0.00150990889564172,0.500257687197144,0.500624876962749,3.49561416200421e-07,-4.60456473767834e-07,-7.69343619847448e-08,-4.1503345299109e-07,-1.20030027868685e-07,1.5225103060077e-07,2.95744016204994e-08,1.39373127827115e-07,0.707106781186548,0,0.5,0.5,30.8037495601404,9.0386512277461,16.7338925444762,23.1085082434103,0.00542400806902986,0.00155670405115463,0.0029175466383236,0.00406316548186089
638.51765176872,0.706479708015175,0.00151073778155126,0.50025798117068,0.500625700607933,5.48289502921848e-07,-7.08536698574804e-07,-1.29170792154681e-07,-6.4252848919208e-07,-1.83447503640449e-07,2.32641146981581e-07,4.56714710052471e-08,2.1253748829266e-07,0.707106781186548,0,0.5,0.5,31.3386696813412,9.19610975094315,17.0249144418174,23.509864990467,0.00537285435536124,0.00152353179603127,0.00287442776365844,0.00402195838773406
649.908401638898,0.706477737309683,0.0015130934664713,0.50025855688289,0.500627899241943,1.14104196612473e-06,-1.45741772691503e-06,-2.80847525629251e-07,-1.32517416686488e-06,-3.7542424620638e-07,4.76239656894299e-07,9.43422620506672e-08,4.34069879715385e-07,0.707106781186548,0,0.5,0.5,31.9019019906453,9.36287601192824,17.3321576996908,23.9326203028827,0.00521789568983049,0.00142314968962558,0.00274394198731787,0.0038971033921382
660.331060135765,0.706477003309921,0.00151392700806163,0.500258804833792,0.500628684760986,1.34467105508529e-06,-1.71521563849649e-06,-3.35519004181496e-07,-1.55711439206842e-06,-4.40960415996996e-07,5.59935801896035e-07,1.11602985193298e-07,5.09045997211295e-07,0.707106781186548,0,0.5,0.5,32.4148446313129,9.51388288069732,17.6112405549162,24.3174869570941,0.00516472769241776,0.00138926095807232,0.00269939073970001,0.00385459791079006
669.541781191172,0.706478730296099,0.00151166627550339,0.500258412254175,0.50062664678702,7.56935551194451e-07,-9.68739759569055e-07,-1.88705637082866e-07,-8.76687000833545e-07,-2.48990090811446e-07,3.16554734987509e-07,6.33555447884349e-08,2.87102612648724e-07,0.707106781186548,0,0.5,0.5,32.862631997344,9.64376392544806,17.8532323623052,24.6531635604869,0.00531957025633472,0.00148985005529827,0.00282984832319136,0.00397957198844164
678.674766766576,0.706479746529459,0.00151031845747566,0.500258188898865,0.500625439946329,4.05451981372515e-07,-5.21407668527156e-07,-1.00519929962935e-07,-4.7015230252384e-07,-1.3406943319901e-07,1.7066961116727e-07,3.42854122630045e-08,1.54421533350653e-07,0.707106781186548,0,0.5,0.5,33.3082972594691,9.77362951147487,18.0945788772374,24.9873478937066,0.00541235742918585,0.00154995233722436,0.00290794363196835,0.00405436613444186
688.95828755004,0.706479582653387,0.00151047572838195,0.500258263545397,0.500625596140982,4.40132127777963e-07,-5.64925110420545e-07,-1.10798659240808e-07,-5.0868975411037e-07,-1.44948803552023e-07,1.84690328238961e-07,3.73328733553236e-08,1.66686518485155e-07,0.707106781186548,0,0.5,0.5,33.8131992339117,9.92185237717627,18.3689296446559,25.3661219664322,0.00540346624310992,0.00154442758345661,0.00290054132248757,0.00404735250407896
700.409331239076,0.706478008466006,0.00151243777144031,0.500258700781138,0.500627374779548,9.36362168904133e-07,-1.19705976628421e-06,-2.40951849840501e-07,-1.07698973267394e-06,-3.06176849615451e-07,3.90451291957042e-07,7.94835932548321e-08,3.51460586757534e-07,0.707106781186548,0,0.5,0.5,34.378721939889,10.0890152013257,18.6771930264269,25.7905441147877,0.00527274152687867,0.00146089863095159,0.00279095564829306,0.0039426845095372
711.513268850905,0.706475832848056,0.00151518376549434,0.500259294064987,0.500629843818168,1.63238769307914e-06,-2.08603836030255e-06,-4.24917390129278e-07,-1.87266672471842e-06,-5.32542785830356e-07,6.79884140584726e-07,1.3922922750241e-07,6.10305285956596e-07,0.707106781186548,0,0.5,0.5,34.9286592035062,10.2520911328839,18.9774100751978,26.2033402611923,0.00508893568531762,0.00134397433821583,0.00263710053500655,0.0037958094885269
721.164348249583,0.706477120876097,0.00151352227809427,0.500258977988998,0.500628347050323,1.20430717247623e-06,-1.54099707416052e-06,-3.15236928712901e-07,-1.37983202658614e-06,-3.92949574799576e-07,5.02260324137603e-07,1.03347698600999e-07,4.49721357115107e-07,0.707106781186548,0,0.5,0.5,35.3991968718465,10.3890686594363,19.2321034488361,26.5561620824469,0.00520185627221421,0.00141664746245216,0.00273197012575519,0.00388653360891118
730.042449013396,0.706479095439686,0.00151098442340886,0.50025847274016,0.500626073116931,5.54834166483273e-07,-7.11472626567792e-07,-1.4549013052499e-07,-6.35446419168439e-07,-1.81322551157824e-07,2.32018406535534e-07,4.79278557489511e-08,2.07285370032808e-07,0.707106781186548,0,0.5,0.5,35.8301966562731,10.5139080915425,19.464852522078,26.8792522257376,0.0053735216484715,0.00152621114378095,0.00287580187753216,0.00402393091472029
739.630690948306,0.706479572652326,0.00151036036158163,0.500258358422431,0.500625515795051,3.93708201174237e-07,-5.05582452675035e-07,-1.03752629073427e-07,-4.50396679759494e-07,-1.28726684892547e-07,1.64906685145585e-07,3.42275039197768e-08,1.46957123288151e-07,0.707106781186548,0,0.5,0.5,36.299568517543,10.6512196283771,19.7194835722636,27.2313045736566,0.00541615909363766,0.00155348341959779,0.00291154551671822,0.00405809699651723
750.718365594791,0.706478678527371,0.00151149414165675,0.500258608487532,0.500626524273134,6.79554375501344e-07,-8.72323939842805e-07,-1.81147654663061e-07,-7.75331454077512e-07,-2.21672181248229e-07,2.84290960437931e-07,5.93545365683441e-08,2.52648401259398e-07,0.707106781186548,0,0.5,0.5,36.8457558196374,10.8121669333651,20.0167876018293,27.6411351511732,0.00534041834043593,0.00150582868449295,0.00284836640267613,0.00399788062225276
762.339795983384,0.706475914478488,0.00151503350608953,0.5002593633655,0.500629659828905,1.57517802705245e-06,-2.02284249396256e-06,-4.2384812343591e-07,-1.79319513527326e-06,-5.13161783281076e-07,6.58919299379906e-07,1.383561478505e-07,5.83893149054432e-07,0.707106781186548,0,0.5,0.5,37.4225573961521,10.9835763468715,20.3320054390729,28.0741283039507,0.00510277837281534,0.00135651058639486,0.00265023746521857,0.00380905149399163
772.713335983477,0.706475235431268,0.00151590620154996,0.500259560605806,0.500630418345918,1.79318919612609e-06,-2.30546396852888e-06,-4.85726696094139e-07,-2.03814916438227e-06,-5.84057129705175e-07,7.50896284189451e-07,1.58460142684256e-07,6.63562331970629e-07,0.707106781186548,0,0.5,0.5,37.9332206771538,11.1339163748165,20.6098618594309,28.4572751925394,0.00504455658101606,0.00132073263602142,0.00260204511952636,0.00376324409751112
781.691457865186,0.706478040926069,0.00151229954034538,0.500258808282209,0.500627221968032,8.77643304386536e-07,-1.12985263594232e-06,-2.38789311779161e-07,-9.96491138037979e-07,-2.85936557294866e-07,3.68024825981873e-07,7.79768603499404e-08,3.2447222174847e-07,0.707106781186548,0,0.5,0.5,38.3671817045949,11.2590101180925,20.8436684291073,28.78252339358,0.00528746440553259,0.00147362875950131,0.00280467732907609,0.00395641583595781
790.674505587311,0.706479408400981,0.00151053762798501,0.500258441087049,0.50062566444663,4.30670410104788e-07,-5.55208565895046e-07,-1.17662709712119e-07,-4.88507415320261e-07,-1.40378726601233e-07,1.80878459859995e-07,3.84799955762281e-08,1.5910244488183e-07,0.707106781186548,0,0.5,0.5,38.8047758600343,11.3863152001004,21.0804380414066,29.1106530187281,0.00540616663764348,0.00154816206734887,0.00290361360211449,0.00405071510287787
801.063027777533,0.706479207354887,0.0015107947127129,0.500258501669959,0.50062588684713,4.94467604142416e-07,-6.38053080572114e-07,-1.36068516312414e-07,-5.59894502234028e-07,-1.61102463432518e-07,2.07832831326057e-07,4.44419761746537e-08,1.82307967496445e-07,0.707106781186548,0,0.5,0.5,39.3150496472188,11.5361772249312,21.3577617015789,29.4934651705711,0.00538911260094925,0.0015377524523981,0.00288952253905088,0.00403734251429648
812.791721732654,0.706476996984317,0.00151364736333627,0.500259119635171,0.500628379964145,1.21255641575943e-06,-1.56608734420974e-06,-3.36310184621804e-07,-1.37033876199019e-06,-3.94812066245753e-07,5.09982656940745e-07,1.09644407680788e-07,4.46033803220733e-07,0.707106781186548,0,0.5,0.5,39.8958530043928,11.7082914538153,21.6747660686919,29.9293783895163,0.00519769944065074,0.00141915081762044,0.00273065257114693,0.00388619768712425
823.99565788412,0.706473880860622,0.00151767964128324,0.500259997450204,0.500631887978942,2.22580248835949e-06,-2.87831209169766e-06,-6.2151137910388e-07,-2.5111977794048e-06,-7.24591291913647e-07,9.37198797930786e-07,2.02519098515034e-07,8.17267795660585e-07,0.707106781186548,0,0.5,0.5,40.4530651358282,11.8741676180394,21.9795653600009,30.3476673938668,0.00492718143113165,0.00125233404904168,0.00250647807184139,0.00367303740833194
833.470522155274,0.706476194672143,0.00151469407143007,0.500259360161768,0.500629268654937,1.47184569772947e-06,-1.90575222563305e-06,-4.13206431910808e-07,-1.65836674525019e-06,-4.79146427909677e-07,6.20503591629929e-07,1.34656837752018e-07,5.39707976040683e-07,0.707106781186548,0,0.5,0.5,40.9125542898278,12.0071768261224,22.2275901545944,30.6921409613557,0.00512789833831303,0.00137725321556254,0.0026733169778721,0.00383183457600346
842.129528321043,0.706478885884933,0.0015112117325838,0.500258608652061,0.500626232340443,5.9527142983866e-07,-7.71649717562703e-07,-1.67822047489683e-07,-6.70013125158196e-07,-1.93810657422387e-07,2.51251944862259e-07,5.47202218394083e-08,2.18062391607842e-07,0.707106781186548,0,0.5,0.5,41.3310999390412,12.1279011701724,22.4531244751888,31.0058766340248,0.005361768402541,0.001521846403398,0.00286728082329949,0.00401633398263952
851.692910488549,0.706479437199094,0.00151049803746195,0.500258456369598,0.500625608655048,4.15298827686e-07,-5.39000428480389e-07,-1.17746483040661e-07,-4.66780454444921e-07,-1.35213354424257e-07,1.75499905283964e-07,3.8392680178056e-08,1.51916728376509e-07,0.707106781186548,0,0.5,0.5,41.7991039364868,12.264784881527,22.7069780209402,31.3569107970736,0.00540975705299224,0.00155159497125541,0.00290711127290095,0.0040542407513467
863.004316826786,0.706478226572483,0.00151207167529903,0.500258804854962,0.500626964099353,8.08842630674138e-07,-1.05099378164735e-06,-2.30907136469395e-07,-9.07516442030711e-07,-2.63275247298195e-07,3.42165505423684e-07,7.52352879212587e-08,2.95311900292227e-07,0.707106781186548,0,0.5,0.5,42.3570812149998,12.4294076357656,23.0108969491622,31.7755919016032,0.00530433016258219,0.00148727842344269,0.00282004714413339,0.00397156144189149
874.850377589657,0.706474232253271,0.00151727091823612,0.500259956655706,0.50063143410891,2.10841996632376e-06,-2.7432347700945e-06,-6.05900580753894e-07,-2.36156634965649e-06,-6.86192147627058e-07,8.93024872093574e-07,1.97348402808931e-07,7.68387011838154e-07,0.707106781186548,0,0.5,0.5,42.947933245948,12.6057679771933,23.3345452670739,32.2191559560675,0.00495594500399913,0.00127515741859091,0.00253253077835092,0.00369857164423912
885.164980600233,0.706473607150878,0.00151809612016697,0.500260148558121,0.500632121969819,2.3115158390564e-06,-3.01158210141337e-06,-6.68176448489522e-07,-2.58511381016509e-06,-7.52257113876703e-07,9.80328779919986e-07,2.17614929883482e-07,8.41088547442631e-07,0.707106781186548,0,0.5,0.5,43.4556172637058,12.7551668718619,23.6107404095539,32.6000437260139,0.00490091227921757,0.00124274933126873,0.00248760985765821,0.00365605175282809
893.919182349764,0.706477673888549,0.00151280323194648,0.500258978549557,0.500627568262037,9.878245481279e-07,-1.2884940890596e-06,-2.86817896276548e-07,-1.10350200059086e-06,-3.21478457986568e-07,4.19415334589826e-07,9.34303227192281e-08,3.5902850326303e-07,0.707106781186548,0,0.5,0.5,43.8755305156445,12.8753047003447,23.8361091885748,32.9147260274145,0.00525568267086319,0.00145892560337099,0.00278046934852522,0.00393413892570896
902.767092206559,0.706479337564093,0.00151063530727349,0.500258498283415,0.500625706961991,4.46230429085296e-07,-5.82721902704746e-07,-1.30171150789203e-07,-4.97883088664216e-07,-1.45223147308112e-07,1.8967837814992e-07,4.24087161236432e-08,1.6198627590583e-07,0.707106781186548,0,0.5,0.5,44.3057653315564,13.0002855688853,24.0687035421071,33.2373473583347,0.00540095347185504,0.00154725314494641,0.00290029647816444,0.00404791013863702
913.261530863765,0.706479037512741,0.00151102945436337,0.500258589058321,0.500626038494241,5.43698566190203e-07,-7.10897746729183e-07,-1.59594360449681e-07,-6.05639697920005e-07,-1.76924857214209e-07,2.31390246711291e-07,5.19789744175353e-08,1.97033186685353e-07,0.707106781186548,0,0.5,0.5,44.8214898966657,13.151815411709,24.3490541736981,33.6242511346766,0.00537463224591044,0.00153160348327069,0.00287873749158654,0.0040274982375946
925.255811427137,0.706476000962834,0.00151500705042744,0.500259488421754,0.500629412900606,1.53161938445444e-06,-2.00535427097731e-06,-4.52475587930819e-07,-1.70317401206124e-06,-4.98356950773068e-07,6.5268303246596e-07,1.47336341701218e-07,5.54047611518243e-07,0.707106781186548,0,0.5,0.5,45.4173683079863,13.3288775635939,24.6747706092832,34.071475262297,0.00510856582406649,0.00137191930435902,0.00266018619072366,0.00382029893770185
936.547080068645,0.706471660942273,0.00152070478464969,0.500260785537243,0.500634223956059,2.94360530050532e-06,-3.85955061783065e-06,-8.74902697745506e-07,-3.26790478873877e-06,-9.57744717030042e-07,1.25610413134189e-06,2.84855647172958e-07,1.06299608886511e-06,0.707106781186548,0,0.5,0.5,45.9818851871621,13.4976702987669,24.9843099463058,34.4952455396232,0.00472767069028637,0.00114447313942777,0.00234783585762586,0.00352430797208827
945.856646765023,0.706475311647809,0.00151592852322643,0.50025970976955,0.500630161670399,1.75563073655267e-06,-2.30496074063004e-06,-5.24424419273921e-07,-1.94648122074676e-06,-5.71203345329644e-07,7.50117256744107e-07,1.70752653158432e-07,6.33143645597251e-07,0.707106781186548,0,0.5,0.5,46.4300104273284,13.6264543617639,25.2253033679661,34.8311614211263,0.00504731760972007,0.001336832359414,0.00261064356315973,0.00377350640597434
954.319715158422,0.706478762411444,0.00151140170353227,0.500258682585806,0.50062633213206,6.32805805570445e-07,-8.31705214900046e-07,-1.89777172097887e-07,-7.00860344470344e-07,-2.05885155695607e-07,2.70657185352005e-07,6.1801654252102e-08,2.2796640408933e-07,0.707106781186548,0,0.5,0.5,46.8370567388039,13.7433568413036,25.4441243037251,35.1362892763824,0.00535002405389492,0.00151796178501728,0.00285903729297942,0.00400894854593278
963.865002498065,0.706479368502309,0.00151060731090018,0.500258503419794,0.500625658254069,4.35532620523009e-07,-5.73145290811167e-07,-1.31333748732396e-07,-4.81653676110606e-07,-1.41692978911432e-07,1.86510499648217e-07,4.27626686132645e-08,1.56660500354768e-07,0.707106781186548,0,0.5,0.5,47.3040313280618,13.8799208528891,25.697390588744,35.486561592207,0.00540316347019648,0.00154985519224235,0.00290268084551816,0.00405033781692068
975.37870133588,0.706477800190825,0.00151267586393371,0.500258981321351,0.500627387641336,9.45677999494977e-07,-1.24619353433172e-06,-2.86938453732271e-07,-1.04403374690984e-06,-3.07635524581824e-07,4.05513142093484e-07,9.34107156384142e-08,3.39556112641675e-07,0.707106781186548,0,0.5,0.5,47.872829846637,14.0479289212447,26.0074078151309,35.9133509527508,0.00526507009726442,0.00146827530087569,0.00278983370453656,0.00394351169360355
987.424075678235,0.706472307966139,0.00151992774957365,0.500260661474893,0.500633437234606,2.73226844525033e-06,-3.60576649977738e-06,-8.34087406395697e-07,-3.01124587405398e-06,-8.88785803529346e-07,1.17326580215086e-06,2.71504030943944e-07,9.79291884907226e-07,0.707106781186548,0,0.5,0.5,48.4771733582964,14.2291609502054,26.3393161137265,36.3670181947754,0.00478107884681549,0.00118303244177198,0.00239464057051431,0.00356947071807316
997.684998502957,0.706471812828355,0.00152059794173346,0.500260827451018,0.500633968063435,2.89318065177755e-06,-3.82366046870227e-06,-8.88066875021104e-07,-3.18370578428421e-06,-9.41093879348614e-07,1.24409634880422e-06,2.89059028860129e-07,1.03533866502119e-06,0.707106781186548,0,0.5,0.5,48.9819332729706,14.3775777275069,26.6138257487988,36.7456852516787,0.00473668094893068,0.00115829696367585,0.00235905726660162,0.00353592064600492
1006.24806152382,0.70647731569402,0.00151333230817764,0.500259144290062,0.500627906522672,1.1031029481532e-06,-1.45956618328645e-06,-3.39957191964098e-07,-1.21256066477316e-06,-3.58809691418639e-07,4.74872426068394e-07,1.10669478201382e-07,3.94312649722416e-07,0.707106781186548,0,0.5,0.5,49.3889049114589,14.4930565077644,26.8312770338456,37.0506843853778,0.00522160350957983,0.0014441163017888,0.00275502131548194,0.00391069849588668
1014.98251148171,0.706479277963582,0.00151073861301184,0.500258542312728,0.500625746761035,4.64763187123231e-07,-6.15668012232631e-07,-1.43863498806559e-07,-5.1025442632888e-07,-1.51169391348609e-07,2.00301641491701e-07,4.68334034540095e-08,1.6592385292182e-07,0.707106781186548,0,0.5,0.5,49.8128106521249,14.6160342923383,27.0602609012169,37.3685840432463,0.00539465451313288,0.00154591200394918,0.00289622441762069,0.00404434209946137
1025.56421915702,0.706478879783599,0.00151126918170217,0.500258668867592,0.500626180605845,5.94225911587541e-07,-7.88240613755883e-07,-1.85028303280594e-07,-6.51293944541326e-07,-1.93262680472251e-07,2.56438347543053e-07,6.02206719878236e-08,2.11776995861751e-07,0.707106781186548,0,0.5,0.5,50.3330639898362,14.768949789445,27.3431316217379,37.7588821575434,0.00535934107605403,0.00152554638630007,0.00286759046993743,0.00401729699241667
1037.78332761718,0.706474932919972,0.0015165147763183,0.500259907265392,0.500630496995017,1.87784760910863e-06,-2.49465475218153e-06,-5.88237587010834e-07,-2.05460396106798e-06,-6.10709041058576e-07,8.11548797134101e-07,1.91434660202197e-07,6.68034613722795e-07,0.707106781186548,0,0.5,0.5,50.9422574670229,14.9504331223418,27.6766314665711,38.2160591227937,0.00500992589925295,0.0013226435958645,0.00258367240184059,0.00374889709327686
1049.15020097004,0.706469168544863,0.00152419368845797,0.500261731763115,0.500636784967405,3.75242881714713e-06,-4.9924799884342e-06,-1.18217825632288e-06,-4.09871443697132e-06,-1.22031175640025e-06,1.62404558668551e-06,3.84686677851436e-07,1.33257496387917e-06,0.707106781186548,0,0.5,0.5,51.5140504355647,15.1221723142319,27.9909863970191,38.6452363527776,0.00449877744172874,0.00102738193442711,0.00216906520759675,0.0033570941685591
1058.32802173548,0.70647437171362,0.00151728435922708,0.50026010338103,0.500631090649812,2.06017442299262e-06,-2.74475593546492e-06,-6.52044561812649e-07,-2.24737136179776e-06,-6.69956384005951e-07,8.92811070868852e-07,2.12189117288577e-07,7.30648516301124e-07,0.707106781186548,0,0.5,0.5,51.9518594635229,15.2469945249034,28.2254162493398,38.9734377390864,0.00495914139975582,0.00129515569045957,0.0025433574198448,0.00371093967037059
1066.63341004232,0.706478620863827,0.00151162755925084,0.500258762351299,0.500626451493741,6.78298355979663e-07,-9.04662188206496e-07,-2.15443176854156e-07,-7.39190741234221e-07,-2.20573911419477e-07,2.94254929603033e-07,7.0119999869795e-08,2.40310780315724e-07,0.707106781186548,0,0.5,0.5,52.349143182895,15.3606181338168,28.4384650754993,39.2712962412126,0.00533575835194928,0.001513072042255,0.00284900283574863,0.00399982755845564
1076.16032977862,0.706479290982657,0.00151073640480583,0.500258552240871,0.500625718474417,4.60333412093815e-07,-6.14771649363669e-07,-1.46981921664142e-07,-5.00889770719718e-07,-1.49683260557295e-07,1.99957411506145e-07,4.78288882341015e-08,1.62832961057956e-07,0.707106781186548,0,0.5,0.5,52.8150459291032,15.4968472268897,28.6911162557011,39.6207769002919,0.00539510809293564,0.00154752525202583,0.00289721486680181,0.00404541847815966
1087.83011697549,0.706477370107808,0.00151330768002514,0.500259171182578,0.500627802936613,1.08489725729896e-06,-1.45101277528674e-06,-3.48440890902301e-07,-1.17841793373765e-06,-3.52744499227164e-07,4.71928869918593e-07,1.13368665438527e-07,3.83065671333967e-07,0.707106781186548,0,0.5,0.5,53.3924034768447,15.6675436253571,29.0059875527568,40.0539595494451,0.00522419879099572,0.00144986739087305,0.00275908040033227,0.0039149857815365
1100.03681670212,0.706470249114007,0.00152285093739465,0.500261475158038,0.500635520628051,3.40018768845384e-06,-4.55463536425823e-06,-1.09833947896978e-06,-3.68679090583342e-06,-1.10549732537649e-06,1.48128159896007e-06,3.57322043500602e-07,1.19836411464559e-06,0.707106781186548,0,0.5,0.5,54.0087752659953,15.8531850795451,29.3453977964387,40.5165625491016,0.00459009045580574,0.00108849480541705,0.00224702820315309,0.0034315570580697
1110.26385800526,0.706469887357873,0.00152335723567172,0.500261609966658,0.500635894870568,3.51760986870216e-06,-4.7190992424448e-06,-1.14213707361822e-06,-3.80821523589747e-06,-1.14362800069928e-06,1.53467661557587e-06,3.71549160963124e-07,1.23778310455423e-06,0.707106781186548,0,0.5,0.5,54.5115673891887,16.0009070890185,29.6187418665529,40.8937326116543,0.00455688160180492,0.00107134787104992,0.00222107009277058,0.00340715938008426
1118.68491313421,0.706476911715449,0.00151394205972531,0.500259335851685,0.50062828334571,1.23377925423401e-06,-1.65712819166833e-06,-4.020398833276e-07,-1.3343304371828e-06,-4.0110925653762e-07,5.38878905495821e-07,1.30808302461039e-07,4.33683672556708e-07,0.707106781186548,0,0.5,0.5,54.9077175321818,16.1124069550947,29.8294174938042,41.1907069934723,0.00518244959746257,0.00142772839653596,0.0027261624503223,0.00388401554367623
1127.32978484274,0.70647919336676,0.00151088058032502,0.500258595306602,0.50062581275998,4.91938114549386e-07,-6.61532019797816e-07,-1.60958984687572e-07,-5.31381770793748e-07,-1.59924804631503e-07,2.15114314166176e-07,5.23693029592663e-08,1.72702547280234e-07,0.707106781186548,0,0.5,0.5,55.3263965002812,16.2337151728767,30.0553860635926,41.5047256095654,0.00538579517357811,0.0015433540360606,0.00289023245680944,0.00403891675282927
1137.96715938902,0.706478714266973,0.0015115285352229,0.500258755670951,0.500626326658641,6.4764824309271e-07,-8.72183713772777e-07,-2.13107381879451e-07,-6.98370251832889e-07,-2.10526613530312e-07,2.83603195763984e-07,6.93201299500121e-08,2.26964056087465e-07,0.707106781186548,0,0.5,0.5,55.8495906141504,16.3875307539683,30.3398998587908,41.8972215093279,0.00534285980218008,0.00151939640344869,0.0028557981618991,0.00400645804372966
1150.35355342967,0.706473864032058,0.00151807314567934,0.500260362744384,0.500631545510663,2.22425679702294e-06,-3.00008983486052e-06,-7.36056156397341e-07,-2.39418636146319e-06,-7.22988454061617e-07,9.75473313660246e-07,2.39405250379534e-07,7.78030132700244e-07,0.707106781186548,0,0.5,0.5,56.4693108945761,16.5725387301342,30.6796344272579,42.3622151974525,0.00490889512826781,0.00127581503258768,0.00250713237716684,0.00367757778368864
1159.44551929919,0.706477149412319,0.00151365005006672,0.500259281733833,0.500628002873311,1.15627948881696e-06,-1.56181239629425e-06,-3.84300426943854e-07,-1.2429810970363e-06,-3.75832985813252e-07,5.07787330353733e-07,1.24998320986962e-07,4.03916208821642e-07,0.707106781186548,0,0.5,0.5,56.9074643842063,16.698919079589,30.9155481568368,42.6908353069586,0.00520239274436996,0.00144132217098966,0.00274331717277816,0.00390039774258146
1168.5374851687,0.706478857708172,0.00151134654325687,0.500258717265823,0.500626163162231,6.00970351747098e-07,-8.12826905250591e-07,-2.00604376762579e-07,-6.45172625912934e-07,-1.95328500741725e-07,2.64258710500494e-07,6.52468505204049e-08,2.0964602577006e-07,0.707106781186548,0,0.5,0.5,57.3494662249598,16.8274776083809,31.1545630560246,43.0223807773161,0.00535516669223162,0.00152721718488646,0.00286612585213788,0.00401625802498021
1179.32697243375,0.706478051408724,0.00151244206812072,0.500258990859302,0.500627024301682,8.62991244305752e-07,-1.16893750859774e-06,-2.89590051741545e-07,-9.24932879913322e-07,-2.80471489291689e-07,3.80017707495669e-07,9.41761589395467e-08,3.00536464060841e-07,0.707106781186548,0,0.5,0.5,57.8809338425554,16.9839241611099,31.4437751640682,43.421082839597,0.00528267647765175,0.00148715754071918,0.00280818344865716,0.00396165056971377
1191.30587428576,0.706473343935034,0.00151883217119397,0.500260582164778,0.500632057893065,2.39286396112489e-06,-3.24618346620916e-06,-8.07268591582824e-07,-2.56020268881915e-06,-7.77640127969184e-07,1.05527234243982e-06,2.62506178720609e-07,8.31817039723605e-07,0.707106781186548,0,0.5,0.5,58.480357948205,17.1628114345029,31.7723654813618,43.8708039013461,0.0048597286516604,0.00125288928941665,0.0024698732490885,0.00364274469198856
1202.26780332221,0.706469042881042,0.00152468988101754,0.500262051803788,0.500636640984832,3.79047615709441e-06,-5.15018194712681e-06,-1.28526372223297e-06,-4.04891052657467e-06,-1.23178852983381e-06,1.67413195389251e-06,4.17902585436993e-07,1.31542147584482e-06,0.707106781186548,0,0.5,0.5,59.0289014930199,17.3264738044483,32.0730457823726,44.2823295150957,0.00447240936069562,0.00103992707442352,0.00216082790157647,0.00335150853354267
1211.37496978175,0.706474595587294,0.00151715885724185,0.500260179250451,0.50063069929348,1.98586259747132e-06,-2.70199182737059e-06,-6.76146091527493e-07,-2.11855397832605e-06,-6.45317438626228e-07,8.7826280365992e-07,2.19858913514989e-07,6.88261953240581e-07,0.707106781186548,0,0.5,0.5,59.4621882445204,17.4500307790066,32.3049071090515,44.6073119144755,0.00497100160172578,0.00131656818364967,0.00255988593129034,0.00372768385408511
1219.96078599369,0.706478357332394,0.00151204567076985,0.500258902655455,0.50062668192254,7.63384646436316e-07,-1.03992076526997e-06,-2.60858620531982e-07,-8.13471376548595e-07,-2.48056831673827e-07,3.38003075674672e-07,8.48271660989812e-08,2.64264316413178e-07,0.707106781186548,0,0.5,0.5,59.8742748119012,17.5685376644785,32.526391741306,44.9164207350738,0.00530929067047902,0.00150343119922657,0.00283021921230578,0.00398250265739981
1229.838960529,0.706478741973012,0.0015115255575115,0.500258774739809,0.500626268514293,6.38346165593093e-07,-8.70822340932535e-07,-2.19198985982894e-07,-6.79160345788795e-07,-2.07410377686653e-07,2.83030242909736e-07,7.1268101475047e-08,2.20621757096366e-07,0.707106781186548,0,0.5,0.5,60.3580947742922,17.7102389404029,32.7889683247246,45.2793653899705,0.00534375594162159,0.00152270977242908,0.00285787198576143,0.00400859372828924
1241.55735433167,0.706475975406815,0.00151530872012284,0.50025973234176,0.500629204311758,1.53721128572148e-06,-2.10029085275543e-06,-5.30630624540527e-07,-1.632679660311e-06,-4.99437240146723e-07,6.82592292366242e-07,1.72505108161449e-07,5.30330612675422e-07,0.707106781186548,0,0.5,0.5,60.9400008358651,17.8826911335786,33.1067974077474,45.7158945616963,0.00509392031445863,0.00138655320482355,0.00265911119353277,0.00382136232574941
1253.37248638,0.706468708390677,0.00152526098101429,0.500262259721446,0.500636903496078,3.8981567579932e-06,-5.33449131915326e-06,-1.35250732562205e-06,-4.13309704699365e-06,-1.26645105498054e-06,1.73361118123697e-06,4.39648343150645e-07,1.34241361164068e-06,0.707106781186548,0,0.5,0.5,61.5377946949283,18.0625772744815,33.4360534687883,46.1643185006215,0.00443698627983639,0.0010297476591692,0.00213707140858783,0.00332966253041776
1263.29338224024,0.706470422216022,0.00152293774366073,0.500261681853752,0.500635069550068,3.34112881088122e-06,-4.57929034785909e-06,-1.16452066295856e-06,-3.53724648929981e-06,-1.08543031864938e-06,1.48808893820674e-06,3.78528050930306e-07,1.1488389508133e-06,0.707106781186548,0,0.5,0.5,62.0204453721056,18.2030844216084,33.6971555001316,46.5263742935824,0.00459082319719064,0.00111514975987175,0.00226024555406647,0.00344572740299591
1271.80485691174,0.706476923228308,0.00151403634544742,0.500259422481607,0.500628180247753,1.22904566076885e-06,-1.68657040706924e-06,-4.29827743668183e-07,-1.29979396864071e-06,-3.99264650217969e-07,5.48040107767751e-07,1.39731438137737e-07,4.22136266997147e-07,0.707106781186548,0,0.5,0.5,62.4220587934723,18.3168936630463,33.9112732454815,46.8276792110371,0.005178425425775,0.00143446246462127,0.00272726308683514,0.00388562480356113
1280.81522636107,0.70647884011721,0.00151140988774309,0.500258755563298,0.500626149525825,6.0626862471086e-07,-8.33063247067364e-07,-2.12897979162075e-07,-6.4030370155955e-07,-1.96938742315059e-07,2.70687137997004e-07,6.92053408182339e-08,2.07943273798564e-07,0.707106781186548,0,0.5,0.5,62.8594911612153,18.4440515274089,34.1477033621822,47.155839326442,0.00535176720027063,0.00152855775942982,0.00286497353402806,0.0040153514256724
1291.74347958844,0.70647781432114,0.00151282516849878,0.500259120666343,0.500627228007198,9.39442001014977e-07,-1.29284773662719e-06,-3.31576341228918e-07,-9.90487457185332e-07,-3.05142090596079e-07,4.20065405043801e-07,1.07765076003705e-07,3.21649553841784e-07,0.707106781186548,0,0.5,0.5,63.3983367532245,18.6027635150369,34.4410461247219,47.5600541435395,0.00525856042987043,0.00147875413356431,0.00279130599596282,0.00394600856747192
1303.95752246169,0.706471665615738,0.00152130485100148,0.500261305049632,0.500633696412572,2.93656085851353e-06,-4.04778933910429e-06,-1.04174250031526e-06,-3.09067421488569e-06,-9.53783867018647e-07,1.31511443136939e-06,3.38543940973379e-07,1.00357708958774e-06,0.707106781186548,0,0.5,0.5,64.0130178569374,18.7868061832675,34.7787371438283,48.0210868963767,0.00470003273942246,0.00117999412510367,0.00234973156512635,0.00353029529939978
1314.94937605295,0.706466190686357,0.00152888140797715,0.500263270260456,0.500639435489319,4.7145728031867e-06,-6.50908530222461e-06,-1.68049224537323e-06,-4.95375703022193e-06,-1.53121016666237e-06,2.11465415794757e-06,5.46068036076013e-07,1.60843385560625e-06,0.707106781186548,0,0.5,0.5,64.5660799176409,18.9523177702468,35.0825218331004,48.4358758547873,0.00420152125487917,0.000915374855425669,0.0019566269688262,0.00316026914147864
1323.89219477657,0.706473838963752,0.00151833821715497,0.500260555527044,0.500631387442549,2.23036665632461e-06,-3.08367685293111e-06,-7.98008888595261e-07,-2.34064680929644e-06,-7.24349944595441e-07,1.00175213846487e-06,2.59326836759502e-07,7.59963739059066e-07,0.707106781186548,0,0.5,0.5,64.985930106917,19.0708985732372,35.3058837714801,48.7509449086741,0.00489605746869411,0.00128716435233802,0.002505883725167,0.00367733809586512
1332.32725142569,0.706478290815693,0.00151218874702854,0.500258967047139,0.500626711013566,7.84473895625881e-07,-1.08589645853991e-06,-2.81593131663879e-07,-8.223736335582e-07,-2.54760757543007e-07,3.52744726225245e-07,9.1515051081058e-08,2.6699684599955e-07,0.707106781186548,0,0.5,0.5,65.3887911669019,19.1864384585163,35.5219937662017,49.0532358592165,0.00530089738771359,0.00150299623712469,0.00282557884623588,0.00397831477860239
1342.22877753547,0.706478664806103,0.00151167537942533,0.500258836505646,0.500626315238574,6.62968489079361e-07,-9.19066731801153e-07,-2.39098613301859e-07,-6.93875966461633e-07,-2.152829346078e-07,2.98538849190234e-07,7.76898505687929e-08,2.2526712208221e-07,0.707106781186548,0,0.5,0.5,65.8737730582982,19.3285018636775,35.7852139720361,49.4170609499395,0.00533476085998284,0.00152131753757738,0.00285244670862473,0.0040036316889355
1354.14725342728,0.706475253459903,0.00151641564060051,0.50026007551623,0.500629876832044,1.77067886264197e-06,-2.45867293724145e-06,-6.41793910862369e-07,-1.84996661352029e-06,-5.74949422086581e-07,7.98600870726201e-07,2.08513412656107e-07,6.00548611946922e-07,0.707106781186548,0,0.5,0.5,66.4671901210663,19.504597042985,36.1096438349442,49.862143329107,0.00502326784730952,0.00135741746933881,0.00260753570857508,0.00377314960807325
1366.10469940717,0.706465842948638,0.00152951290172862,0.500263509578152,0.500639685124646,4.82620084025874e-06,-6.7124156975261e-06,-1.75776983376829e-06,-5.03342281334081e-06,-1.5670314822525e-06,2.18013216749573e-06,5.71017297529726e-07,1.63383728843658e-06,0.707106781186548,0,0.5,0.5,67.0775449486468,19.6891182599548,36.4469057356723,50.3197574729294,0.00416303970517085,0.000906425149950833,0.00193200445247086,0.00313746040265082
1375.94729507308,0.706468597647124,0.00152570894415639,0.500262525888428,0.500636792437846,3.9314522450274e-06,-5.47671271767059e-06,-1.4379996713648e-06,-4.09421434425238e-06,-1.27644804824233e-06,1.77866411115307e-06,4.671246046543e-07,1.32892255055073e-06,0.707106781186548,0,0.5,0.5,67.5537055013044,19.8271790229944,36.7038747534704,50.6770097708285,0.0044134914270879,0.00103994373683931,0.00212982565026988,0.00332360951365733
1384.29893954237,0.70647664644509,0.00151450655325282,0.500259588825435,0.50062840319523,1.31809706848414e-06,-1.83838386573505e-06,-4.83574114471936e-07,-1.37129247994277e-06,-4.27937016068397e-07,5.97018640498897e-07,1.57106636677276e-07,4.45084587986003e-07,0.707106781186548,0,0.5,0.5,67.9434088772982,19.9368618795339,36.9106907194482,50.969580037384,0.00514925524441156,0.00142569236914948,0.00270760800561369,0.00386733960794735
1393.24289380469,0.706478787910007,0.0015115242275345,0.500258806792255,0.500626171663555,6.22782855982108e-07,-8.69793639458467e-07,-2.2936602945835e-07,-6.47041255902533e-07,-2.02180449400315e-07,2.82455319563271e-07,7.45116140163592e-08,2.10002113219045e-07,0.707106781186548,0,0.5,0.5,68.3769631015194,20.0628294693704,37.144909384321,51.2948831865688,0.00534509567635001,0.00152827266485201,0.00286133913752511,0.00401202920367691
1404.27358549447,0.706477566941917,0.00151323614753581,0.500259261761644,0.500627434871369,1.01911788306348e-06,-1.42560679060658e-06,-3.77165122988024e-07,-1.05696623852366e-06,-3.3081988527536e-07,4.62924564113137e-07,1.22503487694256e-07,3.4302650393335e-07,0.707106781186548,0,0.5,0.5,68.921356898012,20.2232384248315,37.4413664861665,51.703228836677,0.00523291761412822,0.00147039562059539,0.00277371561318143,0.00392959762154218
1416.67258196654,0.70646994957376,0.00152391427725878,0.500262097597244,0.500635318113027,3.49175922236779e-06,-4.89270244160802e-06,-1.29850831861091e-06,-3.61495152649296e-06,-1.13342014886248e-06,1.58866683300486e-06,4.21713732998282e-07,1.17308543868697e-06,0.707106781186548,0,0.5,0.5,69.5489920582193,20.4116600052259,37.7868737277247,52.1737783357206,0.00453315004564391,0.00110919673284864,0.00222706550589523,0.00341528127259732
1427.69572388207,0.706463192950169,0.00153341917231411,0.500264637651112,0.500642285417539,5.68463850812963e-06,-7.97858273077689e-06,-2.12351597216706e-06,-5.87531955811083e-06,-1.84514671810818e-06,2.59049097497895e-06,6.89570281751688e-07,1.90645762948416e-06,0.707106781186548,0,0.5,0.5,70.1069860119815,20.5791076094762,38.0940107213769,52.5920829000808,0.00391094765875144,0.000790542515184362,0.00174229729206585,0.00295919288186995
1436.52059354295,0.706473007850342,0.00151966290302437,0.500260983989158,0.500632128115798,2.49866592920494e-06,-3.51199711090431e-06,-9.36627362138165e-07,-2.57942865540685e-06,-8.10986277744008e-07,1.14020102788152e-06,3.04177042652008e-07,8.36968215551759e-07,0.707106781186548,0,0.5,0.5,70.5153667789099,20.6934184206908,38.309971284274,52.8988139153267,0.00481248237627946,0.00125596404304265,0.00244662475609946,0.00362182166322265
1444.84144026124,0.706478172306879,0.00151241024913721,0.500259052664251,0.50062679202839,8.22374744645685e-07,-1.15725129548164e-06,-3.09176408031379e-07,-8.48079402862873e-07,-2.6690387872367e-07,3.75696031630812e-07,1.00415193583359e-07,2.75169288005445e-07,0.707106781186548,0,0.5,0.5,70.91069405555,20.8065306646784,38.5216369311539,53.1955877890746,0.00528750058007391,0.0015002446496234,0.00281721962053296,0.00397052560916436
1454.75211319211,0.706478560743462,0.00151186851227492,0.500258910545916,0.500626387521536,6.96258928339929e-07,-9.81291476528462e-07,-2.62943450295467e-07,-7.16839197610652e-07,-2.25951705494541e-07,3.18557092026322e-07,8.53818426893493e-08,2.32575357291133e-07,0.707106781186548,0,0.5,0.5,71.3960778147676,20.9487184242215,38.7850727490956,53.5597234898935,0.00532306102751168,0.00151882253761775,0.00284510359257419,0.00399677997255524
1466.81329594538,0.706474550597411,0.00151753366547901,0.500260434730906,0.500630506354342,1.99760304558494e-06,-2.82015395598533e-06,-7.57992484778392e-07,-2.05297594199372e-06,-6.48227639411416e-07,9.15448500543721e-07,2.46103486871861e-07,6.66029200791478e-07,0.707106781186548,0,0.5,0.5,71.9981159441415,21.1275316730214,39.1144833450077,54.0111642721552,0.00495270823180063,0.00133082307430478,0.00255741126555876,0.00372612004054666
1478.88349931946,0.706462967819403,0.00153392348195335,0.500264857090594,0.500642382283682,5.75608857299432e-06,-8.13995693915233e-06,-2.19413726393106e-06,-5.90506853805493e-06,-1.8677951555035e-06,2.64214545620356e-06,7.12292707514154e-07,1.91554133000999e-06,0.707106781186548,0,0.5,0.5,72.6197915897147,21.3161674351097,39.4590190904048,54.4769399344196,0.00388178710517136,0.000789238171279634,0.00172655932099623,0.00294446595545477
1488.68137244885,0.706466693354815,0.00152868799018733,0.500263459396165,0.500638537755859,4.54676732178266e-06,-6.44035013526218e-06,-1.74010564360683e-06,-4.65761811073506e-06,-1.47530048926498e-06,2.09031838828232e-06,5.64882604414126e-07,1.51082699049989e-06,0.707106781186548,0,0.5,0.5,73.0912225759826,21.4524197710387,39.712888285726,54.8307540612953,0.00422461161340037,0.000965176716234564,0.00199389498625597,0.00319589334337896
1496.92277058655,0.706476294952469,0.00151509906179794,0.500259792167801,0.50062869422886,1.43121402994265e-06,-2.02966912769002e-06,-5.49233819406893e-07,-1.46472634803373e-06,-4.64367918049789e-07,6.58728809957115e-07,1.78321129997437e-07,4.75105368780266e-07,0.707106781186548,0,0.5,0.5,73.4713358647758,21.5587784325005,39.9137148401728,55.1163994571035,0.00511246731711017,0.001414047864657,0.0026826317327244,0.00384388344904277
1505.81299235908,0.70647869426059,0.0015117014693394,0.500258875228689,0.500626234899298,6.5268438470838e-07,-9.2688452562129e-07,-2.51380840130207e-07,-6.67066405146261e-07,-2.11752205427681e-07,3.00807800981277e-07,8.16089921795797e-08,2.16361561847344e-07,0.707106781186548,0,0.5,0.5,73.9015344474708,21.683709217006,40.1459947960326,55.4392488684442,0.00533441811163878,0.00152616258451787,0.00285474353390584,0.00400583716225081
1516.90392629135,0.706477313243289,0.00151367037864715,0.50025941281718,0.500627640629579,1.10069811708938e-06,-1.56571731388557e-06,-4.25904641958601e-07,-1.12296129259778e-06,-3.57073090658868e-07,5.08101689157344e-07,1.38241409003149e-07,3.64209350238477e-07,0.707106781186548,0,0.5,0.5,74.4493295477291,21.8451509691071,40.4443723174242,55.850108199412,0.00520607538513518,0.0014622889519149,0.00275570374464689,0.0039126605924032
1529.4342373021,0.706468324571655,0.00152648364555266,0.500262909880945,0.500636791718357,4.01661283628484e-06,-5.72342709548838e-06,-1.56128401582962e-06,-4.09043157037464e-06,-1.30295445364513e-06,1.85722556548207e-06,5.06710554053251e-07,1.32651950500069e-06,0.707106781186548,0,0.5,0.5,75.0871351178532,22.0369662287442,40.7960742204105,56.328027126187,0.00437078977697915,0.00104650522784993,0.00211111900761872,0.00330617599721035
1538.18961503453,0.706475498122402,0.00151627601730315,0.500260130228387,0.500629477321923,1.68945829359598e-06,-2.41089314628925e-06,-6.58849023355902e-07,-1.71845536632107e-06,-5.48020696246542e-07,7.82268271960163e-07,2.13839838775245e-07,5.57277333718004e-07,0.707106781186548,0,0.5,0.5,75.4985514587193,22.1539099289846,41.0153754842435,56.6370859034605,0.00503659938811507,0.00137910872771256,0.00262555292336011,0.00379015519246752
1546.94499276696,0.70647851599879,0.00151197503534619,0.500258957221166,0.500626403702034,7.10469791448172e-07,-1.01524833596068e-06,-2.77980626078764e-07,-7.2176439952783e-07,-2.30446843434246e-07,3.29402558153876e-07,9.02208972458527e-08,2.34050279740957e-07,0.707106781186548,0,0.5,0.5,75.9205293393778,22.2761430282499,41.2428449522389,56.9538274153887,0.00531699822337989,0.00151877628548696,0.00284197203961495,0.00399380246925189
1557.77957905617,0.706477519070271,0.00151340678481895,0.500259352547544,0.500627411192128,1.03377272293249e-06,-1.47968273432734e-06,-4.06270147902794e-07,-1.04839921627799e-06,-3.35284316602492e-07,4.80063698240735e-07,1.31835637930495e-07,3.3994895903919e-07,0.707106781186548,0,0.5,0.5,76.4547796836856,22.433393244535,41.5336335542888,57.3545393739319,0.00522388332588063,0.00147317294179039,0.00277050410655179,0.00392655216111923
1570.24127294419,0.706469491730879,0.00152492099824986,0.500262524242767,0.500635534803233,3.63717984589998e-06,-5.21499830876388e-06,-1.43574027935606e-06,-3.68203403910733e-06,-1.17958658621724e-06,1.69183331831184e-06,4.6585085911816e-07,1.19379910454659e-06,0.707106781186548,0,0.5,0.5,77.0868618133518,22.6229108695857,41.8816161110157,57.8281565719219,0.00447475013725596,0.00110524272996775,0.00219501612610104,0.00338497674112267
1579.2036875979,0.706475379404941,0.0015164935362848,0.500260208928741,0.500629565551788,1.72759991258934e-06,-2.48079520144988e-06,-6.84231988159325e-07,-1.74670198613327e-06,-5.60257683403362e-07,8.04752719514708e-07,2.22017033429634e-07,5.66304771113973e-07,0.707106781186548,0,0.5,0.5,77.5116449218195,22.7445330614712,42.1089643171148,58.1472136661758,0.00502342232748048,0.00137587050736178,0.00261713164368114,0.00378216119116112
1588.16610225161,0.70647817664225,0.00151248310116372,0.500259105374425,0.500626733018814,8.20389940872913e-07,-1.1797427150844e-06,-3.2601048619018e-07,-8.28388711841897e-07,-2.6603591393444e-07,3.82678223647527e-07,1.05779039484059e-07,2.68563341069862e-07,0.707106781186548,0,0.5,0.5,77.9443139258026,22.8700573786937,42.3423867862155,58.4719845182807,0.00528438540148797,0.00150419495890226,0.00281767723677145,0.00397090312361879
1598.99186128157,0.706477049359625,0.00151411227182259,0.500259559161585,0.500627865444587,1.18586846855898e-06,-1.7081016685122e-06,-4.73233549147223e-07,-1.19542485252998e-06,-3.84521973332318e-07,5.54033223387804e-07,1.53525257284982e-07,3.87530618263682e-07,0.707106781186548,0,0.5,0.5,78.4784780165047,23.0273313550836,42.633196170577,58.8726132010113,0.00517864083924924,0.00145310426622109,0.00273688846048758,0.00389485664498275
1611.19016608425,0.706469491741422,0.00152502230701789,0.500262591753781,0.500635467019038,3.63631212074182e-06,-5.24654550458203e-06,-1.45727061545718e-06,-3.6591984038947e-06,-1.1790206637472e-06,1.70164763906349e-06,4.72712901671027e-07,1.18611299809829e-06,0.707106781186548,0,0.5,0.5,79.0965225334444,23.2123795343096,42.9732335727009,59.3356684950531,0.00447025192404627,0.00110994739152292,0.00219522887474418,0.00338497044082501
1622.30207256246,0.70646164160745,0.00153639050077628,0.500265766219993,0.500643337706456,6.18119301231803e-06,-8.93328473942477e-06,-2.48706268549611e-06,-6.20972695453359e-06,-2.00406754762855e-06,2.8972065121824e-06,8.06661742742219e-07,2.01268552162449e-06,0.707106781186548,0,0.5,0.5,79.6620508680102,23.3821038738027,43.2848840757543,59.7592706660586,0.00373284712411302,0.000755254402880403,0.00163272961065695,0.00285537191633646
1631.35496324895,0.706471161425296,0.00152265656031931,0.500261950858367,0.500633758464982,3.09438746115813e-06,-4.4789428749412e-06,-1.24912346892094e-06,-3.1048379022083e-06,-1.00320239388282e-06,1.4524884229876e-06,4.05165005870682e-07,1.00630937898076e-06,0.707106781186548,0,0.5,0.5,80.0818576696145,23.5005848493991,43.5075061988189,60.0749363201946,0.00462476215936725,0.00118783524715651,0.00231502574833296,0.0034975716581908
1639.79488138254,0.706477367447439,0.00151368235898439,0.500259451301551,0.500627525645288,1.08230563248477e-06,-1.56852913691306e-06,-4.3809351075526e-07,-1.0848180173834e-06,-3.50864837373097e-07,5.08638272989057e-07,1.42108117498056e-07,3.51583186160518e-07,0.707106781186548,0,0.5,0.5,80.4800695550317,23.6143931857959,43.720300496206,60.3741622446216,0.00520713967912901,0.00146896687474994,0.0027597886249139,0.00391631792896506
1649.60638911698,0.706478061505194,0.00151268288763926,0.50025917491429,0.500626825406329,8.57247695977558e-07,-1.24430780073769e-06,-3.48349099616471e-07,-8.57883741771194e-07,-2.77880128342174e-07,4.03479957388666e-07,1.12978247860297e-07,2.78020123106666e-07,0.707106781186548,0,0.5,0.5,80.9597799424069,23.7547940490796,43.9804922592773,60.7340817322092,0.00527208806815133,0.0015006145630372,0.00280953922187527,0.00396316340931326
1661.44579575732,0.706474010047724,0.00151857886198712,0.500260831396539,0.500630869619296,2.17048085560966e-06,-3.1558935899051e-06,-8.85686953856838e-07,-2.16830685936337e-06,-7.03524015318643e-07,1.02326304997418e-06,2.87216220262789e-07,7.02642138527828e-07,0.707106781186548,0,0.5,0.5,81.5512615702649,23.9302503308857,44.3040709273419,61.1774409738087,0.00489024298095749,0.0013187982687064,0.00251925830431467,0.00368978294534921
1673.47201664386,0.706461989165102,0.00153609851486399,0.500265764102126,0.500642850277078,6.06662040967294e-06,-8.83592097552889e-06,-2.48555334535132e-06,-6.04987493945858e-06,-1.96630842164841e-06,2.86476731344638e-06,8.05920417382673e-07,1.9602587828004e-06,0.707106781186548,0,0.5,0.5,82.1725459277886,24.1181757080073,44.6482922654238,61.6424293703721,0.00375613384271934,0.000780644030153254,0.00165809338803533,0.00287868448483726
1683.45150264959,0.706464321480094,0.00153274086126508,0.500264833486749,0.500640499318223,5.31012915655754e-06,-7.74705359768205e-06,-2.18349798643489e-06,-5.28765713712337e-06,-1.72101397810758e-06,2.51155021801899e-06,7.07948818632956e-07,1.71321053462947e-06,0.707106781186548,0,0.5,0.5,82.6562975079085,24.2589489448987,44.9097422127066,62.0055042401005,0.00397432768947852,0.000886946656790168,0.00182530315262153,0.00303597119364716
1691.86434125404,0.706475069422933,0.00151707575024473,0.500260422985912,0.50062978732691,1.82660310328607e-06,-2.66828712944335e-06,-7.53053331839844e-07,-1.81706883052932e-06,-5.9196774861876e-07,8.64995615404949e-07,2.44186762449946e-07,5.88712261547061e-07,0.707106781186548,0,0.5,0.5,83.0413347876234,24.3668758941296,45.1128887539988,62.2953219277542,0.0049883687311184,0.00136811566780174,0.00259527654171141,0.00376120785720872
1700.75404646477,0.706478151661772,0.00151257997464815,0.500259156782733,0.50062671660771,8.27653144274589e-07,-1.21072351702475e-06,-3.42303449955509e-07,-8.22263571924949e-07,-2.68205988097597e-07,3.92470289450212e-07,1.10988246167559e-07,2.66390492197947e-07,0.707106781186548,0,0.5,0.5,83.4696080958637,24.4910888251728,45.3438134609224,62.6168834601141,0.00527932477477271,0.00150599098280761,0.00281608718797558,0.00396922856960474
1711.68169721097,0.706476808333873,0.00151455448315554,0.500259718587649,0.500628044929276,1.26293296829137e-06,-1.85058960662384e-06,-5.2445623719395e-07,-1.2525580828204e-06,-4.09227750633197e-07,5.99851291275942e-07,1.70021315481065e-07,4.0576977392693e-07,0.707106781186548,0,0.5,0.5,84.0093704481028,24.6500592493518,45.6377639093144,63.0216657881402,0.00515185682144638,0.00144657623652368,0.00271987378035485,0.00387855927761521
1724.07394398717,0.706467549766577,0.00152815124898471,0.500263582609836,0.500637207761211,4.26288985089584e-06,-6.25738522560356e-06,-1.77738111066295e-06,-4.22036565001734e-06,-1.38123764673308e-06,2.0281309199329e-06,5.76135777331198e-07,1.36706227347355e-06,0.707106781186548,0,0.5,0.5,84.6416005824305,24.8397398434252,45.9863137691994,63.4950266566563,0.00427381846581483,0.00103662104672176,0.00205678997778533,0.00325364953475126
1735.22557725395,0.706457932418978,0.00154231971559707,0.500267625898204,0.500646695235646,7.37853786991395e-06,-1.08491441623495e-05,-3.08801790392856e-06,-7.29268445818386e-06,-2.39064791456406e-06,3.51616664926786e-06,1.00084160282104e-06,2.362036187549e-06,0.707106781186548,0,0.5,0.5,85.2139395144504,25.0119379958685,46.3024956013844,63.9233819089344,0.00335977351067875,0.000612909218096287,0.00136818434051329,0.00260449838826175
1744.1583449729,0.706470134101235,0.0015244072398128,0.500262535655444,0.500634618484515,3.42487764211005e-06,-5.04353029181322e-06,-1.43767587749675e-06,-3.38104863424646e-06,-1.10958677121353e-06,1.63446939043073e-06,4.65989727013757e-07,1.09507099595302e-06,0.707106781186548,0,0.5,0.5,85.6205647715078,25.1257215002296,46.5166463638275,64.2296399079099,0.00451663478815636,0.00115332146764076,0.00224201997838898,0.00342793627740814
1752.47800471701,0.706477256948834,0.00151392748947998,0.500259551444311,0.500627580768724,1.11716458608622e-06,-1.64714171551877e-06,-4.70113233909078e-07,-1.10177526145488e-06,-3.61914474812337e-07,5.33771097910904e-07,1.52386001366115e-07,3.56828734176911e-07,0.707106781186548,0,0.5,0.5,86.0102853515161,25.2368752628856,46.7244338774549,64.5227267369468,0.00519298894423901,0.00146788485146768,0.00275209941111139,0.0039087743845953
1762.29664387679,0.70647797331144,0.0015128784176691,0.500259254683456,0.500626869562758,8.8506012312204e-07,-1.30701823053962e-06,-3.73833327199865e-07,-8.71476477300858e-07,-2.86695130077211e-07,4.23528374869958e-07,1.21155327405654e-07,2.82227326314771e-07,0.707106781186548,0,0.5,0.5,86.49026596671,25.3773724959989,46.9847722214989,64.8828662412099,0.00526080086629662,0.00149973947389142,0.00280340413039746,0.00395713620979057
1774.28307817707,0.706473257106165,0.00151986103894804,0.500261257799609,0.500631502165996,2.41273721849812e-06,-3.56933429509423e-06,-1.0231529917751e-06,-2.37153599292087e-06,-7.81505715858998e-07,1.15652391883188e-06,3.31554296982997e-07,7.67962321809473e-07,0.707106781186548,0,0.5,0.5,87.0908337438573,25.5556237820144,47.3135766205541,65.3328809053177,0.00481105514745093,0.00129335290472303,0.00246573922034306,0.0036386688318309
1786.4310856617,0.706458606502363,0.00154158471314108,0.500267502286556,0.500645869823454,7.15794732720301e-06,-1.06074855726805e-05,-3.04696430471561e-06,-7.02321570245451e-06,-2.31843477051797e-06,3.43677641925624e-06,9.87221961907516e-07,2.27402791929855e-06,0.707106781186548,0,0.5,0.5,87.7253747547309,25.7480959937198,47.6662115137771,65.8072592346736,0.00341250695883809,0.00065385142592466,0.00141696890434656,0.00264938948041619
1796.36727754008,0.706461935528552,0.00153669762614149,0.500266113235475,0.50064257525497,6.0789847371074e-06,-9.0238470363954e-06,-2.59647793834205e-06,-5.95589472443752e-06,-1.96884047697871e-06,2.92345944574308e-06,8.41228015428593e-07,1.92836159121623e-06,0.707106781186548,0,0.5,0.5,88.2043237925929,25.8871142295948,47.9245490185789,66.1668890036087,0.00372812343721463,0.000801318703912658,0.00165543550334108,0.00287400663778621
1804.66527118271,0.706474663177422,0.00151782136407471,0.500260686351774,0.500630095177575,1.956705283279e-06,-2.90821973347739e-06,-8.37723459986797e-07,-1.91532319784535e-06,-6.33689015242116e-07,9.42128169289653e-07,2.71445684107462e-07,6.20108526055128e-07,0.707106781186548,0,0.5,0.5,88.5781853009541,25.9913391570873,48.1207447094853,66.4487797485561,0.00494327749131031,0.00135675271823698,0.00256654147127,0.00373348873827729
1813.49762337961,0.706478068398308,0.00151276764373547,0.500259233106266,0.500626757273503,8.53870587727242e-07,-1.27087261069214e-06,-3.66658989834707e-07,-8.34741166701909e-07,-2.76506610752635e-07,4.11686376932151e-07,1.18798231204073e-07,2.70241214612604e-07,0.707106781186548,0,0.5,0.5,89.0026966943901,26.1144320640276,48.349506227597,66.7676225308207,0.00526854418647509,0.00150524549932209,0.00281030278838258,0.0039634868974146
1824.48757840787,0.706476554396176,0.00151503171188605,0.500259889762197,0.500628230788611,1.3441392868695e-06,-2.00404222189188e-06,-5.79424542773407e-07,-1.31175951777663e-06,-4.35234638048631e-07,6.49142238056691e-07,1.87703603022834e-07,4.24648711747133e-07,0.707106781186548,0,0.5,0.5,89.5460102434243,26.2744625560304,48.6454531272341,67.1750196722205,0.00512318608550468,0.00143993664843723,0.00270193863023193,0.00386118410370999
1837.01868847108,0.706465730078168,0.00153120570776162,0.500264577239673,0.500638772363281,4.84899639512052e-06,-7.24246573010018e-06,-2.09822853194536e-06,-4.72374653068044e-06,-1.57004823501808e-06,2.34577758885984e-06,6.79635685945515e-07,1.52903271841407e-06,0.707106781186548,0,0.5,0.5,90.189483478713,26.4677251299887,49.000781320602,67.6564272880997,0.00408447625372201,0.000972652697634033,0.00192729204888619,0.00312983690246985
1845.87882427827,0.706474069742631,0.00151876891921926,0.500260978909673,0.500630637399061,2.14857235710006e-06,-3.2140006052383e-06,-9.3233640536613e-07,-2.09059880083916e-06,-6.95642713539238e-07,1.0409118824756e-06,3.02002998189777e-07,6.766907725434e-07,0.707106781186548,0,0.5,0.5,90.6023438683197,26.585381847028,49.2205861094971,67.9671396058506,0.00488369431907778,0.00133360262880362,0.00252413630508345,0.00369316064279796
1854.73896008545,0.706477765923197,0.00151324805734659,0.500259379803158,0.500627036081199,9.51807452211779e-07,-1.42581105480735e-06,-4.1418670955551e-07,-9.24984822630993e-07,-3.08145662208456e-07,4.61748832133621e-07,1.3415848771736e-07,2.99387168106274e-07,0.707106781186548,0,0.5,0.5,91.0274108705231,26.7085669641891,49.4495163189572,68.2864615157551,0.0052382964473769,0.00149326638265125,0.00278865464432877,0.00394290818569938
1865.5911049116,0.706476434868081,0.0015152525098848,0.500259965485585,0.500628323128325,1.3826745445886e-06,-2.07477099576531e-06,-6.03887816875844e-07,-1.34147880060196e-06,-4.47601723081092e-07,6.71870076331133e-07,1.95575862730886e-07,4.34164132657219e-07,0.707106781186548,0,0.5,0.5,91.5634970541563,26.866380440336,49.7414295965199,68.6884478979724,0.00510989010917078,0.00143644975869719,0.00269342157417649,0.00385291829369148
1877.96086640181,0.706466540983276,0.00153013154074532,0.500264306458035,0.500637901933779,4.58537989685537e-06,-6.89256721511327e-06,-2.01000671288352e-06,-4.44100679862336e-06,-1.48431102599303e-06,2.23185931007875e-06,6.508852998387e-07,1.43715459058356e-06,0.707106781186548,0,0.5,0.5,92.1967219160393,27.0561095444104,50.0906275747899,69.1622038856598,0.00415630280110778,0.00101333658525867,0.00198556264939136,0.00318407673697508
1889.19114667545,0.70645523403032,0.00154718553462048,0.500269298674434,0.500648816369197,8.24484924139358e-06,-1.24142593610186e-05,-3.62654695015845e-06,-7.97197458179569e-06,-2.6687836394529e-06,4.01955485111744e-06,1.17418555725262e-06,2.5795514748125e-06,0.707106781186548,0,0.5,0.5,92.7778315321502,27.2310327941535,50.41222535068,69.5966389756237,0.0030643366920694,0.000532077252145928,0.00117681176378598,0.00241960218042935
1898.20336000442,0.706468370868352,0.00152743911407154,0.500263538566126,0.500636095256493,3.99216383894847e-06,-6.02040854184688e-06,-1.76090744951251e-06,-3.85554278359107e-06,-1.29213416111258e-06,1.94917087204147e-06,5.70173494180495e-07,1.24754791622231e-06,0.707106781186548,0,0.5,0.5,93.1853352594957,27.3453516296251,50.626657689773,69.9040291993478,0.00433005446749502,0.00109414072664967,0.0021166770714612,0.00330751812268349
1906.5315614571,0.706476680427147,0.00151491921380855,0.500259879697198,0.500628063334209,1.30256869848476e-06,-1.96673160213246e-06,-5.75847211430107e-07,-1.25678474701751e-06,-4.21570124119278e-07,6.36722721769744e-07,1.86467798150201e-07,4.06639298080512e-07,0.707106781186548,0,0.5,0.5,93.5720083893036,27.4555250023583,50.8323415705629,70.195191821099,0.00513196547263545,0.00144856283708566,0.00271113242764331,0.00386939588207779
1916.28882253524,0.706477650060429,0.00151346347332746,0.50025945606541,0.500627122727634,9.88721074984791e-07,-1.49524890333363e-06,-4.38577237274996e-07,-9.52493193460704e-07,-3.19964381500934e-07,4.84054846948559e-07,1.41994218533991e-07,3.08167125894291e-07,0.707106781186548,0,0.5,0.5,94.0482736153646,27.5948706358435,51.090546145997,70.5525981052111,0.00522531885097436,0.00149013515291821,0.00278050158476898,0.00393495241912359
1928.21289081249,0.706472696835142,0.00152097415638842,0.500261664650492,0.500631882869256,2.59162291569134e-06,-3.92628517997695e-06,-1.15376115219305e-06,-2.49236339160516e-06,-8.38637604048396e-07,1.27095028145322e-06,3.73499454131838e-07,8.06309720066191e-07,0.707106781186548,0,0.5,0.5,94.6466263049073,27.7723102950627,51.4181535597587,71.0007830402113,0.00474523850698554,0.00128080477866061,0.0024262236208328,0.00359981966481335
1940.3995354215,0.706456608970667,0.00154540255786558,0.500268859896133,0.500647320167425,7.79729032371178e-06,-1.18330704458942e-05,-3.483277007504e-06,-7.4854798092498e-06,-2.52308027290294e-06,3.8301466555237e-06,1.12743499586285e-06,2.4213412547687e-06,0.707106781186548,0,0.5,0.5,95.2875579069954,27.9664206401084,51.774641879946,71.4793366671578,0.00318446977414673,0.000602561268430194,0.00127573548417717,0.00251129555839975
1950.42905527223,0.706459184557696,0.00154154721365872,0.500267740099737,0.500644816613301,6.96298133979321e-06,-1.05849363485832e-05,-3.12029846865039e-06,-6.67491236506427e-06,-2.25296862006866e-06,3.42588226364939e-06,1.00989738551907e-06,2.15904625704797e-06,0.707106781186548,0,0.5,0.5,95.7729521856131,28.1077837988273,52.0369484311585,71.8437875532818,0.00343190579625925,0.000713490738162785,0.00146012017908055,0.00268527635534148
1958.77273541335,0.706473633859636,0.00151960234308843,0.500261275414154,0.500630953688328,2.28762126952981e-06,-3.48200902722238e-06,-1.02739875228685e-06,-2.19100521820278e-06,-7.40135833155595e-07,1.1269136967252e-06,3.32560083321778e-07,7.08673411436007e-07,0.707106781186548,0,0.5,0.5,96.143889399471,28.2111793100721,52.2309799442289,72.1240887653141,0.00483390539823327,0.00132250408946754,0.00249341868737896,0.00366299080032186
1967.57082589614,0.706477695800167,0.00151342845848537,0.500259456172556,0.500627058179167,9.73402750062803e-07,-1.48367704361663e-06,-4.38342657609577e-07,-9.3114590144481e-07,-3.14905840735422e-07,4.80155652279537e-07,1.41877404965582e-07,3.01157413739792e-07,0.707106781186548,0,0.5,0.5,96.5648127121712,28.3331549812052,52.4575379558265,72.44042973755,0.00522824780616581,0.00149355223251448,0.0027838911051107,0.00393790893356958
1978.48809456771,0.706476187997079,0.00151573884244264,0.500260141981086,0.500628493669649,1.46120595821866e-06,-2.2310713528182e-06,-6.60333961942182e-07,-1.39541943978135e-06,-4.72678929640624e-07,7.21976673300386e-07,2.13695461054347e-07,4.51291257694022e-07,0.707106781186548,0,0.5,0.5,97.1046132844514,28.4920710763713,52.7515351441235,72.8451492166993,0.00508106945744289,0.00143077341757659,0.00267607417874927,0.00383576869627021
1991.00541846379,0.706464623701405,0.00153343517442456,0.500265389962772,0.500639514661393,5.2020182267664e-06,-7.95693133551287e-06,-2.35898051184142e-06,-4.95910536881668e-06,-1.68271257527132e-06,2.57466932983598e-06,7.63312732938314e-07,1.60364757672962e-06,0.707106781186548,0,0.5,0.5,97.7498876368367,28.6855562185267,53.1079496857617,73.3274941696018,0.00395323220611617,0.000948625655400936,0.00184929990501168,0.00305255795650543
2000,0.706473026442495,0.00152060509762279,0.50026159094155,0.500631492515152,2.48379681572841e-06,-3.80510125530917e-06,-1.12932485483034e-06,-2.36499614236112e-06,-8.03391601659056e-07,1.23114372196816e-06,3.65431075502199e-07,7.64761647465995e-07,0.707106781186548,0,0.5,0.5,98.1688004531605,28.8054034385497,53.3312152286976,73.6429886630126,0.00477151743359411,0.00129996886571778,0.00245005748928454,0.00362142881002735
