0,1,0,0,0,-0,0,0,0,-0,0,0,0,1,0,0,0
22,1,0,0,0,-0,0,0,0,-0,0,0,0,1,0,0,0
44,1,0,0,0,-0,0,0,0,-0,0,0,0,1,0,0,0
66,1,0,0,0,-0,0,0,0,-0,0,0,0,1,0,0,0
88,1,0,0,0,-0,0,0,0,-0,0,0,0,1,0,0,0
96.428139201644,1,0,0,0,-0,0,0,0,-0,0,0,0,1,0,0,0
99.6883282389472,1,0,0,0,-0,0,0,0,-0,0,0,0,1,0,0,0
99.8926075592496,1,0,0,0,-0,0,0,0,-0,0,0,0,1,0,0,0
100.054657902823,0.999999999999996,-3.68427324509175e-15,8.96345099469583e-08,3.05532065759248e-08,-2.69312029951709e-13,-1.64681523618979e-13,2.69168283174723e-06,9.17885928788292e-07,-2.69312029951709e-13,-1.64681523618979e-13,2.69168283174723e-06,9.17885928788292e-07,0.998096745162764,0,0.043605546066396,0.043605546066396
100.216708246397,0.999999999999443,4.84917372982148e-13,9.98456757152699e-07,3.40890877267991e-07,-9.49765028955558e-12,9.17156483656772e-12,8.51829637344828e-06,2.91148805154687e-06,-9.49765028955558e-12,9.17156483656772e-12,8.51829637344828e-06,2.91148805154687e-06,0.998096745162764,0,0.043605546066396,0.043605546066396
101.026959964264,0.999999999786704,2.14216784767304e-10,1.95310026514204e-05,6.71805764869685e-06,-8.09969210022896e-10,8.13753802179114e-10,3.70645231091632e-05,1.28105346898607e-05,-8.09969210022896e-10,8.13753802179114e-10,3.70645231091632e-05,1.28105346898607e-05,0.998096745162764,0,0.043605546066396,0.043605546066396
105.0782185536,0.999999891875202,1.06222787551413e-07,0.000437959397038564,0.000156336623883482,-8.20209500961324e-08,7.97730770115431e-08,0.000165659368985565,6.05670965893762e-05,-8.20209500961324e-08,7.97730770115431e-08,0.000165659368985565,6.05670965893762e-05,0.998096745162764,0,0.043605546066396,0.043605546066396
118.111864182134,0.999987718029444,1.07960441581482e-05,0.00459806227478869,0.00184972890652386,-2.38431090575768e-06,1.87155264937075e-06,0.000440440667307151,0.000194129960591549,-2.38431090575768e-06,1.87155264937075e-06,0.000440440667307151,0.000194129960591549,0.998096745162764,0,0.043605546066396,0.043605546066396
129.258992923608,0.999937900358406,3.7438802274872e-05,0.0101800667593432,0.00453434294407029,-6.83007721365878e-06,5.64223879954919e-06,0.000544480724672281,0.000283743801291452,-6.83007721365878e-06,5.64223879954919e-06,0.000544480724672281,0.000283743801291452,0.998096745162764,0,0.043605546066396,0.043605546066396
140.406121665082,0.999832294194456,0.000111246793097483,0.0164278963803033,0.00809291854153968,-1.21262360318514e-05,-3.90852343138563e-05,0.000564971902428947,0.000351820003271289,-1.21262360318514e-05,-3.90852343138563e-05,0.000564971902428947,0.000351820003271289,0.998096745162764,0,0.043605546066396,0.043605546066396
145.180122169345,0.99976912727772,4.8297904092857e-05,0.0191089961089794,0.00982527747014578,-1.43077511043161e-05,1.72213242590932e-05,0.000556659394067905,0.000373161358228462,-1.43077511043161e-05,1.72213242590932e-05,0.000556659394067905,0.000373161358228462,0.998096745162764,0,0.043605546066396,0.043605546066396
149.954122673608,0.999695997668512,0.000145859158061721,0.0217283387711528,0.0116520498157954,-1.62915719090479e-05,8.93188313361897e-06,0.000539375302980376,0.00039182694894681,-1.62915719090479e-05,8.93188313361897e-06,0.000539375302980376,0.00039182694894681,0.998096745162764,0,0.043605546066396,0.043605546066396
156.129474254339,0.999588331878238,0.000113103333972536,0.0249675843079371,0.0141341329533935,-1.85094380585341e-05,-2.64743968673799e-06,0.000508572805863636,0.000410657191297375,-1.85094380585341e-05,-2.64743968673799e-06,0.000508572805863636,0.000410657191297375,0.998096745162764,0,0.043605546066396,0.043605546066396
162.958767643804,0.999455073742314,0.000171553250544821,0.028300962151185,0.0169876920605917,-2.04119509954983e-05,3.95604214676545e-06,0.000466131097039957,0.000424318427424534,-2.04119509954983e-05,3.95604214676545e-06,0.000466131097039957,0.000424318427424534,0.998096745162764,0,0.043605546066396,0.043605546066396
169.900900274545,0.999308409001305,0.000139730662144575,0.0313706242268367,0.0199641706624912,-2.17444385938276e-05,5.5395635693572e-06,0.000418020529744153,0.000431526131331763,-2.17444385938276e-05,5.5395635693572e-06,0.000418020529744153,0.000431526131331763,0.998096745162764,0,0.043605546066396,0.043605546066396
177.305630576787,0.999144204178173,0.000226363060571214,0.0342661433308752,0.0231654794502272,-2.24932727608232e-05,-7.23270218071548e-06,0.00036328702414265,0.000432851610544136,-2.24932727608232e-05,-7.23270218071548e-06,0.00036328702414265,0.000432851610544136,0.998096745162764,0,0.043605546066396,0.043605546066396
184.554822230745,0.998980191734216,0.000197914159125692,0.0367092800375378,0.0262862342639803,-2.2665300889566e-05,2.55616591374027e-05,0.000311459635167401,0.000426218093236013,-2.2665300889566e-05,2.55616591374027e-05,0.000311459635167401,0.000426218093236013,0.998096745162764,0,0.043605546066396,0.043605546066396
191.314617236489,0.998827862956934,0.000277262516095745,0.0386483334282005,0.0291398289220142,-2.23445231007892e-05,-1.54828529408556e-05,0.000262578834794026,0.000417792113556665,-2.23445231007892e-05,-1.54828529408556e-05,0.000262578834794026,0.000417792113556665,0.998096745162764,0,0.043605546066396,0.043605546066396
197.037632684907,0.998701358594171,0.000274067991189388,0.040044813451952,0.0314949860214539,-2.18176486548446e-05,1.71031388599552e-05,0.000225715528141952,0.000404695899965717,-2.18176486548446e-05,1.71031388599552e-05,0.000225715528141952,0.000404695899965717,0.998096745162764,0,0.043605546066396,0.043605546066396
199.097248617028,0.998656679813417,0.000308533806567024,0.0404960375294768,0.0323235458349346,-2.15631184964058e-05,1.48574776341374e-05,0.000212461941075515,0.000399885013127615,-2.15631184964058e-05,1.48574776341374e-05,0.000212461941075515,0.000399885013127615,0.998096745162764,0,0.043605546066396,0.043605546066396
201.156864549148,0.99861180307788,0.000331240043453695,0.040934473351276,0.0331470349357572,-2.30480241116986e-05,6.69841199257829e-06,0.000233024252979958,0.000406524598221033,-2.30480241116986e-05,6.69841199257829e-06,0.000233024252979958,0.000406524598221033,0.992394225409006,0,0.0870451071998296,0.0870451071998296
202.851716085181,0.998570313695739,0.00033710009403167,0.0413692463079128,0.0338496739871514,-2.58967383378895e-05,6.8278797761112e-07,0.000279401144272619,0.000422481741099574,-2.58967383378895e-05,6.8278797761112e-07,0.000279401144272619,0.000422481741099574,0.992394225409006,0,0.0870451071998296,0.0870451071998296
211.325973765346,0.99829408858611,0.000330164474617396,0.044555654371019,0.0377305890362005,-3.90031180948337e-05,2.43937216780402e-05,0.000459309740970636,0.000489355790458288,-3.90031180948337e-05,2.43937216780402e-05,0.000459309740970636,0.000489355790458288,0.992394225409006,0,0.0870451071998296,0.0870451071998296
217.078986370873,0.998046678604195,0.000411291393557275,0.0474306838928451,0.040656959945142,-4.68803496656946e-05,-4.32956482831785e-06,0.000534719812355846,0.000527054448395138,-4.68803496656946e-05,-4.32956482831785e-06,0.000534719812355846,0.000527054448395138,0.992394225409006,0,0.0870451071998296,0.0870451071998296
222.831998976401,0.997756188532086,0.000403260659380905,0.0506578654760563,0.0437744936255716,-5.3955604433206e-05,9.93652586294553e-06,0.000582967297213926,0.000555086999015595,-5.3955604433206e-05,9.93652586294553e-06,0.000582967297213926,0.000555086999015595,0.992394225409006,0,0.0870451071998296,0.0870451071998296
229.503113267981,0.997372251189321,0.000468270189788209,0.0546446475804169,0.0475640176119171,-6.09168445636252e-05,-1.52589892364035e-06,0.000606995802975822,0.000580026973739773,-6.09168445636252e-05,-1.52589892364035e-06,0.000606995802975822,0.000580026973739773,0.992394225409006,0,0.0870451071998296,0.0870451071998296
237.650648368943,0.99684766002494,0.000453605557833516,0.05959861478725,0.0523692854662106,-6.74740941174364e-05,1.74037332771454e-05,0.000604544095451399,0.000596217944515566,-6.74740941174364e-05,1.74037332771454e-05,0.000604544095451399,0.000596217944515566,0.992394225409006,0,0.0870451071998296,0.0870451071998296
243.41983092134,0.996448665815893,0.00047628996617031,0.0630302318323363,0.0558302733000348,-7.06612011070948e-05,-1.25440934039862e-05,0.000583266797498479,0.000602769621897618,-7.06612011070948e-05,-1.25440934039862e-05,0.000583266797498479,0.000602769621897618,0.992394225409006,0,0.0870451071998296,0.0870451071998296
249.189013473738,0.996034522548907,0.000428033118692749,0.0663166358254148,0.0593055688044543,-7.27051822207447e-05,1.38182588672486e-06,0.000554756872862709,0.000600730609312845,-7.27051822207447e-05,1.38182588672486e-06,0.000554756872862709,0.000600730609312845,0.992394225409006,0,0.0870451071998296,0.0870451071998296
255.833531666752,0.995547694603432,0.000429460502233056,0.0698628539864957,0.0632754689143512,-7.35845507197898e-05,-8.16457586647619e-06,0.000511019944045846,0.000593581131830814,-7.35845507197898e-05,-8.16457586647619e-06,0.000511019944045846,0.000593581131830814,0.992394225409006,0,0.0870451071998296,0.0870451071998296
263.643899145737,0.994974645144911,0.000401672804511712,0.0736350015231806,0.067846744420041,-7.28357035765104e-05,1.18084160245125e-05,0.000454434103771533,0.000574864418482164,-7.28357035765104e-05,1.18084160245125e-05,0.000454434103771533,0.000574864418482164,0.992394225409006,0,0.0870451071998296,0.0870451071998296
271.26252558787,0.994428084801352,0.000403021391367151,0.0768608387170966,0.0721459160575135,-7.04341000557818e-05,-1.33232674155634e-05,0.000392563356444453,0.000552689190712374,-7.04341000557818e-05,-1.33232674155634e-05,0.000392563356444453,0.000552689190712374,0.992394225409006,0,0.0870451071998296,0.0870451071998296
277.449733856464,0.994000919070531,0.000450675367929731,0.0791474965201477,0.0754827369220639,-6.74774929752931e-05,1.62393341445536e-05,0.000345342320528841,0.000526377193964677,-6.74774929752931e-05,1.62393341445536e-05,0.000345342320528841,0.000526377193964677,0.992394225409006,0,0.0870451071998296,0.0870451071998296
283.293969783919,0.993616433756906,0.000466026570143475,0.0810264577988072,0.0784912639981161,-6.40275915518528e-05,-4.27293804446672e-06,0.000298763081519724,0.000502134151729338,-6.40275915518528e-05,-4.27293804446672e-06,0.000298763081519724,0.000502134151729338,0.992394225409006,0,0.0870451071998296,0.0870451071998296
289.578070720629,0.993227161953183,0.000492158478441941,0.0827624035947154,0.0815472077368873,-5.9761763361523e-05,9.57122354565343e-06,0.000253739504135574,0.000470306781473359,-5.9761763361523e-05,9.57122354565343e-06,0.000253739504135574,0.000470306781473359,0.992394225409006,0,0.0870451071998296,0.0870451071998296
296.250020511573,0.992844945988638,0.000500641362858279,0.0842968659724041,0.0845736422904581,-5.47631491021584e-05,-4.50424744080188e-06,0.000207344514675768,0.000436247949859242,-5.47631491021584e-05,-4.50424744080188e-06,0.000207344514675768,0.000436247949859242,0.992394225409006,0,0.0870451071998296,0.0870451071998296
298.762377551831,0.992709819191859,0.000494902606840348,0.084798199837686,0.0856518257585034,-5.27982373031939e-05,-2.2236771839901e-08,0.000191835897640058,0.000422010862088679,-5.27982373031939e-05,-2.2236771839901e-08,0.000191835897640058,0.000422010862088679,0.992394225409006,0,0.0870451071998296,0.0870451071998296
300.735178747179,0.992605696591929,0.000496487520960869,0.0851779173153286,0.0864777832464335,-5.49352951724802e-05,1.57343725021609e-07,0.000211894673231124,0.000421845478542978,-5.49352951724802e-05,1.57343725021609e-07,0.000211894673231124,0.000421845478542978,0.982914147435338,0,0.130153330290592,0.130153330290592
302.707979942527,0.992491158868334,0.000493303768501375,0.0856497237242206,0.0873222826405045,-6.1113781751261e-05,-3.63276215617947e-06,0.000265533520157691,0.000434182505781003,-6.1113781751261e-05,-3.63276215617947e-06,0.000265533520157691,0.000434182505781003,0.982914147435338,0,0.130153330290592,0.130153330290592
311.194771678672,0.991873050499093,0.000386503464280773,0.0887097946713384,0.0912045757517938,-8.34852712834543e-05,-1.92969879782026e-05,0.000442037423133361,0.000478059347897382,-8.34852712834543e-05,-1.92969879782026e-05,0.000442037423133361,0.000478059347897382,0.982914147435338,0,0.130153330290592,0.130153330290592
319.095775971826,0.991149418043379,0.00033028235015551,0.0926343873513229,0.0950872878248496,-9.88256936733882e-05,-1.22524699628177e-05,0.000539543363964592,0.000504534388074292,-9.88256936733882e-05,-1.22524699628177e-05,0.000539543363964592,0.000504534388074292,0.982914147435338,0,0.130153330290592,0.130153330290592
325.727248210221,0.990461387384373,0.000162733932513046,0.0963621982544258,0.0984913212718041,-0.00010817029604639,-1.24303499297251e-05,0.000582097117641536,0.000518303194869643,-0.00010817029604639,-1.24303499297251e-05,0.000582097117641536,0.000518303194869643,0.982914147435338,0,0.130153330290592,0.130153330290592
332.464936855934,0.989709907516267,0.000123445970940346,0.100344819113492,0.102005887096356,-0.000114379671527751,-2.39670792076195e-05,0.000593231142099097,0.000526224344990067,-0.000114379671527751,-2.39670792076195e-05,0.000593231142099097,0.000526224344990067,0.982914147435338,0,0.130153330290592,0.130153330290592
339.36742217895,0.988906748856347,-7.82456899077432e-05,0.104416631827018,0.105643754864554,-0.000117832039876135,-1.09309384249645e-05,0.000585557737781945,0.000524234276960035,-0.000117832039876135,-1.09309384249645e-05,0.000585557737781945,0.000524234276960035,0.982914147435338,0,0.130153330290592,0.130153330290592
346.434600427809,0.988070703830878,-0.000184320347938906,0.108457954535615,0.109330335932495,-0.000118341487241327,-4.00672429162368e-05,0.000553676098316809,0.000520183111110076,-0.000118341487241327,-4.00672429162368e-05,0.000553676098316809,0.000520183111110076,0.982914147435338,0,0.130153330290592,0.130153330290592
353.174113181447,0.987277978741423,-0.00037569163402431,0.112076800575685,0.112786711632021,-0.000116470594110361,-4.18105958473558e-06,0.000519439015752817,0.000503341379013189,-0.000116470594110361,-4.18105958473558e-06,0.000519439015752817,0.000503341379013189,0.982914147435338,0,0.130153330290592,0.130153330290592
359.132046069677,0.986593651484242,-0.000460049604168659,0.115043134399589,0.115749006185235,-0.000113047635133492,-2.69622462514941e-05,0.000475654634762619,0.000490707237707215,-0.000113047635133492,-2.69622462514941e-05,0.000475654634762619,0.000490707237707215,0.982914147435338,0,0.130153330290592,0.130153330290592
365.04718930204,0.985938213564051,-0.000563260116064919,0.117735326488505,0.11859137687376,-0.0001083305985974,-3.48730460329187e-06,0.000434393846596069,0.000469357998107365,-0.0001083305985974,-3.48730460329187e-06,0.000434393846596069,0.000469357998107365,0.982914147435338,0,0.130153330290592,0.130153330290592
371.561012148366,0.985253178530869,-0.000582821426348904,0.120398264377344,0.121573403542586,-0.000101831176992336,-8.33902115931074e-06,0.000382536230455717,0.000446379971732075,-0.000101831176992336,-8.33902115931074e-06,0.000382536230455717,0.000446379971732075,0.982914147435338,0,0.130153330290592,0.130153330290592
378.855340765661,0.984540397022431,-0.000590385399774843,0.122987227047462,0.12471567687813,-9.34005486892738e-05,1.14846284630567e-05,0.00032786822065442,0.00041406013777086,-9.34005486892738e-05,1.14846284630567e-05,0.00032786822065442,0.00041406013777086,0.982914147435338,0,0.130153330290592,0.130153330290592
386.227208880198,0.983886023330543,-0.00056033564477804,0.125188499201829,0.127655077401447,-8.40789380592804e-05,-3.99395122766195e-06,0.00027029487049243,0.000382938508016681,-8.40789380592804e-05,-3.99395122766195e-06,0.00027029487049243,0.000382938508016681,0.982914147435338,0,0.130153330290592,0.130153330290592
392.871875878756,0.983356435409494,-0.000501084650287463,0.126838721477536,0.130083852137194,-7.52504090056619e-05,1.28974589974565e-05,0.000225407989726176,0.000349113089040901,-7.52504090056619e-05,1.28974589974565e-05,0.000225407989726176,0.000349113089040901,0.982914147435338,0,0.130153330290592,0.130153330290592
399.242800036227,0.982904113969395,-0.000492829615563476,0.128132239871852,0.13221720374607,-6.67730781664118e-05,-1.30880624501932e-06,0.000182859534823087,0.000319176969707582,-6.67730781664118e-05,-1.30880624501932e-06,0.000182859534823087,0.000319176969707582,0.982914147435338,0,0.130153330290592,0.130153330290592
405.978766093491,0.982374578731058,-0.000496348104382531,0.129846035877405,0.134461695915451,-9.30575126156734e-05,-8.04381353281563e-06,0.000337085366555107,0.00035433246098933,-9.30575126156734e-05,-8.04381353281563e-06,0.000337085366555107,0.00035433246098933,0.969692597250281,0,0.172766123470437,0.172766123470437
412.832875884823,0.981652132445684,-0.000618842107158057,0.132605829191793,0.137019713777413,-0.000116661683752728,-1.55582296573055e-05,0.000461523032122549,0.000389074803234712,-0.000116661683752728,-1.55582296573055e-05,0.000461523032122549,0.000389074803234712,0.969692597250281,0,0.172766123470437,0.172766123470437
420.312096719189,0.980705727855825,-0.000676859814355501,0.136406291385405,0.140032642201909,-0.000135256612839361,-1.59479998131512e-05,0.000543894674149426,0.000417370436333541,-0.000135256612839361,-1.59479998131512e-05,0.000543894674149426,0.000417370436333541,0.969692597250281,0,0.172766123470437,0.172766123470437
428.231409809049,0.979579176667283,-0.000825735882233897,0.140899718772059,0.143426720139783,-0.000148103054968285,8.27767273537563e-06,0.00058799600744099,0.000433929128902596,-0.000148103054968285,8.27767273537563e-06,0.00058799600744099,0.000433929128902596,0.969692597250281,0,0.172766123470437,0.172766123470437
435.492763273378,0.978478825953063,-0.000852071422287432,0.14517837954675,0.146634577259205,-0.000154297318754076,-4.22216411656743e-05,0.000583077802437817,0.000452078862842636,-0.000154297318754076,-4.22216411656743e-05,0.000583077802437817,0.000452078862842636,0.969692597250281,0,0.172766123470437,0.172766123470437
441.339043581323,0.97756997114417,-0.000978632006993469,0.148574471802566,0.149270292172188,-0.000156046267434861,3.24931647941719e-06,0.000576249094909599,0.000448404161080155,-0.000156046267434861,3.24931647941719e-06,0.000576249094909599,0.000448404161080155,0.969692597250281,0,0.172766123470437,0.172766123470437
446.634082378729,0.976744905629472,-0.00100575942700095,0.151558960093985,0.151651770151483,-0.000155314689349161,-1.96133502911977e-05,0.000549136909652311,0.000451405784678663,-0.000155314689349161,-1.96133502911977e-05,0.000549136909652311,0.000451405784678663,0.969692597250281,0,0.172766123470437,0.172766123470437
452.544371006538,0.975834318892194,-0.00111792273804229,0.154710955257879,0.154307007761,-0.000152432583194648,-7.5156022553766e-06,0.000517776240735825,0.000444794363638421,-0.000152432583194648,-7.5156022553766e-06,0.000517776240735825,0.000444794363638421,0.969692597250281,0,0.172766123470437,0.172766123470437
460.058197602399,0.974712219540663,-0.00112027669836061,0.158417126603963,0.157603451918978,-0.000145785163090663,-8.52439020115187e-06,0.000464925743061495,0.000434234333596041,-0.000145785163090663,-8.52439020115187e-06,0.000464925743061495,0.000434234333596041,0.969692597250281,0,0.172766123470437,0.172766123470437
468.014883913427,0.973588838698706,-0.00110475319503126,0.161892171038456,0.160979742943447,-0.000136076622302129,3.65892559570286e-05,0.000411189665520744,0.000409708165219489,-0.000136076622302129,3.65892559570286e-05,0.000411189665520744,0.000409708165219489,0.969692597250281,0,0.172766123470437,0.172766123470437
473.467366349779,0.972868329959706,-0.000969008666182526,0.164000602818344,0.163187241715881,-0.000128160188312368,1.00217060651495e-05,0.000362267075682631,0.000400035444016322,-0.000128160188312368,1.00217060651495e-05,0.000362267075682631,0.000400035444016322,0.969692597250281,0,0.172766123470437,0.172766123470437
478.919848786131,0.972192338460478,-0.00087752838303837,0.16586509700292,0.165318046742927,-0.000119661972951452,3.0675253148078e-05,0.000322690328509166,0.000380105562046705,-0.000119661972951452,3.0675253148078e-05,0.000322690328509166,0.000380105562046705,0.969692597250281,0,0.172766123470437,0.172766123470437
485.361221415207,0.971455932881242,-0.000654300214021944,0.16778358095568,0.167694997906182,-0.000108935160616103,2.75193235904339e-05,0.000271580527408846,0.000359443998481296,-0.000108935160616103,2.75193235904339e-05,0.000271580527408846,0.000359443998481296,0.969692597250281,0,0.172766123470437,0.172766123470437
493.386593408255,0.970635894621646,-0.000440764455758697,0.169728792896534,0.170463786947894,-9.53777400563059e-05,4.37895796245144e-05,0.000217192117585976,0.000326946878220537,-9.53777400563059e-05,4.37895796245144e-05,0.000217192117585976,0.000326946878220537,0.969692597250281,0,0.172766123470437,0.172766123470437
496.462719948452,0.970350639194126,-0.000313841495523902,0.170362788802772,0.171452788575775,-9.01018279316005e-05,3.56380134659781e-05,0.000194705991875749,0.000316535506314517,-9.01018279316005e-05,3.56380134659781e-05,0.000194705991875749,0.000316535506314517,0.969692597250281,0,0.172766123470437,0.172766123470437
499.538846488649,0.970081439940146,-0.000226348997328995,0.170927521503299,0.172411516560013,-8.4943806522343e-05,2.24905284906192e-05,0.00017296090437332,0.000306497635463175,-8.4943806522343e-05,2.24905284906192e-05,0.00017296090437332,0.000306497635463175,0.969692597250281,0,0.172766123470437,0.172766123470437
507.461040370517,0.969261048407561,-0.000136352580403233,0.172935900647957,0.175003359153272,-0.000125728653540538,2.01632061578062e-05,0.000350251741971096,0.000350253479110592,-0.000125728653540538,2.01632061578062e-05,0.000350251741971096,0.000350253479110592,0.952779902812526,0,0.214721280729872,0.214721280729872
513.380114495875,0.968435808912017,-9.15425685248583e-05,0.175318919823197,0.177187335859289,-0.000152053157168296,-8.5448011421446e-06,0.000448593086849795,0.000387195192520328,-0.000152053157168296,-8.5448011421446e-06,0.000448593086849795,0.000387195192520328,0.952779902812526,0,0.214721280729872,0.214721280729872
519.299188621233,0.96747338355256,-0.00011276069219519,0.178202564664603,0.179552458488727,-0.000172092288022357,7.06179601817175e-06,0.000521143629861459,0.000410054942656152,-0.000172092288022357,7.06179601817175e-06,0.000521143629861459,0.000410054942656152,0.952779902812526,0,0.214721280729872,0.214721280729872
525.975421479024,0.966268348783781,-7.6538513617737e-05,0.181840752513956,0.1823716343231,-0.000187818997369595,-3.56148213652629e-06,0.000562121259946977,0.00043464394695674,-0.000187818997369595,-3.56148213652629e-06,0.000562121259946977,0.00043464394695674,0.952779902812526,0,0.214721280729872,0.214721280729872
533.551764517567,0.964800934156086,-8.45652967048123e-05,0.186180061626949,0.185731351561441,-0.000198262298730831,8.61013183584313e-06,0.000578936379400632,0.000449563133229436,-0.000198262298730831,8.61013183584313e-06,0.000578936379400632,0.000449563133229436,0.952779902812526,0,0.214721280729872,0.214721280729872
540.922212558809,0.963322851876801,-0.000121294037796713,0.190392515269693,0.18910250783367,-0.000201981551941439,-1.81273778535993e-05,0.000561448048796909,0.000463641337709214,-0.000201981551941439,-1.81273778535993e-05,0.000561448048796909,0.000463641337709214,0.952779902812526,0,0.214721280729872,0.214721280729872
547.268856993865,0.962042468928907,-0.000147353479716621,0.193898438595235,0.192035574242002,-0.000200793728426995,1.191200404961e-06,0.000538957229111619,0.000461733743471791,-0.000200793728426995,1.191200404961e-06,0.000538957229111619,0.000461733743471791,0.952779902812526,0,0.214721280729872,0.214721280729872
553.4316804851,0.960816849558858,-0.000201320436313696,0.197103949264432,0.19488708078843,-0.000196536896372188,-1.0632457900605e-05,0.000502075595871675,0.000461152878498417,-0.000196536896372188,-1.0632457900605e-05,0.000502075595871675,0.000461152878498417,0.952779902812526,0,0.214721280729872,0.214721280729872
560.000806370963,0.959548982258606,-0.000189233930729136,0.200275923217449,0.197876904706919,-0.000188945522849936,9.33644638747721e-06,0.000461106463936068,0.000449550837127001,-0.000188945522849936,9.33644638747721e-06,0.000461106463936068,0.000449550837127001,0.952779902812526,0,0.214721280729872,0.214721280729872
566.899572864991,0.958280582067878,-0.000136775541121522,0.203275768387303,0.200940959763438,-0.000178435900677854,1.32427624787e-05,0.000409829052783983,0.000436372726299845,-0.000178435900677854,1.32427624787e-05,0.000409829052783983,0.000436372726299845,0.952779902812526,0,0.214721280729872,0.214721280729872
574.070068648936,0.957047270152054,5.33123658155061e-05,0.206028507795046,0.203992092562532,-0.000165204276001567,2.80795228394234e-05,0.000354883993909543,0.00041663666275383,-0.000165204276001567,2.80795228394234e-05,0.000354883993909543,0.00041663666275383,0.952779902812526,0,0.214721280729872,0.214721280729872
581.535838779466,0.955869478209799,0.000243855583577084,0.208452717413151,0.207028852492724,-0.000150163775726472,4.02496666966368e-05,0.000298808514973469,0.000392407661700981,-0.000150163775726472,4.02496666966368e-05,0.000298808514973469,0.000392407661700981,0.952779902812526,0,0.214721280729872,0.214721280729872
589.211212668135,0.954780355563274,0.000572404656084464,0.210519194331555,0.20994240591498,-0.000133598140386949,1.58422198951403e-05,0.000234269883662006,0.000372623645590784,-0.000133598140386949,1.58422198951403e-05,0.000234269883662006,0.000372623645590784,0.952779902812526,0,0.214721280729872,0.214721280729872
594.623718681686,0.954088013399472,0.000691466829369987,0.211696181395066,0.211896935664064,-0.000122156920554129,3.74435907620177e-05,0.00020262896087899,0.000347465078551658,-0.000122156920554129,3.74435907620177e-05,0.00020262896087899,0.000347465078551658,0.952779902812526,0,0.214721280729872,0.214721280729872
597.097400552152,0.953792451924863,0.000789344890151751,0.212177969930699,0.212743612505499,-0.000116808883752468,3.93623317878405e-05,0.000186476007201117,0.000337562475746904,-0.000116808883752468,3.93623317878405e-05,0.000186476007201117,0.000337562475746904,0.952779902812526,0,0.214721280729872,0.214721280729872
599.571082422619,0.953510069150671,0.000877246467348999,0.212617453892979,0.213568716733012,-0.000111517587459366,3.06952438809829e-05,0.00016880620726531,0.00032970685184003,-0.000111517587459366,3.06952438809829e-05,0.00016880620726531,0.00032970685184003,0.952779902812526,0,0.214721280729872,0.214721280729872
606.013766345946,0.952669396569201,0.000938931706260619,0.214113709316229,0.215813481345746,-0.000153550456103641,-1.79625723910874e-06,0.000310571243294906,0.000369703252622144,-0.000153550456103641,-1.79625723910874e-06,0.000310571243294906,0.000369703252622144,0.932240442457073,0,0.255859099356893,0.255859099356893
612.890672975259,0.951472638567915,0.000923740319153726,0.216716951350931,0.218478208884987,-0.000192461237380156,-9.71143754090475e-06,0.00043605802978711,0.000405667026580475,-0.000192461237380156,-9.71143754090475e-06,0.00043605802978711,0.000405667026580475,0.932240442457073,0,0.255859099356893,0.255859099356893
620.857696509238,0.949804930150252,0.000794190701602176,0.22057598287852,0.221847244068026,-0.00022396329443439,-3.82189637505445e-06,0.000527956302304934,0.000433947226379339,-0.00022396329443439,-3.82189637505445e-06,0.000527956302304934,0.000433947226379339,0.932240442457073,0,0.255859099356893,0.255859099356893
628.85276234278,0.947932679942826,0.000755912682234909,0.224975713076288,0.225408498992925,-0.000242536754335541,-4.17220944023034e-05,0.000557499451188714,0.000463674695844867,-0.000242536754335541,-4.17220944023034e-05,0.000557499451188714,0.000463674695844867,0.932240442457073,0,0.255859099356893,0.255859099356893
634.16989262167,0.946622411142567,0.000595791357581375,0.227981897265731,0.227881351308984,-0.000249440183569843,-9.6518479183212e-06,0.00057202297421215,0.000463927982463493,-0.000249440183569843,-9.6518479183212e-06,0.00057202297421215,0.000463927982463493,0.932240442457073,0,0.255859099356893,0.255859099356893
639.487022900561,0.94528816987069,0.000537743319805118,0.231002671124046,0.230364391059466,-0.000251837901974983,-2.38184044679846e-05,0.00055973224659341,0.000472176073186927,-0.000251837901974983,-2.38184044679846e-05,0.00055973224659341,0.000472176073186927,0.932240442457073,0,0.255859099356893,0.255859099356893
646.078470631471,0.943630094279701,0.000323317170736119,0.234611679510725,0.233494112287325,-0.000250475718459254,-2.58728419037852e-05,0.000537046815060806,0.00047267716783116,-0.000250475718459254,-2.58728419037852e-05,0.000537046815060806,0.00047267716783116,0.932240442457073,0,0.255859099356893,0.255859099356893
653.564595089914,0.941779291035297,0.0001761135111989,0.238497055126343,0.237003988694592,-0.000243081417536528,-3.16140134171248e-05,0.000494207270859774,0.000468631918880289,-0.000243081417536528,-3.16140134171248e-05,0.000494207270859774,0.000468631918880289,0.932240442457073,0,0.255859099356893,0.255859099356893
661.136463359909,0.939980747570025,-8.19813256418672e-06,0.242070381749761,0.240495580853398,-0.000231118983952867,9.70821056770265e-06,0.000454312947315589,0.000446044646357497,-0.000231118983952867,9.70821056770265e-06,0.000454312947315589,0.000446044646357497,0.932240442457073,0,0.255859099356893,0.255859099356893
666.751444658881,0.938715569323846,1.61467506527182e-05,0.244488633558606,0.242978163028976,-0.000219370255564176,-8.08407736150313e-06,0.000405594993282575,0.000439393556439163,-0.000219370255564176,-8.08407736150313e-06,0.000405594993282575,0.000439393556439163,0.932240442457073,0,0.255859099356893,0.255859099356893
672.366425957854,0.937519513558391,1.46271591927774e-05,0.246654824914811,0.24539470008443,-0.000206354132406471,1.58909454312352e-05,0.000367569802070541,0.000418908510192113,-0.000206354132406471,1.58909454312352e-05,0.000367569802070541,0.000418908510192113,0.932240442457073,0,0.255859099356893,0.255859099356893
678.978946036357,0.936211005435669,0.000167963301430403,0.248916312657014,0.248091907128586,-0.00018923062835453,1.86922324525501e-05,0.000313504502045397,0.000399530455139179,-0.00018923062835453,1.86922324525501e-05,0.000313504502045397,0.000399530455139179,0.932240442457073,0,0.255859099356893,0.255859099356893
686.974658145599,0.934783182570946,0.000336463468801027,0.251177828694761,0.251177201885548,-0.000167754611613232,4.07189534971434e-05,0.000257225886826279,0.000367035896830036,-0.000167754611613232,4.07189534971434e-05,0.000257225886826279,0.000367035896830036,0.932240442457073,0,0.255859099356893,0.255859099356893
692.548769312728,0.933891255522335,0.000517495859795317,0.252480455913326,0.253180714981911,-0.000152392932243106,1.83677880198993e-05,0.000209724275656957,0.000352940155190787,-0.000152392932243106,1.83677880198993e-05,0.000209724275656957,0.000352940155190787,0.932240442457073,0,0.255859099356893,0.255859099356893
698.122880479858,0.933083250592085,0.00061343429543175,0.253545370956454,0.255088251453154,-0.000137537496199598,2.20571457584071e-05,0.000174417847085424,0.000329680278110705,-0.000137537496199598,2.20571457584071e-05,0.000174417847085424,0.000329680278110705,0.932240442457073,0,0.255859099356893,0.255859099356893
704.500282062521,0.932066502164754,0.000662492048616172,0.255053941056856,0.257291826139136,-0.000186135405414581,-1.59766583344079e-05,0.000308706435281181,0.000368314723156315,-0.000186135405414581,-1.59766583344079e-05,0.000308706435281181,0.000368314723156315,0.908152399838472,0,0.296022987846911,0.296022987846911
710.529476548541,0.930815286626768,0.000525384719126013,0.257270470259258,0.259604567150513,-0.000227034144641089,-2.26804637601477e-05,0.000421739157628211,0.000396132233366543,-0.000227034144641089,-2.26804637601477e-05,0.000421739157628211,0.000396132233366543,0.908152399838472,0,0.296022987846911,0.296022987846911
719.678564482307,0.928529126066682,0.00034054005050157,0.261667853243683,0.263369475560779,-0.000268989137521031,-3.27509558525443e-05,0.000522441454073366,0.000429318043871087,-0.000268989137521031,-3.27509558525443e-05,0.000522441454073366,0.000429318043871087,0.908152399838472,0,0.296022987846911,0.296022987846911
726.043216479169,0.926756643666354,0.000175419390384244,0.26512844376753,0.266137184462674,-0.000286364269918302,-1.15730654222701e-05,0.000561738706798925,0.000437590526453782,-0.000286364269918302,-1.15730654222701e-05,0.000561738706798925,0.000437590526453782,0.908152399838472,0,0.296022987846911,0.296022987846911
732.407868476032,0.924901957600917,5.62410783320948e-05,0.268722791145837,0.268969193741076,-0.000295327883167146,-3.22850120009503e-05,0.000562939346874448,0.000453124459296724,-0.000295327883167146,-3.22850120009503e-05,0.000562939346874448,0.000453124459296724,0.908152399838472,0,0.296022987846911,0.296022987846911
739.007979906928,0.922941007906529,-0.000145836709904365,0.272416634718774,0.27197252027481,-0.000297675527255555,-2.45117219004747e-05,0.00055433097295692,0.000454915070637101,-0.000297675527255555,-2.45117219004747e-05,0.00055433097295692,0.000454915070637101,0.908152399838472,0,0.296022987846911,0.296022987846911
745.88609966401,0.92090457353911,-0.000367182477802768,0.276125464899836,0.275116991924575,-0.000293602413395345,-4.10594864644397e-05,0.000522125456410493,0.000458687025122487,-0.000293602413395345,-4.10594864644397e-05,0.000522125456410493,0.000458687025122487,0.908152399838472,0,0.296022987846911,0.296022987846911
752.80566486078,0.918902963926285,-0.000584952851285949,0.279630668394064,0.27825112760084,-0.00028393967009117,-2.15014124839536e-05,0.000488677139692197,0.000446543785754942,-0.00028393967009117,-2.15014124839536e-05,0.000488677139692197,0.000446543785754942,0.908152399838472,0,0.296022987846911,0.296022987846911
759.598179137477,0.91701966856792,-0.000741883872802754,0.282789084894689,0.281255596446231,-0.000270034415197504,-1.83443405678997e-05,0.000442644486973354,0.000435327270632484,-0.000270034415197504,-1.83443405678997e-05,0.000442644486973354,0.000435327270632484,0.908152399838472,0,0.296022987846911,0.296022987846911
766.412063468155,0.915238203910435,-0.000745375390753447,0.285661631635619,0.284140646035732,-0.0002522174606792,9.91985240257409e-06,0.000396776943771612,0.000413536402506711,-0.0002522174606792,9.91985240257409e-06,0.000396776943771612,0.000413536402506711,0.908152399838472,0,0.296022987846911,0.296022987846911
773.461347540823,0.913532938717887,-0.000658648875218356,0.288255995646502,0.28699410626869,-0.000231312412584298,2.47016711000962e-05,0.000342578732411157,0.000392263819013943,-0.000231312412584298,2.47016711000962e-05,0.000342578732411157,0.000392263819013943,0.908152399838472,0,0.296022987846911,0.296022987846911
780.862840686403,0.911909249607578,-0.000374956508313843,0.290586172726869,0.289794851761917,-0.000207184306925321,3.35077493649989e-05,0.000281137706628186,0.000370093253821009,-0.000207184306925321,3.35077493649989e-05,0.000281137706628186,0.000370093253821009,0.908152399838472,0,0.296022987846911,0.296022987846911
788.540158114823,0.910414449063649,-0.000123816188607442,0.292509242003565,0.292547190976402,-0.000182169624884454,5.71854436992531e-05,0.000228658025863094,0.000338312437748661,-0.000182169624884454,5.71854436992531e-05,0.000228658025863094,0.000338312437748661,0.908152399838472,0,0.296022987846911,0.296022987846911
793.749131409824,0.909510916708372,0.000141102100790637,0.293583376329842,0.294276525773403,-0.000164938471984595,3.46804020752099e-05,0.000181791696401426,0.000328389860881226,-0.000164938471984595,3.46804020752099e-05,0.000181791696401426,0.000328389860881226,0.908152399838472,0,0.296022987846911,0.296022987846911
798.958104704825,0.908694162444919,0.000286965799720953,0.294431128156366,0.2959478798061,-0.00014875180834698,2.98901688672849e-05,0.000147134551928755,0.000310326028984632,-0.00014875180834698,2.98901688672849e-05,0.000147134551928755,0.000310326028984632,0.908152399838472,0,0.296022987846911,0.296022987846911
805.510689874266,0.907548210428481,0.000404479041043792,0.295815311575383,0.298076137223909,-0.000206724052305238,-1.94065644241857e-06,0.000285249126537912,0.000346326849223878,-0.000206724052305238,-1.94065644241857e-06,0.000285249126537912,0.000346326849223878,0.88060746632399,0,0.335060061969822,0.335060061969822
811.359767283977,0.90619874643987,0.000318457081890305,0.297804598886775,0.30019352327754,-0.000252706091552946,-1.9098565452665e-05,0.000391815519193873,0.000374170504076562,-0.000252706091552946,-1.9098565452665e-05,0.000391815519193873,0.000374170504076562,0.88060746632399,0,0.335060061969822,0.335060061969822
819.769606446798,0.903865011997954,0.00019046601955396,0.301581098567262,0.303441666215432,-0.000298459369064942,-2.00735398385906e-05,0.000491857812305578,0.000400194827126331,-0.000298459369064942,-2.00735398385906e-05,0.000491857812305578,0.000400194827126331,0.88060746632399,0,0.335060061969822,0.335060061969822
827.577721871792,0.901426876032564,-2.00109835535567e-05,0.305604561515935,0.306651983111778,-0.000323527078645052,-6.89353931837721e-06,0.000541150599245607,0.000411729847596932,-0.000323527078645052,-6.89353931837721e-06,0.000541150599245607,0.000411729847596932,0.88060746632399,0,0.335060061969822,0.335060061969822
834.766947146158,0.899059951936251,-0.000110836008061252,0.309511508417933,0.309667267719114,-0.000333445391280989,-4.87456195848975e-05,0.000532219408795406,0.000436126051221856,-0.000333445391280989,-4.87456195848975e-05,0.000532219408795406,0.000436126051221856,0.88060746632399,0,0.335060061969822,0.335060061969822
841.059328454705,0.896952234538864,-0.000353158205767279,0.312864251471448,0.312398022378872,-0.000334992226061283,-1.52632323487034e-05,0.000533879285887387,0.000427131040112569,-0.000334992226061283,-1.52632323487034e-05,0.000533879285887387,0.000427131040112569,0.88060746632399,0,0.335060061969822,0.335060061969822
846.525503202354,0.895131207570553,-0.000490288925554297,0.315705866329722,0.314753374588826,-0.000330786722033942,-4.09211576931144e-05,0.000503179557003406,0.000435962654787101,-0.000330786722033942,-4.09211576931144e-05,0.000503179557003406,0.000435962654787101,0.88060746632399,0,0.335060061969822,0.335060061969822
852.331548018052,0.893232387270837,-0.000717911273105712,0.31855194273194,0.31726967506453,-0.000322512896069392,-2.71628066135912e-05,0.000479230025371818,0.000426765678035284,-0.000322512896069392,-2.71628066135912e-05,0.000479230025371818,0.000426765678035284,0.88060746632399,0,0.335060061969822,0.335060061969822
859.341377793262,0.891023701092752,-0.000845530584410648,0.32177513194177,0.320213699945617,-0.000306823245107977,-1.9457920851598e-05,0.000435281234403432,0.000416308404546426,-0.000306823245107977,-1.9457920851598e-05,0.000435281234403432,0.000416308404546426,0.88060746632399,0,0.335060061969822,0.335060061969822
867.357058888807,0.888653044670574,-0.000891584144230538,0.325066943596351,0.323460126532405,-0.00028362478674418,2.79755194080845e-05,0.000391243742310871,0.0003861018872355,-0.00028362478674418,2.79755194080845e-05,0.000391243742310871,0.0003861018872355,0.88060746632399,0,0.335060061969822,0.335060061969822
872.981276079111,0.887111873688154,-0.00074255309516837,0.327125743349647,0.325608231183325,-0.000264359685935705,2.05804126889781e-05,0.000339874004415596,0.000378830601361718,-0.000264359685935705,2.05804126889781e-05,0.000339874004415596,0.000378830601361718,0.88060746632399,0,0.335060061969822,0.335060061969822
878.605493269416,0.885681226033011,-0.000570874893107434,0.328924534456799,0.327684437510995,-0.000244110090135764,4.56134955907188e-05,0.000301226507858578,0.000357505457214553,-0.000244110090135764,4.56134955907188e-05,0.000301226507858578,0.000357505457214553,0.88060746632399,0,0.335060061969822,0.335060061969822
884.992982692377,0.884199117380635,-0.000245001552970741,0.330683449367466,0.32990955898849,-0.000219943334947738,4.7690011767434e-05,0.000246861845547689,0.000342070294975889,-0.000219943334947738,4.7690011767434e-05,0.000246861845547689,0.000342070294975889,0.88060746632399,0,0.335060061969822,0.335060061969822
892.545180775163,0.882644322506001,0.000119485497985559,0.332324420538088,0.332414598333409,-0.000191859342551521,5.75338538156766e-05,0.000191865002938297,0.000317601150996264,-0.000191859342551521,5.75338538156766e-05,0.000191865002938297,0.000317601150996264,0.88060746632399,0,0.335060061969822,0.335060061969822
895.781114155789,0.882042867327518,0.000298414260484636,0.332903612155188,0.333429866927976,-0.000179937152998395,5.11063059228818e-05,0.000165716557145255,0.000310498252616803,-0.000179937152998395,5.11063059228818e-05,0.000165716557145255,0.000310498252616803,0.88060746632399,0,0.335060061969822,0.335060061969822
899.017047536415,0.881479317519937,0.000447174110034266,0.33339826066624,0.334424300260354,-0.000168444847073413,4.16139895219779e-05,0.000140682153536161,0.00030368264137651,-0.000168444847073413,4.16139895219779e-05,0.000140682153536161,0.00030368264137651,0.88060746632399,0,0.335060061969822,0.335060061969822
907.790085900472,0.879661477551168,0.000590755340101674,0.335318624587495,0.337278454582227,-0.000253108305312192,9.76395457105432e-06,0.000317703161625526,0.000344261748600411,-0.000253108305312192,9.76395457105432e-06,0.000317703161625526,0.000344261748600411,0.849710491969534,0,0.372821726725317,0.372821726725317
914.866182808076,0.87766356223993,0.000509492284839046,0.337941355335249,0.339855928722897,-0.00030877911807411,-3.28682430064516e-05,0.000417012821477589,0.000382794701381291,-0.00030877911807411,-3.28682430064516e-05,0.000417012821477589,0.000382794701381291,0.849710491969534,0,0.372821726725317,0.372821726725317
920.654396124049,0.875777669825098,0.000412737425306019,0.34058158129639,0.342078191595415,-0.000340636482865356,-4.89552448744768e-06,0.00048747591930916,0.000386749373668515,-0.000340636482865356,-4.89552448744768e-06,0.00048747591930916,0.000386749373668515,0.849710491969534,0,0.372821726725317,0.372821726725317
926.434012521718,0.873743885440335,0.000334119774137871,0.343483162271197,0.344370190718914,-0.000361692368498164,-2.31455316592914e-05,0.000513127136941487,0.000405911141234003,-0.000361692368498164,-2.31455316592914e-05,0.000513127136941487,0.000405911141234003,0.849710491969534,0,0.372821726725317,0.372821726725317
932.699625387403,0.871431873215346,0.000204273583044344,0.346757892834433,0.346937187937126,-0.00037456925099866,-1.6336446983244e-05,0.000528874227944561,0.000412246404443148,-0.00037456925099866,-1.6336446983244e-05,0.000528874227944561,0.000412246404443148,0.849710491969534,0,0.372821726725317,0.372821726725317
939.597531052611,0.868829374295207,3.50414319795204e-05,0.35036751492809,0.349825844695631,-0.000378578937612317,-3.5746195301005e-05,0.000514017085288943,0.000425431303999699,-0.000378578937612317,-3.5746195301005e-05,0.000514017085288943,0.000425431303999699,0.849710491969534,0,0.372821726725317,0.372821726725317
946.87054868821,0.866088094608341,-0.000209337930749677,0.354036209719026,0.352916039254538,-0.000373611375381145,-2.96833212071897e-05,0.00049225995324803,0.000423036319499046,-0.000373611375381145,-2.96833212071897e-05,0.00049225995324803,0.000423036319499046,0.849710491969534,0,0.372821726725317,0.372821726725317
953.901259091452,0.86350081769113,-0.00046609221635453,0.357356380349571,0.355896808117534,-0.000361473719130462,-3.57989328151607e-05,0.000454377447268695,0.00042074411221243,-0.000361473719130462,-3.57989328151607e-05,0.000454377447268695,0.00042074411221243,0.849710491969534,0,0.372821726725317,0.372821726725317
960.64668394972,0.861119586914707,-0.000597767434349723,0.360321615571502,0.358665628486868,-0.000343480161915106,-1.07171077824385e-05,0.000419467689304745,0.000403238564909418,-0.000343480161915106,-1.07171077824385e-05,0.000419467689304745,0.000403238564909418,0.849710491969534,0,0.372821726725317,0.372821726725317
967.618621645406,0.858803467215335,-0.000641622826535442,0.363075766892058,0.361430740965418,-0.00032030641701834,1.03556126995562e-05,0.00037511223603868,0.000384285915367428,-0.00032030641701834,1.03556126995562e-05,0.00037511223603868,0.000384285915367428,0.849710491969534,0,0.372821726725317,0.372821726725317
975.042410395574,0.856532824274635,-0.000417506318486896,0.365683042813695,0.364180255954532,-0.000290757338356201,3.15912534990903e-05,0.000318320351825692,0.000364248299392085,-0.000290757338356201,3.15912534990903e-05,0.000318320351825692,0.000364248299392085,0.849710491969534,0,0.372821726725317,0.372821726725317
982.572623595256,0.854460783839887,-0.000126386768241857,0.367858985373123,0.366846725195096,-0.00025921632381106,6.90367382701293e-05,0.000269375940964213,0.000333672184659162,-0.00025921632381106,6.90367382701293e-05,0.000269375940964213,0.000333672184659162,0.849710491969534,0,0.372821726725317,0.372821726725317
987.82313624466,0.853161054828219,0.000223451358079555,0.369141921460942,0.368578901205719,-0.000236082295512926,5.42769779638784e-05,0.000216222337974433,0.00032988150515733,-0.000236082295512926,5.42769779638784e-05,0.000216222337974433,0.00032988150515733,0.849710491969534,0,0.372821726725317,0.372821726725317
993.073648894064,0.851979388401357,0.000486851297577819,0.370160612590355,0.370286383224927,-0.00021412425347095,5.36353843919304e-05,0.000175716351882407,0.000316944049037219,-0.00021412425347095,5.36353843919304e-05,0.000175716351882407,0.000316944049037219,0.849710491969534,0,0.372821726725317,0.372821726725317
999.631329539944,0.850663991679501,0.000857360321388905,0.37116542500051,0.372298624060536,-0.000187203500108543,5.01051799755436e-05,0.00012751997802926,0.000300493486664144,-0.000187203500108543,5.01051799755436e-05,0.00012751997802926,0.000300493486664144,0.849710491969534,0,0.372821726725317,0.372821726725317
1006.55154450782,0.849460384818104,0.00113802176907236,0.371877439080447,0.374329974533299,-0.000161059129324782,4.0207361097897e-05,8.40138753035018e-05,0.000281902961308311,-0.000161059129324782,4.0207361097897e-05,8.40138753035018e-05,0.000281902961308311,0.849710491969534,0,0.372821726725317,0.372821726725317
1013.76979312951,0.848391540579412,0.00141701058739879,0.372350754267152,0.376277426576416,-0.000135424730951798,2.5721207942741e-05,4.34128454593073e-05,0.000262285048686207,-0.000135424730951798,2.5721207942741e-05,4.34128454593073e-05,0.000262285048686207,0.849710491969534,0,0.372821726725317,0.372821726725317
1019.16451032478,0.847708079008601,0.00153536955390578,0.372524363955131,0.377643024142782,-0.000118121823675074,2.35851978712365e-05,2.39031154582916e-05,0.000241477039238862,-0.000118121823675074,2.35851978712365e-05,2.39031154582916e-05,0.000241477039238862,0.849710491969534,0,0.372821726725317,0.372821726725317
1024.55922752005,0.847115695259215,0.00165782576530303,0.372606832480242,0.378888372542983,-0.000101679314278275,1.77639916675724e-05,5.48178979519379e-06,0.000221865190818949,-0.000101679314278275,1.77639916675724e-05,5.48178979519379e-06,0.000221865190818949,0.849710491969534,0,0.372821726725317,0.372821726725317
1029.71368474779,0.846629211334587,0.00171515540542204,0.372590593807702,0.379989850078834,-8.73120968131339e-05,5.68867195242396e-06,-1.04855524398223e-05,0.000204789767153609,-8.73120968131339e-05,5.68867195242396e-06,-1.04855524398223e-05,0.000204789767153609,0.849710491969534,0,0.372821726725317,0.372821726725317
1034.86814197552,0.846213603788715,0.00172215075334166,0.372507535494742,0.380995678399811,-7.41328109931901e-05,-3.74293768854349e-06,-2.15244797637222e-05,0.000185715151046503,-7.41328109931901e-05,-3.74293768854349e-06,-2.15244797637222e-05,0.000185715151046503,0.849710491969534,0,0.372821726725317,0.372821726725317
1039.89137037633,0.845871030639753,0.00166570178933139,0.372373558267871,0.381886577487237,-6.24772456897043e-05,-1.962184168342e-05,-3.1526579147043e-05,0.000169212652673144,-6.24772456897043e-05,-1.962184168342e-05,-3.1526579147043e-05,0.000169212652673144,0.849710491969534,0,0.372821726725317,0.372821726725317
1045.35631303077,0.845560953599687,0.00150610175153534,0.372179789141802,0.382761818837075,-5.12447353907836e-05,-3.87370163937635e-05,-3.85907960360089e-05,0.000150881307125131,-5.12447353907836e-05,-3.87370163937635e-05,-3.85907960360089e-05,0.000150881307125131,0.849710491969534,0,0.372821726725317,0.372821726725317
1052.73296798509,0.845232224371916,0.00111816606479439,0.37187775503927,0.383781411606799,-3.82885388011313e-05,-6.73990432948834e-05,-4.24546308233494e-05,0.000125660080152241,-3.82885388011313e-05,-6.73990432948834e-05,-4.24546308233494e-05,0.000125660080152241,0.849710491969534,0,0.372821726725317,0.372821726725317
1060.5419283812,0.844978449037144,0.00047294789644968,0.371556135541092,0.384652096217919,-2.708866034026e-05,-9.59863884660119e-05,-3.7925543330036e-05,9.62589296753696e-05,-2.708866034026e-05,-9.59863884660119e-05,-3.7925543330036e-05,9.62589296753696e-05,0.849710491969534,0,0.372821726725317,0.372821726725317
1067.14209194719,0.844826640772752,-0.000234775758453727,0.371332927961802,0.385200919692939,-1.91274536116518e-05,-0.000118708436663123,-2.92437498193489e-05,7.00690948103986e-05,-1.91274536116518e-05,-0.000118708436663123,-2.92437498193489e-05,7.00690948103986e-05,0.849710491969534,0,0.372821726725317,0.372821726725317
1073.74225551317,0.844723629255385,-0.00107385800774947,0.371184813560161,0.385567985171095,-1.22064199120107e-05,-0.000134188078469989,-1.48477273718933e-05,4.06626169832292e-05,-1.22064199120107e-05,-0.000134188078469989,-1.48477273718933e-05,4.06626169832292e-05,0.849710491969534,0,0.372821726725317,0.372821726725317
1080.26877419535,0.844664546569751,-0.00199628886249009,0.371137558979352,0.385739200644351,-6.00505542869855e-06,-0.000148249785585759,5.53163282313023e-07,1.18499969591534e-05,-6.00505542869855e-06,-0.000148249785585759,5.53163282313023e-07,1.18499969591534e-05,0.849710491969534,0,0.372821726725317,0.372821726725317
1087.29823712283,0.844644221008582,-0.00307256438572692,0.371207831067832,0.385709016512211,1.69719061752108e-07,-0.000157204836174146,1.95387359783485e-05,-2.04281094623489e-05,1.69719061752108e-07,-0.000157204836174146,1.95387359783485e-05,-2.04281094623489e-05,0.849710491969534,0,0.372821726725317,0.372821726725317
1093.94988772014,0.844663829163799,-0.00414780790383663,0.371393098211032,0.385477597264942,5.66112183407562e-06,-0.000165475697704568,3.62515157882603e-05,-4.91122419314066e-05,5.66112183407562e-06,-0.000165475697704568,3.62515157882603e-05,-4.91122419314066e-05,0.849710491969534,0,0.372821726725317,0.372821726725317
1100,0.844712648948965,-0.00515805596422906,0.371660514483774,0.385100502645671,1.04595007805433e-05,-0.000168300924475552,5.18672712909371e-05,-7.52541082965471e-05,1.04595007805433e-05,-0.000168300924475552,5.18672712909371e-05,-7.52541082965471e-05,0.849710491969534,0,0.372821726725317,0.372821726725317
