0,1,0,0,0,-0,0,0,0,-0,0,0,0,0.707106781186548,0,0.5,0.5,0,0,0,0,0,0,0,0
0.1,1,0,0,0,-0,0,0,0,-0,0,0,0,0.707106781186548,0,0.5,0.5,0,0,0,0,-0.6591964999244,-1.16637772494601,-2.12266816690863,0.297093942038214
0.6,1,0,0,0,-0,0,0,0,-0,0,0,0,0.707106781186548,0,0.5,0.5,0,0,0,0,-0.6591964999244,-1.16637772494601,-2.12266816690863,0.297093942038214
1,1,0,0,0,-0,0,0,0,-0,0,0,0,0.707106781186548,0,0.5,0.5,0,0,0,0,-0.6591964999244,-1.16637772494601,-2.12266816690863,0.297093942038214
2,1,0,0,0,-0,0,0,0,0,-0.000101914471478817,0.0004862340407559,0.000341352027680163,0.707106781186548,0,0.5,0.5,0,0,0,0,-0.6591964999244,-1.16637772494601,-2.12266816690863,0.297093942038214
3,0.999999954583587,-5.0957234967977e-05,0.000243117016697449,0.000170676011256251,-1.81665651593787e-07,-0.000101914466850228,0.000486234018672894,0.000341352012177179,-5.44996943780559e-07,-0.000101914448335869,0.00048623393034087,0.00034135195016524,0.707106781186548,0,0.5,0.5,5.85962823521538,10.3682752544795,18.8693313622283,2.64142787253344,-0.628209792480402,-1.11194064721911,-2.02627973836665,0.286129298667138
4,0.999999273337471,-0.000203828893586014,0.000972467845959751,0.000682703889995167,-1.45332488272622e-06,-0.00020382879484278,0.000972467374855685,0.000682703559264871,-2.14714350941542e-06,-9.72027248432286e-05,0.000464660412379537,0.000325377786009857,0.707106781186548,0,0.5,0.5,11.7192564704308,20.736550508959,37.7386627244566,5.28285574506688,-0.597703745740526,-1.05739190122983,-1.92982502560255,0.274729378632193
5,0.999996358128384,-0.000456259012221179,0.00217726459506644,0.00152809573217573,-4.80680881635476e-06,-0.000301031341135536,0.00143712499224274,0.0010080793051699,-4.65174219943589e-06,-9.23724128368667e-05,0.000442981107280565,0.000309468391822913,0.707106781186548,0,0.5,0.5,17.3034423467078,30.6209185858899,55.7511554529327,7.82679452033494,-0.569130164639721,-1.00526804226797,-1.83767051955629,0.263272312648591
6,0.999988699678005,-0.000803476378008015,0.00383587783543542,0.00269090751115116,-1.10734279609603e-05,-0.000393403093806215,0.00188009863382754,0.00131754214595877,-7.9074883618088e-06,-8.76402542372588e-05,0.000422144689364227,0.000294365330550912,0.707106781186548,0,0.5,0.5,22.6164586777015,40.0203867210678,72.9062202302037,10.2693748314345,-0.542436972265554,-0.955572535441478,-1.74979982065164,0.251790312944611
7,0.999973030418446,-0.00124069905364845,0.00592704406809561,0.00415562873971832,-2.09412427682638e-05,-0.000481041537240549,0.00230222824759927,0.00161189614205234,-1.1780975356392e-05,-8.30155703230067e-05,0.00040214884792445,0.000280054558571705,0.707106781186548,0,0.5,0.5,27.675483445062,48.9565103338617,89.242083350102,12.6100895711783,-0.51750142827281,-0.90818792047107,-1.6659916492289,0.24030230048502
8,0.999945459139469,-0.00176324720026138,0.00843033849761457,0.00590754589337318,-3.4971738846347e-05,-0.000564053341142066,0.00270435122137074,0.00189193109493977,-1.61542400644294e-05,-7.84971900361358e-05,0.000382947109620519,0.000266485834328675,0.707106781186548,0,0.5,0.5,32.497231696638,57.4508756571476,104.796825330526,14.8487179767399,-0.494202185860118,-0.862994216493423,-1.58602025560322,0.22882385324968
9,0.999901590098464,-0.00236654703729286,0.0113261504551177,0.00793271010137103,-5.36144942140775e-05,-0.000642543929686094,0.00308725840994386,0.00215838649341804,-2.09230024302394e-05,-7.40829146799515e-05,0.000364491448201147,0.000253608631783736,0.707106781186548,0,0.5,0.5,37.0973274151018,65.5240247963909,119.606559647396,16.985207435903,-0.47242293875385,-0.819874958862686,-1.50966574843969,0.217367850823157
10,0.999836628301855,-0.00304612909865539,0.0145956361382546,0.010217886729314,-7.72202186638266e-05,-0.000716616499677134,0.0034516927273984,0.00241195133945442,-2.59951179538437e-05,-6.97701207642778e-05,0.000346734742954593,0.00024137417988988,0.707106781186548,0,0.5,0.5,41.4903159062531,73.1954333228508,133.705392998077,19.0196437689727,-0.452052593461078,-0.778717677499847,-1.43671518793508,0.205944916974152
10.1,0.999828775386987,-0.00311813959474488,0.0149425390614367,0.0104602887160581,-7.98472757142339e-05,-0.000723593376894115,0.00348636550158542,0.00243608821306784,-2.6546939374181e-05,-6.97674076212475e-05,0.000346720663348125,0.000241363238306609,0.707106781186548,0,0.5,0.5,41.9102551761895,73.9242441435301,135.047401436079,19.2129021163593,-0.528083504700977,-0.80642022927308,-1.49913763168541,0.164633897711353
10.6,0.999785416414696,-0.00348865660820299,0.0167290587885644,0.0117085008268561,-9.38254102184487e-05,-0.000758473422620059,0.00365970693913557,0.00255675525129409,-2.93884993165133e-05,-6.97523516137414e-05,0.000346643029349868,0.000241303478037696,0.707106781186548,0,0.5,0.5,44.0099515258717,77.5682982469267,141.757443626091,20.1791938532922,-0.519135361959833,-0.787916074415853,-1.46605710024742,0.159005663871736
11,0.999745472499179,-0.00379762580505785,0.0182206711603054,0.0127505057980289,-0.000106052311008201,-0.000786371631494576,0.00379835016126297,0.00265326598600961,-3.12891826775614e-05,-6.55559196953668e-05,0.00032963127196645,0.000229735755424672,0.707106781186548,0,0.5,0.5,45.6897086056175,80.483541529644,147.1254773781,20.9522272428385,-0.512018072789341,-0.773088021291342,-1.43954087858626,0.154434784505577
12,0.999622797298486,-0.00461676872440986,0.0221838043501176,0.0155186143792161,-0.000140297077963148,-0.000851907051674665,0.00412788125049755,0.00288292424563445,-3.7162889939327e-05,-5.19598470252321e-05,0.000319893651641675,0.000239482882262618,0.707106781186548,0,0.5,0.5,49.7080294161739,87.405789940017,159.897071875723,22.7832525195324,-0.495274361351684,-0.737734113173784,-1.37617105694983,0.143162582424364
13,0.999462869319081,-0.00549463566381945,0.0264715980089508,0.0185212399758869,-0.000180628598882219,-0.000903806260659706,0.00444766891404795,0.00312228490709087,-4.29831694911234e-05,-4.80789122577068e-05,0.00030469556729178,0.000229477776949936,0.707106781186548,0,0.5,0.5,54.2594091890268,94.2779816575211,172.693774478651,24.1563836321027,-0.476059510964323,-0.702444829810271,-1.31227411887297,0.133769778098372
14,0.999259670733236,-0.00642245885952147,0.0310715707185332,0.0217582159513706,-0.000226865404265541,-0.000951817036161022,0.00475222951262604,0.00335161707197581,-4.88640553004295e-05,-4.47088899976656e-05,0.000289702118457794,0.000218988221892795,0.707106781186548,0,0.5,0.5,58.661954515979,100.835901401769,184.927154357333,25.4292984395853,-0.457721459226012,-0.668512113943785,-1.25070656932538,0.124472996155585
15,0.999007276563527,-0.0073966056554187,0.0359685967306226,0.025219271344208,-0.000279036348718007,-0.000996451260572266,0.00504176471111205,0.00357043559395761,-5.47626674684776e-05,-4.14189988760912e-05,0.000275136339039595,0.000208867934982893,0.707106781186548,0,0.5,0.5,62.8936984135327,107.080124158288,196.592526144507,26.6187035726868,-0.440334608180449,-0.635916453026137,-1.19144442514647,0.115193363939886
16,0.998699751986986,-0.00841373938784831,0.041147863936238,0.0288940766270721,-0.00033713475516658,-0.00103778853742687,0.00531670057828092,0.00377910820622389,-6.06318641176503e-05,-3.81874482087974e-05,0.000260976045234004,0.00019912361031797,0.707106781186548,0,0.5,0.5,66.9624348256828,113.022708832549,207.710596752374,27.7254530941426,-0.423825891867151,-0.604581225181222,-1.13433825319188,0.105931136143509
17,0.998331191555588,-0.00947059210630539,0.0465949753549438,0.0327726734342433,-0.000401109414870861,-0.00107588669457005,0.00557744145508553,0.00397800958086456,-6.64288768131022e-05,-3.50116580196059e-05,0.000247189983442784,0.00018972492689121,0.707106781186548,0,0.5,0.5,70.8766190908053,118.675540859619,218.301859880697,28.7496999302728,-0.408119231759713,-0.574430592495053,-1.07923994258787,0.0966901183331001
18,0.997895761699011,-0.0105639524287763,0.0522959228583046,0.0368454630128663,-0.000470868485858476,-0.00111080107174892,0.00582436084298924,0.00416748437327276,-7.21152687072861e-05,-3.18901130324041e-05,0.000233748623526605,0.000180641887726176,0.707106781186548,0,0.5,0.5,74.6440570497098,124.049824566269,228.385480856629,29.6915992406506,-0.393142149831363,-0.545392180845454,-1.02600860693897,0.0874742762621536
19,0.997387739270437,-0.011690663587434,0.0582370571906182,0.0411031763695811,-0.000546283590474763,-0.00114258558955099,0.00605780312242798,0.0043478475497768,-7.76564566955953e-05,-2.88215372063377e-05,0.000220624680192183,0.000171846529071749,0.707106781186548,0,0.5,0.5,78.2718782655403,129.156090140558,237.979308389655,30.5513399835571,-0.37882600487979,-0.517397197407906,-0.974510890124769,0.0782876878370736
20,0.996801546221315,-0.0128476221289454,0.0644050599679578,0.0455368455972856,-0.000627193472368741,-0.00117129298811052,0.00627808579020285,0.00451938641823312,-8.30212725988983e-05,-2.5804870928856e-05,0.000207793148095966,0.000163312976584814,0.707106781186548,0,0.5,0.5,81.7665680293832,134.004224422157,247.099938792978,31.3291463414378,-0.365105930669748,-0.490380416799482,-0.924620981005733,0.069134633536504
20.1,0.996738410714229,-0.0129648804120095,0.0650339073918769,0.0459896006953682,-0.000635527212884306,-0.00117387227148664,0.0062988614758577,0.00453571445431068,-8.36538848024628e-05,-2.57807698065826e-05,0.000207720408720796,0.0001632476299374,0.707106781186548,0,0.5,0.5,82.1033113731088,134.464152253661,247.966223206006,31.3987595792369,-0.504228746401259,-0.568533199459465,-1.09160741812159,0.0188454722608652
20.6,0.996410057819545,-0.013555034063896,0.0682092876822361,0.0482778500086786,-0.000678150553143179,-0.00118673209084594,0.00640262819106069,0.00461725469765309,-8.68481279452672e-05,-2.56578250972352e-05,0.000207342460311325,0.000162910403934646,0.707106781186548,0,0.5,0.5,83.7870280917365,136.763791411177,252.297645271146,31.7468257682324,-0.498067252035723,-0.556806894685415,-1.0694342575809,0.0145601108597583
21,0.99613178083021,-0.0140317768416729,0.0707869179309989,0.0501377772595688,-0.000713407239527022,-0.00119697504180078,0.0064855017285735,0.00468236271181982,-8.81815844306367e-05,-2.28392811398964e-05,0.000195231299335641,0.000155017416484068,0.707106781186548,0,0.5,0.5,85.1340014666387,138.60350273719,255.762782923258,32.0252787194289,-0.493109999628025,-0.547367890389027,-1.05155818547443,0.0110802954573765
22,0.995373245870602,-0.0152401279023421,0.0773698994647562,0.0548975278437561,-0.000804707250645204,-0.00121968278319311,0.00668032146911804,0.00483701464175247,-9.72013345352012e-05,-6.45284552859978e-06,0.000209480022113381,0.000187389713074385,0.707106781186548,0,0.5,0.5,88.3794770935197,142.962620609907,263.982133251087,32.6400355476603,-0.481143738623187,-0.524635792036533,-1.00826173506745,0.00248220440772534
23,0.99451874726553,-0.0164629640697097,0.0841548184876521,0.0598280759907085,-0.000905490313348076,-0.0012259158134974,0.00688936927511753,0.00502391658569567,-0.000103102077650425,-3.78106331695275e-06,0.000198248012032689,0.000179936372532742,0.707106781186548,0,0.5,0.5,92.7628217702518,147.828297173906,273.329868611686,32.7387496675286,-0.463753286346084,-0.499251162748573,-0.95907220746931,-0.00393224162534755
24,0.993560531096723,-0.0176906942190275,0.0911431548112825,0.064941787131962,-0.00101212555886043,-0.00122946760888231,0.00708714150546138,0.00520332826980304,-0.000108637036296006,-1.72714018429328e-06,0.000186138238541418,0.000170976236086071,0.707106781186548,0,0.5,0.5,97.0397981198532,152.491901236265,282.292722249761,32.7610228936428,-0.4465773964511,-0.47436906003521,-0.910666455332124,-0.0102800011541864
25,0.992492939775972,-0.0189209472516009,0.0983231941048051,0.0702304189862238,-0.00112421203510709,-0.00123095965528005,0.00727276084184936,0.00537374708089963,-0.000113903315255614,2.82029656998664e-07,0.000174120905149412,0.000162096805930192,0.707106781186548,0,0.5,0.5,101.162188822778,156.929854477266,290.818308629364,32.7262653293203,-0.429803981462146,-0.450076646040642,-0.863232184758129,-0.0166484427446583
26,0.991310661089091,-0.020151685905342,0.105682830283039,0.0756850193211883,-0.00124146709540027,-0.00123043704163354,0.00744632152439867,0.00553525461357773,-0.000118879634761623,2.27021418751079e-06,0.000162223141780406,0.00015334915109902,0.707106781186548,0,0.5,0.5,105.131901108646,161.146624018011,298.913595066578,32.6350699399206,-0.413393467444341,-0.426336528552607,-0.816695972662379,-0.0230340233345685
27,0.990008675492793,-0.0213809060986754,0.113210065214039,0.0812967430936735,-0.00136358866205271,-0.00122792101511701,0.00760794536522948,0.00568798370974952,-0.000123541241562278,4.23692223259061e-06,0.000150436422033667,0.000144721881174459,0.707106781186548,0,0.5,0.5,108.952512620796,165.147451760998,306.587217456195,32.4872530744013,-0.397299753170798,-0.403108950452049,-0.770980019554304,-0.0294286840685425
28,0.988582277573891,-0.0226066252644808,0.120893018445174,0.0870568725155201,-0.00149025087418584,-0.00122343337873127,0.00775774603995821,0.00583205614511278,-0.000127864992842377,6.18042343114904e-06,0.000138752874804243,0.000136202815084877,0.707106781186548,0,0.5,0.5,112.627249221297,168.937247222132,313.847159005747,32.2826625623173,-0.381479548667378,-0.380356857134584,-0.726012732393322,-0.0358236734086407
29,0.98702709905486,-0.0238268835258551,0.128719919387781,0.0929568055905318,-0.00162110561564433,-0.00121699773150811,0.00789582972339977,0.00596758183385695,-0.000131829520578361,8.09876541781363e-06,0.00012716670504019,0.000127781528735326,0.707106781186548,0,0.5,0.5,116.158926967653,172.520566509449,320.700711332764,32.0212178556613,-0.365892758815081,-0.358046097305355,-0.681729133422956,-0.0422097226974801
30,0.985339130174791,-0.0250397456013836,0.13667910084763,0.0989880451271125,-0.00175578425090874,-0.00120863968521989,0.00802229714520574,0.00609466057249072,-0.000135415200244634,9.98982900329608e-06,0.000115674205131205,0.000119449422708362,0.707106781186548,0,0.5,0.5,119.549977102631,175.901636346295,327.15452963661,31.7029161876838,-0.350502483993051,-0.336145413602106,-0.638070829470643,-0.0485770681245138
30.1,0.985162873777403,-0.0251605595336588,0.137481908696504,0.0995981081937179,-0.0017693526628096,-0.00120763808885331,0.00803385746135457,0.00610659837859433,-0.00013595315775721,1.00421147954347e-05,0.000115531949649958,0.00011930656132634,0.707106781186548,0,0.5,0.5,119.875226837772,176.219910699603,327.760545823405,31.6654082860298,-0.288317675069032,-0.237315866883096,-0.433899979118779,-0.0917335628333494
30.6,0.984261090965499,-0.0257631123848141,0.141513248914933,0.102666290637157,-0.00183800362757784,-0.00120255140638096,0.00809144287015213,0.00616607082766547,-0.000138653664963822,1.03050275692959e-05,0.00011480543562998,0.000118579744818915,0.707106781186548,0,0.5,0.5,121.501475513476,177.811282466146,330.790626757381,31.4778687777598,-0.281248356024381,-0.227790276789844,-0.414488334023097,-0.0945502987911285
31,0.983514739346584,-0.0262433028993631,0.144758994616014,0.105142189527869,-0.00189389934018205,-0.00119838702540731,0.00813724565473852,0.00621338384923732,-0.000138604132404662,1.18513429580357e-05,0.000104273699369075,0.000111199679475509,0.707106781186548,0,0.5,0.5,122.802474454039,179.08437987938,333.214691504562,31.3278371711438,-0.275517566826762,-0.220087736791446,-0.398778003687766,-0.0968272999304425
32,0.981550691105615,-0.0274356757655806,0.152948129097199,0.111410925366603,-0.00203504634391813,-0.00118626985738506,0.00824077122820635,0.00632383660881169,-0.000130655763453614,2.14591667402304e-05,4.59868822130389e-05,7.49524729618731e-05,0.707106781186548,0,0.5,0.5,125.918165840229,182.072442403479,338.886755444995,30.8961472012871,-0.261453915628156,-0.20132876594781,-0.360391438220196,-0.102391243355771
33,0.979449818388398,-0.0286111239897606,0.161211689421506,0.117772017206299,-0.00216719799712197,-0.00116453447368917,0.00828614280291081,0.00639812395427272,-0.000131475634299459,2.2986676264067e-05,3.60326291409642e-05,6.77031740580545e-05,0.707106781186548,0,0.5,0.5,128.367309396049,184.028835980321,342.43163711932,30.0354917429503,-0.249690257245977,-0.186465248626249,-0.329784157296256,-0.10637134857597
34,0.977216439457969,-0.0297640733600473,0.169515644563812,0.124203770628039,-0.00230000314136393,-0.00114127248147064,0.00832156148124193,0.00646515883014682,-0.00013232019701113,2.41653245737819e-05,2.79340464239639e-05,6.15946750174979e-05,0.707106781186548,0,0.5,0.5,130.691439241722,185.81847625202,345.635283682728,29.1253681889862,-0.237994554296116,-0.17185643619673,-0.299640661265453,-0.110210329227393
35,0.974849878017849,-0.0308931719504343,0.177850968807346,0.130699503249682,-0.00243351791445412,-0.00111683348824853,0.00834888091744783,0.00652608106560804,-0.000132833836471724,2.5300959271811e-05,1.99652658306494e-05,5.55546194616724e-05,0.707106781186548,0,0.5,0.5,132.911000155881,187.475991032385,348.566848720674,28.1798575324088,-0.226274085103138,-0.157355686120094,-0.269677777711571,-0.113951993511662
36,0.972349590127311,-0.031997264443376,0.186209628923167,0.137253137463908,-0.00256741074173218,-0.00109126103661995,0.0083682342537382,0.00658096154306892,-0.000132999108493337,2.64035516533264e-05,1.20692729241355e-05,4.95450043967605e-05,0.707106781186548,0,0.5,0.5,135.026596169787,189.003644483915,351.230455036864,27.2002143831623,-0.214518807049798,-0.142953754569365,-0.239881580157003,-0.11759098146216
37,0.969715372411645,-0.0330752340770732,0.194583696403978,0.14385864761305,-0.00270133179506451,-0.00106458869436008,0.00837969787853662,0.00662983334868981,-0.000132813203235321,2.74713084094379e-05,4.25193501831714e-06,4.3568449597529e-05,0.707106781186548,0,0.5,0.5,137.038007103842,190.402397222403,353.627708189933,26.1873038636873,-0.202723458662843,-0.128648141486666,-0.210251458753801,-0.121120141395708
38,0.966947372599386,-0.0341259985522098,0.202965322076,0.150510042457451,-0.00283492882556952,-0.00103685181648194,0.00838335408058137,0.00667273225335888,-0.000132275011873871,2.85019945631568e-05,-3.47789692320195e-06,3.76297959463565e-05,0.707106781186548,0,0.5,0.5,138.944923507399,191.673127693534,355.760089941433,25.1420387405004,-0.19088457602101,-0.114437956235707,-0.180790309091764,-0.124532223164953
39,0.96404609107528,-0.0351485120386149,0.211346743480883,0.157201368963411,-0.00296784891643351,-0.0010080879826731,0.00837929400178097,0.00670969891168668,-0.000131384644866784,2.94933981321066e-05,-1.1110701195896e-05,3.17345637224595e-05,0.707106781186548,0,0.5,0.5,140.746989158927,192.816692120035,357.629076633206,24.0653953542444,-0.179000337102677,-0.100323663164865,-0.151504020106355,-0.127819980161187
40,0.961012380936266,-0.03614176738712,0.219720294056472,0.163926717520608,-0.00309973970903354,-0.000978336970350257,0.00836761828462859,0.00674077952340245,-0.000130143442781229,3.04433629259488e-05,-1.86364580910127e-05,2.58888303030383e-05,0.707106781186548,0,0.5,0.5,142.443817044858,193.833938808115,359.236170348673,22.9584144957004,-0.1670705083235,-0.0863070129328679,-0.122401304895458,-0.13097621636091
40.1,0.96070175612494,-0.0362394487827646,0.220556962521932,0.164600924704195,-0.00311275774900129,-0.000975290097001129,0.00836574921687613,0.00674336201840141,-0.000130217333610655,3.0494095310102e-05,-1.87449201216809e-05,2.576103437479e-05,0.707106781186548,0,0.5,0.5,142.602935735855,193.923116946517,359.370845865998,22.8447931836252,-0.186451558475034,-0.0756873937224329,-0.07477487619281,-0.187364076004658
40.6,0.959129084740259,-0.0367232715193113,0.224737471368421,0.167975799141303,-0.00317795840424293,-0.000959979776673937,0.00835624080279941,0.00675608221688456,-0.000130584706772504,3.07469650765114e-05,-1.92893155080524e-05,2.51188765379831e-05,0.707106781186548,0,0.5,0.5,143.398529190842,194.369007638531,360.044223452622,22.2766866232488,-0.180369798958868,-0.0692871224118179,-0.0611253997285649,-0.18853152164212
41,0.957847446817046,-0.0371047982981185,0.228078412878614,0.170680227759672,-0.00323025063652853,-0.000947640695058903,0.00834843754685774,0.00676602637214231,-0.000128554000565324,3.13498040123116e-05,-2.60447456409084e-05,2.0099160077154e-05,0.707106781186548,0,0.5,0.5,144.035003954831,194.725720192143,360.582925521921,21.8222013749478,-0.175420755037085,-0.0640917078206156,-0.0500567454960892,-0.189455717361612
42,0.954552842470595,-0.0380366814228447,0.236413654829694,0.177456094873383,-0.00335903417968422,-0.000916043135566775,0.00832187276021016,0.00678549829379782,-0.000122102172242679,4.17591966217405e-05,-5.11884493064244e-05,1.5914957743788e-05,0.707106781186548,0,0.5,0.5,145.520144601693,195.49290426886,361.670974042828,20.6579251722741,-0.163147316721527,-0.0513177105381109,-0.022861055833684,-0.191603971425954
43,0.951132803296438,-0.0389317439481725,0.244709800420013,0.184249351111503,-0.00348099778719291,-0.000873981299233172,0.0082702856850017,0.00680081422535204,-0.000119514121923645,4.23988893750283e-05,-5.77569802969346e-05,1.04655744410044e-05,0.707106781186548,0,0.5,0.5,147.079518605441,196.062605642537,362.11590997187,18.9737857238915,-0.150068839883348,-0.0389659862085367,0.00250528696546767,-0.191540113057352
44,0.947592135940713,-0.039784427325449,0.252951085443792,0.191055205682836,-0.00360024921027937,-0.000831287392198356,0.00821216257517714,0.00681070219659013,-0.000116799082809936,4.261748773231e-05,-6.35226785024368e-05,5.04264459576213e-06,0.707106781186548,0,0.5,0.5,148.529791603412,196.518756232757,362.31909179061,17.2705439544415,-0.136964549292469,-0.0266597986747916,0.0276334505380074,-0.191257798505268
45,0.943933612462857,-0.040594310849372,0.261131374995911,0.197868244501816,-0.00371667232249746,-0.000788384956290432,0.0081483053822458,0.00681519059702539,-0.000113809194527287,4.2781454225008e-05,-6.91268528539754e-05,-3.0681810751904e-07,0.707106781186548,0,0.5,0.5,149.863807190104,196.865109963411,362.296781771589,15.5678646180745,-0.123871860036949,-0.0143934854072602,0.0525620315052155,-0.190827376949425
46,0.940160197748091,-0.0413612133901159,0.26924501655805,0.204683105447966,-0.00382999484073236,-0.000745328870074995,0.00807887803063249,0.00681435504027266,-0.000110546498579808,4.29037840303046e-05,-7.45833929682482e-05,-5.57399715266367e-06,0.707106781186548,0,0.5,0.5,151.081335887068,197.102071635123,362.051097232927,13.8676897107368,-0.110800157603289,-0.00217770220032346,0.0772707200580232,-0.190248579861635
47,0.936275127934563,-0.0420850021607302,0.277286514581218,0.211494506395908,-0.00393994655127387,-0.00070216090277158,0.00800403052386769,0.00680827987549974,-0.000107019825147101,4.29837382684203e-05,-7.98834623203374e-05,-1.07511549620788e-05,0.707106781186548,0,0.5,0.5,152.182480815122,197.229995704248,361.583812377003,12.1713358576326,-0.0977586075557231,0.00997568017630267,0.101735964915466,-0.189518892294887
48,0.932281904850523,-0.0427655864995327,0.285250527880318,0.218297253403772,-0.00404626639519155,-0.000658923522293755,0.00792392152749777,0.00679705708530924,-0.000103239227178828,4.30202105216074e-05,-8.50176906455402e-05,-1.58306174284393e-05,0.707106781186548,0,0.5,0.5,153.167428524336,197.249331348944,360.896881948492,10.4801220752116,-0.0847571705422955,0.0220542790124519,0.12593320340684,-0.188636094936683
49,0.928184286248819,-0.0434029187532057,0.29313187855663,0.225086248310143,-0.00414870368902775,-0.000615660264699503,0.00783871888366307,0.00678078620805497,-9.92157281237829e-05,4.3012256423068e-05,-8.99770511711873e-05,-2.08048067420157e-05,0.707106781186548,0,0.5,0.5,154.036447038801,197.160633269633,359.992470049611,8.79538974117708,-0.0718065670545369,0.0340452995308372,0.149837108315709,-0.187598375839408
50,0.923986274951212,-0.0439969952637924,0.300925560998268,0.231856496237262,-0.00424701908009747,-0.000572415571790844,0.0077485992545173,0.00675957422838309,-9.49612676766024e-05,4.29591177656486e-05,-9.47529556941238e-05,-2.56662999386439e-05,0.707106781186548,0,0.5,0.5,154.789892924352,196.964566239681,358.872959130712,7.11849996667843,-0.0589181988640615,0.0459356109148737,0.173421761901014,-0.186404349850202
50.1,0.923561098569212,-0.0440540219508934,0.301699947124499,0.232532325203734,-0.00425650523698373,-0.000568117425775022,0.00773912292694483,0.00675700385295953,-9.47618930576502e-05,4.30037850202714e-05,-9.47735446868753e-05,-2.57411859579525e-05,0.707106781186548,0,0.5,0.5,154.853725436221,196.934300492542,358.739758896297,6.95173296753403,-0.151120174394953,-0.0102946425229261,0.113979793132868,-0.275394610050747
50.6,0.921421042199957,-0.0443326959232872,0.305557657716952,0.235907593930012,-0.00430363734076447,-0.000546559983734777,0.0076917112457263,0.00674404001851601,-9.37671027068023e-05,4.32255459879055e-05,-9.48719117977774e-05,-2.6113590047541e-05,0.707106781186548,0,0.5,0.5,155.172887995566,196.782971756844,358.073757724223,6.11789797181203,-0.144464156445639,-0.00536693032208408,0.1241003350657,-0.273931421833423
51,0.919692107065358,-0.0445478571813191,0.308626750477066,0.238603112955809,-0.00434098544505733,-0.000529234604847779,0.00765374767221181,0.00673353541017745,-9.04886483006937e-05,4.28602256067874e-05,-9.93373171651903e-05,-3.04078858537746e-05,0.707106781186548,0,0.5,0.5,155.428218043042,196.661908768286,357.540956786563,5.45082997523444,-0.139080223879474,-0.00136625811890745,0.132277890364362,-0.272724372362744
52,0.915306239330602,-0.0450555910887099,0.316230811264685,0.245321332054507,-0.00443038873304072,-0.000486163055590157,0.00755435702788975,0.00670279107362363,-9.09996134497101e-05,5.90888472661151e-05,-0.000105053874000964,-1.0942172831564e-05,0.707106781186548,0,0.5,0.5,155.951975609253,196.253556087517,355.999301005671,3.79376930890109,-0.125789003344469,0.00849922508919173,0.152288754073061,-0.269578532328339
53,0.910830665479156,-0.0455121042636075,0.323732634141963,0.252018508804022,-0.00452044521638108,-0.000426758402036148,0.00744928267061102,0.00669141944529157,-8.69601073009757e-05,5.85435378348246e-05,-0.000108547492653274,-1.5366793807113e-05,0.707106781186548,0,0.5,0.5,157.188316622716,196.265672641151,354.823372217769,1.36938295390263,-0.109670725837907,0.020045328483782,0.173917982669653,-0.263543380023779
54,0.906267077900822,-0.0459094896545126,0.331127648357422,0.258702112024721,-0.00460639329720746,-0.000367911688379362,0.0073407522670438,0.00667565450623401,-8.26066290409011e-05,5.74128568339341e-05,-0.000111823434156914,-2.0401577141329e-05,0.707106781186548,0,0.5,0.5,158.306508546076,196.190093598671,353.4695592832,1.02704286154795,-0.0936187843241725,0.0316449224883976,0.195333220694393,-0.257307082530168
55,0.901619743153545,-0.046248598950075,0.338412507095811,0.265367445049347,-0.00468791549824361,-0.000310211468378671,0.00722898467129634,0.00665489127712024,-7.80795745322034e-05,5.62384924937487e-05,-0.000114933250821025,-2.53410631491973e-05,0.707106781186548,0,0.5,0.5,159.281420854045,196.011879819129,351.923476486795,3.36982418637928,-0.077737125551803,0.043233693552766,0.216454712258232,-0.250958144257269
56,0.896893172917732,-0.0465306004050216,0.345584056564041,0.272009557641368,-0.00476484121307906,-0.000253701181641997,0.00711414700879734,0.00662922626353713,-7.33941299311984e-05,5.50387185959302e-05,-0.000117872828018345,-3.01576014752166e-05,0.707106781186548,0,0.5,0.5,160.113643245567,195.730555788821,350.187026120208,5.65717291417968,-0.0620409091667647,0.0547920146089333,0.23725592996365,-0.244504824521481
57,0.892092041752867,-0.0467566965320197,0.352639312086164,0.278623609807228,-0.00483701542335571,-0.000198405859956807,0.00699641032228069,0.00659878335715263,-6.85622486164083e-05,5.38144397132591e-05,-0.000120637073678618,-3.48440888907617e-05,0.707106781186548,0,0.5,0.5,160.804689431713,195.346217682202,348.262819439734,7.88808767418123,-0.0465426326676392,0.0663015499759217,0.257712130985737,-0.237953213677455
58,0.887221173193148,-0.0469281144115977,0.35957546250637,0.285204888946309,-0.00490429526390332,-0.00014434959576503,0.00687595054046257,0.00656369340139616,-6.35963213107006e-05,5.25661582051539e-05,-0.000123221464019692,-3.93943714611626e-05,0.707106781186548,0,0.5,0.5,161.356207879834,194.859136143679,346.153703512906,10.0616405106058,-0.0312548235217491,0.0777440979973045,0.277798911392714,-0.231309636917158
59,0.882285527384254,-0.0470461049555811,0.366389874789819,0.291748816327157,-0.00496655043418859,-9.1555949408561e-05,0.00675294790683265,0.00652409323958458,-5.85092247560419e-05,5.12945369448325e-05,-0.000125622106921834,-4.38026981013091e-05,0.707106781186548,0,0.5,0.5,161.769958148901,194.26974480849,343.862745355151,12.1769576022404,-0.016190058310109,0.0891016207772828,0.297492272910773,-0.2245807104436
60,0.877290188282819,-0.04711194229556,0.373080098021188,0.298250952884204,-0.00502366366296883,-4.00477910978592e-05,0.00662758634687644,0.00648012530691239,-5.33142575215785e-05,5.00004095723409e-05,-0.000127835761594051,-4.80637368238261e-05,0.707106781186548,0,0.5,0.5,162.047811155945,193.578639111297,341.393228917169,14.2332213500722,-0.00136089672711343,0.10035630571074,0.316768732003889,-0.217773323020263
60.1,0.876787555829953,-0.0471156970054117,0.373742217576062,0.298898725053754,-0.0050289805491744,-3.50457342093518e-05,0.00661480574198057,0.00647531766032756,-5.30235458758364e-05,5.00407131661795e-05,-0.00012777627902762,-4.80891620544058e-05,0.707106781186548,0,0.5,0.5,162.062205001618,193.499432683211,341.128771173335,14.4328665114939,0.0211978786500393,0.14336856635504,0.421197980610626,-0.256631535605546
60.6,0.874266498003536,-0.0471269564195674,0.377033660929091,0.302130367513211,-0.00505513022170988,-9.97524145246193e-06,0.00655099288104704,0.00645124182814932,-5.1577128912778e-05,5.0240885220142e-05,-0.000127473751235968,-4.82133558960423e-05,0.707106781186548,0,0.5,0.5,162.134174229981,193.103400542784,339.806482454163,15.4310923186024,0.0272635522933531,0.146820452386856,0.426404307949793,-0.252320303269584
61,0.872240350423501,-0.0471269230082379,0.379643866761118,0.30470700459873,-0.00507553110828745,1.01528672571409e-05,0.00650005281717376,0.00643193720731548,-4.80250702677965e-05,4.8684771302834e-05,-0.000129859852362208,-5.21726040448768e-05,0.707106781186548,0,0.5,0.5,162.191749612672,192.786574830442,338.748651478825,16.2296729642892,0.0321356777148827,0.149617353684048,0.430590954288359,-0.248837922889428
62,0.867141305321076,-0.0470923651772623,0.386079103745374,0.311112827442457,-0.00512206268729443,5.9025030859377e-05,0.00637053664222646,0.00637968126230331,-2.88428875163868e-05,5.48885163583562e-05,-0.00015415605872219,-6.56062890052139e-05,0.707106781186548,0,0.5,0.5,162.203867875407,191.894466085247,335.932719073366,18.1656148872883,0.0440057023370356,0.156473151485329,0.440628661316393,-0.240149807494028
63,0.862005451611872,-0.047005827966052,0.392372752516982,0.317459724391749,-0.00514901773857316,0.000114116983766124,0.00621695255725908,0.00631413241816598,-2.39103241895585e-05,5.31377742917498e-05,-0.000153724382264646,-6.80977715099916e-05,0.707106781186548,0,0.5,0.5,161.918231472256,190.564462536695,332.104967729038,20.3777262799123,0.0551755664504945,0.162225391365726,0.447628598750325,-0.230227640934105
64,0.856845107169437,-0.0468650783518057,0.3985130417045,0.323739837434787,-0.00517104617232816,0.000167445696444168,0.00606382605223364,0.0062461241068451,-1.94211403937877e-05,5.11346450524227e-05,-0.000152520599263746,-7.02200362595652e-05,0.707106781186548,0,0.5,0.5,161.52707895326,189.17351743006,328.187988871149,22.5126075121716,0.0660891593187497,0.167973431670415,0.454393228430344,-0.22033063744118
65,0.851664972981161,-0.0466720058728374,0.404500812721083,0.329950890547044,-0.00518860314946801,0.000218758467575875,0.00591192257024161,0.00617602204315822,-1.49819107146793e-05,4.91379939373289e-05,-0.000151232929872716,-7.22433397741205e-05,0.707106781186548,0,0.5,0.5,161.036634105526,187.731440601082,324.208786737092,24.5592879695158,0.0767494177948304,0.17373107089797,0.460986011126957,-0.210505522434156
66,0.846469495149264,-0.0464286230206382,0.410337330185145,0.336090839212684,-0.00520173975390199,0.000268062406804145,0.00576132495375605,0.00610392445318413,-1.05858445539473e-05,4.71571437042819e-05,-0.000149881230223464,-7.41728436715771e-05,0.707106781186548,0,0.5,0.5,160.449175028656,186.238269328677,320.169453069057,26.517991288276,0.0871509496249361,0.179482975673859,0.467394329559513,-0.200760404260718
67,0.841263072171702,-0.0461369305093607,0.416023931667153,0.342157734566396,-0.00521050002669109,0.000315373965439205,0.00561209630219054,0.00602992441721484,-6.23738173158939e-06,4.51932597778992e-05,-0.000148466481061235,-7.60071032911047e-05,0.707106781186548,0,0.5,0.5,159.766953718203,184.693918231839,316.071515470713,28.389356479329,0.0972886033007647,0.185213613549127,0.473604301359123,-0.191102084509231
68,0.83605005627733,-0.045798912023108,0.421562017332032,0.348149721526703,-0.00521493247287976,0.000360710748284509,0.00546429869055806,0.00595411640392375,-1.94130819502347e-06,4.3247281363552e-05,-0.000146989423230033,-7.77447935606708e-05,0.707106781186548,0,0.5,0.5,158.992270100521,183.098438233119,311.916613704254,30.1740946293864,0.107157616278177,0.190908065855479,0.479602887812321,-0.181537205678665
69,0.830834748789546,-0.0454165331761832,0.426953049034262,0.354065040124573,-0.00521509040551156,0.000404091285518578,0.00531799340803412,0.00587659615085576,2.2975904958097e-06,4.1320171163621e-05,-0.000145451077535828,-7.93848835276626e-05,0.707106781186548,0,0.5,0.5,158.127469892637,181.452018328334,307.706510936559,31.8729772844131,0.116753622915568,0.196552058319099,0.485377950225728,-0.172072268991061
70,0.825621395321601,-0.0449917405762932,0.432198549393229,0.359902026626021,-0.0052110319359441,0.000445535055210595,0.00517324068153116,0.00579746037270746,6.47456857039823e-06,3.94129161422891e-05,-0.000143852744012091,-8.0926636808815e-05,0.707106781186548,0,0.5,0.5,157.174941144713,179.754980130494,303.443086239618,33.4868350355898,0.126072659957952,0.202131968239199,0.490918246520331,-0.162713618323181
70.1,0.825100325084381,-0.0449469899679382,0.432715154433823,0.360481368120162,-0.00521036697669533,0.000449477494357825,0.00515886249278128,0.00578937041136501,6.8244739822228e-06,3.9435864283887e-05,-0.000143710997937087,-8.08725616526157e-05,0.707106781186548,0,0.5,0.5,157.071158101437,179.580259331605,303.011610274648,33.6398071583939,0.181942020160717,0.27319612172976,0.634698006077966,-0.179559864187489
70.6,0.822496067240946,-0.044717316962265,0.435276651407269,0.363365955582727,-0.00520651966997245,0.000469224071717165,0.00508718470492019,0.00574900217965723,8.56120016470766e-06,3.95503854034203e-05,-0.000142999355662108,-8.05996758839708e-05,0.707106781186548,0,0.5,0.5,156.552242885057,178.706655337157,300.8542304498,34.4046677724142,0.185667461249998,0.274532076879351,0.634050814613276,-0.173851276483927
71,0.820414181001168,-0.0445264608648359,0.437300100592679,0.36565911436291,-0.00520281992509608,0.000485062506657599,0.00503009940046391,0.00571680646957762,1.05849487650529e-05,3.75265204660109e-05,-0.000142195985423051,-8.23696060405667e-05,0.707106781186548,0,0.5,0.5,156.137110711953,178.007772141598,299.128326589921,35.0165562636305,0.188634586139745,0.275615048778511,0.633523005115977,-0.169273370197721
72,0.81521722575785,-0.044022599737366,0.44225934291327,0.371334834274892,-0.00519052190653761,0.000522695076704945,0.00488862685828958,0.00563473224110494,3.67956548574305e-05,3.94074744714446e-05,-0.000165486220603644,-0.00010216497162247,0.707106781186548,0,0.5,0.5,155.016440677755,176.210963960616,294.764318898111,36.46308574026,0.1957513309846,0.27824692178021,0.632031272325909,-0.158033019561099
73,0.81004580209864,-0.0434801652489117,0.447065552305789,0.376918645961988,-0.00515163025111999,0.000562209642025524,0.00472411792711101,0.00553305350935776,4.04707355183101e-05,3.71126733123167e-05,-0.000161876771566481,-0.000102375676093659,0.707106781186548,0,0.5,0.5,153.339647109631,173.760947362413,289.132637520335,37.9679569517089,0.201246859465844,0.279055776582366,0.626488206072644,-0.146185570024434
74,0.804915085846731,-0.0428993662819194,0.451709055526854,0.382400677436634,-0.00510912875992079,0.000599421372863951,0.00456321243274519,0.00543117561188361,4.33435982335017e-05,3.46843502995285e-05,-0.000157531238787813,-0.000102052045302925,0.707106781186548,0,0.5,0.5,151.599590413074,171.287536430341,283.514219086296,39.3729077571193,0.206424088635384,0.279841270941971,0.620886454759521,-0.134621095182166
75,0.799828282524116,-0.0422825724404477,0.456193821346514,0.387780994773604,-0.00506382921425881,0.000634196716861913,0.00440663835065942,0.00532962711281265,4.60570747115636e-05,3.2314707541873e-05,-0.000153246824927944,-0.000101678799019054,0.707106781186548,0,0.5,0.5,149.810681871046,168.806936388466,277.945077690094,40.6725405694175,0.211318084140836,0.280638265280743,0.615331354014417,-0.123375004592838
76,0.794788111317349,-0.0416321905783028,0.460524150386892,0.393059951822474,-0.00501588852959481,0.00066659493045288,0.00425433387715428,0.00522845656096681,4.86343396030364e-05,3.00108736108704e-05,-0.000149046614066135,-0.000101268552810103,0.707106781186548,0,0.5,0.5,147.975750972186,166.319354831737,272.425734949012,41.8693708549116,0.215934055532015,0.281435698068773,0.609816839176158,-0.11244708557537
77,0.789797146148025,-0.0409505647313427,0.464704270009935,0.398237944725453,-0.00496544025846721,0.00069668239055296,0.00410621438038768,0.00512770004400981,5.10799701304895e-05,2.77724648812299e-05,-0.000144930128924057,-0.000100821970568008,0.707106781186548,0,0.5,0.5,146.097315499363,163.824689473712,266.955776101322,42.9662288717536,0.220276674308053,0.282222126392448,0.604334371269118,-0.101835570568617
78,0.784857829629955,-0.040239972761663,0.468738323198695,0.403315405390834,-0.00491261350747817,0.000724525056600843,0.00396219574830184,0.00502739301669867,5.33977717907464e-05,2.55988084610533e-05,-0.000140896252741566,-0.000100339520502547,0.707106781186548,0,0.5,0.5,144.177846923332,161.322936359511,261.534840296607,43.9659429862354,0.224350734243682,0.282986914861479,0.598876070331767,-0.0915384212266053
79,0.779972477129727,-0.0395026269194954,0.472630369394018,0.408292800956681,-0.0048575337075254,0.000750188181915986,0.00382219501965237,0.0049275704928448,5.55913344761481e-05,2.34892115361626e-05,-0.000136943922665434,-9.9821770566312e-05,0.707106781186548,0,0.5,0.5,142.219775185613,158.814193255979,256.162642591282,44.8713258503108,0.228161152166563,0.283720235764041,0.593434768867987,-0.0815533809373831
80,0.775143280337853,-0.0387406745587692,0.476384385617708,0.413170633299904,-0.00480032281968759,0.000773736295322919,0.00368613032803992,0.0048282669452613,5.76640710238154e-05,2.14429699221619e-05,-0.000133072143597452,-9.92693887063959e-05,0.707106781186548,0,0.5,0.5,140.2254876117,156.29865247331,250.838968090397,45.6851719946129,0.231712954863894,0.284413037440685,0.588003976275384,-0.0718779839708043
80.1,0.774663536900996,-0.0386631936966473,0.476752333577734,0.413652963820398,-0.00479454067397162,0.000775881124707441,0.00367283175161208,0.00481834519375182,5.79786803848179e-05,2.14536253874029e-05,-0.000132899396899918,-9.91656417297052e-05,0.707106781186548,0,0.5,0.5,140.022671632265,156.046446594507,250.311437842786,45.7576803839862,0.330208062921031,0.39011368702739,0.749034356842139,-0.0287126068937179
80.6,0.772273579086865,-0.0382725691945513,0.478572172990849,0.416049762324687,-0.00476516071425102,0.000786621380666386,0.00360659778465226,0.00476889204538667,5.9537102830175e-05,2.15075893308563e-05,-0.000132036795554803,-9.86469819078572e-05,0.707106781186548,0,0.5,0.5,139.008591735093,154.785417200492,247.673786604732,46.1202223308527,0.330500304784393,0.389035952398061,0.743778780005905,-0.024242522823452
81,0.770372310653137,-0.0379561988667868,0.480004267532953,0.417949438445232,-0.00474109950308909,0.000795233191284232,0.00355392083255845,0.0047295162056827,5.9619238100039e-05,1.94593674109673e-05,-0.000129279981350182,-9.86831353204237e-05,0.707106781186548,0,0.5,0.5,138.197327817356,153.77659368528,245.56366561429,46.4102558883459,0.33071231923969,0.388167594485895,0.739550017048759,-0.0206701033231738
82,0.765661522409364,-0.0371512196041162,0.483493830438908,0.422629785877917,-0.00467997926260827,0.000814741919311945,0.00342548665553227,0.00463135137233958,8.84119866475992e-05,1.04816190466775e-05,-0.000144032040017752,-0.000126387289941209,0.707106781186548,0,0.5,0.5,136.1375947313,151.248377030625,240.336641681439,47.0493300804864,0.331043805890172,0.385959365166863,0.72908500603238,-0.0120818349753448
83,0.761026355137278,-0.0363312303048439,0.486847653644142,0.427198186597509,-0.00458975488937887,0.00082524359797473,0.00328251122193726,0.00450569249491197,8.99819687719686e-05,8.67001295636767e-06,-0.000139214867856213,-0.000124556351379192,0.707106781186548,0,0.5,0.5,133.197836982953,147.797863870405,233.762473239929,47.2332276134291,0.328361746985735,0.380648457078,0.713742367652059,-0.00473216358832361
84,0.756482168132236,-0.0355016458148986,0.49006089914445,0.43164183945966,-0.00449804758958891,0.000833931609713874,0.0031443203324492,0.00438185114451734,9.05127186314298e-05,7.07196218610781e-06,-0.000133897090784399,-0.000121901311870015,0.707106781186548,0,0.5,0.5,130.255132058165,144.3669806369,227.281334354994,47.3407783400712,0.325496038667636,0.375323073150396,0.698568333552008,0.00225077826602418
85,0.75202992234719,-0.0346641728103584,0.493138599463502,0.435962971749929,-0.00440590361692542,0.000841020144102326,0.00301140765612092,0.00426064457059006,9.08744870788925e-05,5.54899152872245e-06,-0.000128747158501422,-0.00011927333740215,0.707106781186548,0,0.5,0.5,127.33626796271,140.983307696058,220.936584006405,47.3829916523631,0.322535303221901,0.370069440056415,0.683715360543669,0.00888938273464687
86,0.747669971564696,-0.0338203731737335,0.496085949138284,0.440164204640046,-0.00431348716551377,0.000846584445080866,0.00288360609415314,0.00414204549770719,9.11051754500484e-05,4.09748062493081e-06,-0.000123782772510243,-0.000116696752362312,0.707106781186548,0,0.5,0.5,124.442877228753,137.646973691694,214.726723325775,47.3631275946716,0.31948733778969,0.364883912177113,0.669177648811712,0.0151936011550916
87,0.743402524349118,-0.0329717353605119,0.498907966844632,0.444248119948337,-0.00422092445352971,0.000850696116263567,0.00276073110991644,0.00402600257759881,9.12145396350826e-05,2.71532871636316e-06,-0.00011899871475289,-0.000114171340183373,0.707106781186548,0,0.5,0.5,121.575804606296,134.357340781555,208.648898198053,47.284247189797,0.31635746803065,0.359760748577912,0.654944853659732,0.0211733629488305
88,0.739227667833997,-0.0321196772783053,0.501609489336879,0.448217248270794,-0.00412833221423851,0.000853424644537298,0.00264260340246828,0.00391246473104912,9.12108767332488e-05,1.40042298079549e-06,-0.00011438911387885,-0.000111696172466719,0.707106781186548,0,0.5,0.5,118.735825532597,131.113803532398,202.700306067182,47.1493229978126,0.313150840648442,0.35469472130206,0.641007078002918,0.0268384839475844
89,0.735145376479759,-0.0312655484091648,0.504195177006029,0.452074069602501,-0.00403581914818975,0.000854837389311015,0.00252904954743199,0.00380138184913856,9.11019520520264e-05,1.50683946211937e-07,-0.00010994823421805,-0.000109270317116094,0.707106781186548,0,0.5,0.5,115.923668101754,127.915807545608,196.878236337413,46.9612393099486,0.309872484096223,0.349681151275627,0.627354994998666,0.0321986403731844
90,0.731155519846017,-0.0304106319198953,0.50666951968705,0.455821014308278,-0.00394348643861174,0.000854999617320337,0.00241990185710091,0.00369270479249421,9.08950626088861e-05,-1.03592925634522e-06,-0.000105670500965105,-0.000106892858902192,0.707106781186548,0,0.5,0.5,113.140014655619,124.762844897087,191.180066394276,46.7227931584306,0.306527305125357,0.344715868812203,0.613979812582069,0.037263361355491
90.1,0.730761626069707,-0.0303251371345106,0.506910981777347,0.45618975051535,-0.0039343851688864,0.000854896123622026,0.00240934251857769,0.00368202126934441,9.11301849556336e-05,-1.03393428479117e-06,-0.000105516316730121,-0.000106777635003924,0.707106781186548,0,0.5,0.5,112.864563473566,124.452005333177,190.622385408392,46.6941833983522,0.419243704972276,0.464946693571006,0.768212645335487,0.115977753207795
90.6,0.728805873421377,-0.0298978178761396,0.508102495514877,0.45801743788234,-0.00388852855570005,0.000854381818881281,0.002356776317812,0.00362877597327388,9.22926128466488e-05,-1.02302645193101e-06,-0.00010474968436886,-0.00010620434249101,0.707106781186548,0,0.5,0.5,111.487307563303,122.897807513628,187.833980478971,46.5511345979603,0.415139297613774,0.460088474479064,0.758827294782831,0.116400477310007
91,0.727257869879956,-0.0295561467349759,0.509036842313948,0.459460464082487,-0.0038514282041184,0.000853974542572324,0.00231499821611527,0.00358638537051877,9.0597069051949e-05,-2.16141816437408e-06,-0.00010155049798579,-0.000104562899468794,0.707106781186548,0,0.5,0.5,110.385502835093,121.654449257988,185.603256535435,46.4366955576467,0.411844694767275,0.456189507029951,0.751294077625781,0.116740124171444
92,0.723452107767617,-0.0287032495692137,0.511301310411758,0.462994752888171,-0.00375973192056079,0.000851823366898118,0.00221418191978864,0.0034823763209501,0.000117527664547262,-1.65903346961065e-05,-0.000109085637841295,-0.000133083445919695,0.707106781186548,0,0.5,0.5,107.660726662087,118.590191366531,180.145345216799,46.1055728118187,0.403680539865741,0.446574066839807,0.732878408959228,0.117376197746321
93,0.719751574715711,-0.0278597281198375,0.513461241684662,0.466410826987311,-0.00364090404137629,0.000835213138143875,0.00210597073862856,0.00335000987821174,0.000116584159152838,-1.69171719610222e-05,-0.000104632953967619,-0.000129219589590615,0.707106781186548,0,0.5,0.5,103.999763894014,114.535020185835,173.466807324271,45.0679767555783,0.391714459067,0.432904709811802,0.709313275707511,0.115305893171291
94,0.716169369035057,-0.0270329794733937,0.515515172421619,0.469696455042858,-0.00352310563905767,0.000818278578908687,0.00200216519898013,0.0032214727119626,0.000114506951430801,-1.67534082619948e-05,-9.99240732438838e-05,-0.000124368183574744,0.707106781186548,0,0.5,0.5,100.411373673107,110.565322923191,166.951974013572,44.024722582726,0.379951217173206,0.419489592185272,0.686276720163742,0.113164089194736
95,0.712703893194207,-0.0262230824384724,0.517467634968189,0.472855958335807,-0.00340747398201341,0.000801510951897786,0.00190301735337214,0.00309774709555998,0.000112331799481547,-1.65663720013235e-05,-9.54204443666257e-05,-0.000119671858515325,0.707106781186548,0,0.5,0.5,96.9293520460247,106.717135728297,160.646620434667,42.9998673396548,0.36852685995563,0.406475331022044,0.663960837482168,0.111041353495506
96,0.709352933554582,-0.0254298585534733,0.519323185245088,0.475894071425937,-0.00329410080107478,0.000784933211259566,0.00180832450802687,0.0029786796029849,0.000110108784762359,-1.63725562417395e-05,-9.1130132656078e-05,-0.000115164579128008,0.707106781186548,0,0.5,0.5,93.5518959467611,102.988198604402,154.546047828234,41.9940467229289,0.35743626129255,0.393855261079868,0.642350326129167,0.108941196243252
97,0.706114209749181,-0.0246531146486485,0.521086172491312,0.478815358532665,-0.00318302786115829,0.000768551819642512,0.00171787603618885,0.00286408304571697,0.000107849194732042,-1.61731922850284e-05,-8.70433998222203e-05,-0.000110839937581467,0.707106781186548,0,0.5,0.5,90.2759929727431,99.3749482434571,148.643849840816,41.0070913753843,0.346669503592308,0.381617472289926,0.621422808866979,0.106864167015255
98,0.702985405143271,-0.0238926516974883,0.522760740151728,0.481624199876242,-0.00307428607766928,0.00075237203750659,0.00163147093947338,0.00275377659877015,0.000105561951195575,-1.5968957948053e-05,-8.31502592837222e-05,-0.000106690324651151,0.707106781186548,0,0.5,0.5,87.0986762882265,95.8738805864381,142.933756141304,40.038800733361,0.336216844817788,0.369750260532375,0.601156416552548,0.104810688797615
99,0.699964176507997,-0.0231482657427386,0.524350835627145,0.484324798637959,-0.00296789786140439,0.00073639847490123,0.00154891808892334,0.0026475869901118,0.000103255082041657,-1.57604669135535e-05,-7.94411684094481e-05,-0.000102708363468213,0.707106781186548,0,0.5,0.5,84.0170672165615,92.4815974457732,137.409695319169,39.0889693431662,0.326068881330947,0.358242310208615,0.581530040199699,0.102781151339862
100,0.697048162088317,-0.0224197485155396,0.525860219922397,0.486921188395994,-0.00286387798173714,0.000720635153229315,0.00147003578301911,0.00254534826560426,0.00010093584255272,-1.55482877223229e-05,-7.59070392478192e-05,-9.88869577884048e-05,0.707106781186548,0,0.5,0.5,81.0283736796588,89.1948046746158,132.065790367774,38.1573879865009,0.316216536639474,0.347082683390125,0.562523305949832,0.100775914079766
100.1,0.696762279208625,-0.0223477627423066,0.526006844141449,0.487175228935923,-0.00285377722212739,0.000719080305092597,0.00146245035606461,0.00253546401339998,0.000101079241405705,-1.55486680533862e-05,-7.58015567584794e-05,-9.87981321353943e-05,0.707106781186548,0,0.5,0.5,80.7385250306831,88.8763550784731,131.548846523698,38.0660335854579,0.367933075323877,0.400436032344184,0.6413085361971,0.12706057147096
100.6,0.695348055141151,-0.0219901662373672,0.526728615975626,0.488430629580777,-0.00280306010784462,0.00071130560793436,0.00142468050337994,0.00248617523083479,0.000101786522648929,-1.5549949261175e-05,-7.52792852867122e-05,-9.8358156355746e-05,0.707106781186548,0,0.5,0.5,79.2892817858041,87.2841070977597,128.964127303321,37.6092615802424,0.362076391366291,0.393870995951215,0.630943476843323,0.125003910474182
101,0.694234988867777,-0.0217068880022375,0.52729247684732,0.489417240302418,-0.00276223431038608,0.000705085548191624,0.00139465129568043,0.00244690150671852,9.86107796832899e-05,-1.53329474312128e-05,-7.253922174419e-05,-9.5219288583511e-05,0.707106781186548,0,0.5,0.5,78.1298871899009,86.0103087131889,126.89635192702,37.2438439760701,0.357381750161272,0.388607442898526,0.622624844602125,0.123364348457673
102,0.691522279120927,-0.0210094689700204,0.528651021774233,0.491816669979837,-0.00266296850305958,0.000689752629254351,0.00132260044137858,0.00235209455230117,0.000111501659136071,-1.97488181631805e-05,-7.70699299814262e-05,-0.000104970978416921,0.707106781186548,0,0.5,0.5,75.3189799420868,82.9250132315881,121.895871748488,36.3481214251873,0.346012088074078,0.375863422042042,0.602521242837785,0.119354267278335
103,0.688915293121711,-0.0203295911030024,0.529935261469598,0.494116428870525,-0.00255077479473716,0.000670002925597665,0.00124605143941765,0.00224757160595783,0.000108926619833633,-1.91486633854131e-05,-7.38519278917978e-05,-0.00010089390553595,0.707106781186548,0,0.5,0.5,72.142146747397,79.4705955768697,116.361128938591,35.2516133856763,0.332900697309777,0.36135312316697,0.579771678139303,0.114482142337445
104,0.686419194651091,-0.0196691622077527,0.531144548750613,0.496313692743914,-0.00244121188680581,0.000650855322740981,0.00117268329041198,0.00214709397442974,0.000105711251899609,-1.83785491893617e-05,-7.04630034467691e-05,-9.6443056784762e-05,0.707106781186548,0,0.5,0.5,69.06638052617,76.1294624191793,111.005094483874,34.1907484614759,0.320195189676213,0.347300687330789,0.55770593053022,0.109789946476782
105,0.684031033066842,-0.0190274952702216,0.532282149862161,0.498412693621829,-0.00233491913004111,0.000632479581196056,0.00110266672403171,0.00205103490645816,0.000102507077144895,-1.76343584371841e-05,-6.72279468197015e-05,-9.21802753582173e-05,0.707106781186548,0,0.5,0.5,66.107163856573,72.9173145709362,105.851289259047,33.1731891684626,0.30796833042019,0.333781385022109,0.536439367456642,0.105310347985657
106,0.681747545302109,-0.0184038314786849,0.533351340302163,0.500417756738647,-0.00223188088647299,0.000614849515701986,0.00103585041501397,0.00195920844580097,9.93472129188497e-05,-1.69227442419246e-05,-6.41520787842081e-05,-8.81191366841618e-05,0.707106781186548,0,0.5,0.5,63.2608887709769,69.8300819830178,100.893634569939,32.1973361840558,0.296205160949674,0.320779310801641,0.515949130741049,0.101035341010267
107,0.679565500411151,-0.0177974415238264,0.534355241566275,0.502333014579767,-0.00213204862692773,0.000597932315976086,0.000972077666814748,0.00187141504486281,9.62371484510567e-05,-1.62427289444549e-05,-6.12271523102226e-05,-8.42504028899102e-05,0.707106781186548,0,0.5,0.5,60.5233004770749,66.8630255109827,96.1250261804516,31.2612998076062,0.284887744476049,0.308275338715264,0.496207398455747,0.0969556847355659
108,0.67748171860596,-0.0172076284085775,0.535296822524514,0.504162404661857,-0.00203536867966489,0.000581696176834734,0.000911199872272849,0.00178746427363182,9.31805595217145e-05,-1.55930596925758e-05,-5.84448244673628e-05,-8.05643693727695e-05,0.707106781186548,0,0.5,0.5,57.8902771523557,64.0115473972948,91.5385630485729,30.3632615010777,0.273998744110398,0.29625086068739,0.477187119851739,0.0930624849460486
109,0.675493075499991,-0.0166337263063983,0.536178907559963,0.50590967888402,-0.00194178402024304,0.000566110570475619,0.000853076613662907,0.00170717528710975,9.01804942473425e-05,-1.49725057893502e-05,-5.579722223865e-05,-7.70517929659467e-05,0.707106781186548,0,0.5,0.5,55.3578564178536,61.2712198991898,87.1275914509412,29.5014848661024,0.263521540205838,0.284687924714984,0.458862224161762,0.0893472407590601
110,0.673596505156088,-0.0160750992958645,0.537004184526081,0.507578412883775,-0.0018512348721337,0.000551146221666648,0.000797575201278187,0.0016303763689829,8.72394798597314e-05,-1.43798715116016e-05,-5.32769398480458e-05,-7.37039086701177e-05,0.707106781186548,0,0.5,0.5,52.9222300055,58.6377806851638,82.8856981275909,28.6743125630731,0.253440202169777,0.273569219823832,0.441207591894639,0.0858018300989702
110.1,0.673411817980188,-0.016020056570235,0.5370836757534,0.507741082079559,-0.00184250750823619,0.000549708319196429,0.000792250263005867,0.00162300833012607,8.73077379113608e-05,-1.43781750537664e-05,-5.32218657133286e-05,-7.36569039094002e-05,0.707106781186548,0,0.5,0.5,52.68798074319,58.3847153169497,82.4777984718891,28.5948975882507,0.264227523260743,0.283327688753551,0.465718183607961,0.0818370284063335
110.6,0.672501491782272,-0.0157469993229203,0.53747315953762,0.508543388846607,-0.00179876929299932,0.000542521398000818,0.000765707520081376,0.00158623805675829,8.76436239646257e-05,-1.43694400002019e-05,-5.29501117416238e-05,-7.34250803420335e-05,0.707106781186548,0,0.5,0.5,51.5167344316397,57.1193884758789,80.4383001933803,28.1978227141384,0.259129942896691,0.277695595769781,0.456998709899683,0.0798268287667901
111,0.671789002586487,-0.0155311401263813,0.537775212243885,0.509172014928424,-0.0017636592026539,0.000536775070395954,0.000744570214557957,0.0015569044587713,8.43595774760979e-05,-1.38139972468777e-05,-5.08770123591702e-05,-7.05124082299468e-05,0.707106781186548,0,0.5,0.5,50.5797373823995,56.1071270030223,78.8067015705733,27.8801628148486,0.255043646404152,0.273181950365046,0.449999517963593,0.0782260788056046
112,0.670067625783552,-0.0150012690217318,0.538494427553365,0.51069373434428,-0.00167899316625985,0.000522970233635438,0.000693943069289364,0.00148660470039027,8.68482300638256e-05,-1.25062709557308e-05,-5.27925567372048e-05,-6.99780781925912e-05,0.707106781186548,0,0.5,0.5,48.3268596256749,53.6753099816536,74.8846435677504,27.1175260395782,0.245227862160203,0.262344481079909,0.433174725026365,0.0743976182137462
113,0.668432155186311,-0.0144845477670874,0.539162055712981,0.512145418283049,-0.00159185097839583,0.00051047649109291,0.000641393640733514,0.00141683057502942,8.40417177201393e-05,-1.18735434002894e-05,-5.06137977064462e-05,-6.69194713679511e-05,0.707106781186548,0,0.5,0.5,46.0597281140187,51.2469358883456,70.8844289571348,26.4222350452297,0.235297659107022,0.251482753939077,0.415838013261914,0.0709423997841852
114,0.666882414499335,-0.0139800037618842,0.539778217008848,0.513528851350248,-0.0015075422534724,0.00049861585750081,0.000591002593931594,0.00135009696397013,8.10658388120801e-05,-1.13062555331069e-05,-4.8353522592284e-05,-6.38963376947072e-05,0.707106781186548,0,0.5,0.5,43.8798509098808,48.9148984916278,67.0337760593472,25.7609733421615,0.225742605844078,0.241045373289308,0.39910028755215,0.0676876915812369
115,0.665415486147711,-0.0134870366942491,0.540345110911944,0.514847056658163,-0.0014262346476666,0.000487322662039225,0.000542852438823131,0.00128636939889833,7.81536705316216e-05,-1.07728646623769e-05,-4.61882073864016e-05,-6.10151070898687e-05,0.707106781186548,0,0.5,0.5,41.7882451240999,46.6794134059616,63.3372356082843,25.1304229217773,0.216569043249352,0.231035368408614,0.382988793542548,0.0646156181154186
116,0.664028401603834,-0.0130050961062931,0.540864931338627,0.516102969751954,-0.00134786225099767,0.000476562913148531,0.000496849725034883,0.00122550732557438,7.53161948121715e-05,-1.02702732932188e-05,-4.41205688769395e-05,-5.82731826123567e-05,0.707106781186548,0,0.5,0.5,39.7815759834363,44.5367085182621,59.7894830119658,24.5288014897327,0.207762364568918,0.22143648651751,0.367482641585993,0.0617162095004343
117,0.662718263686932,-0.0125336639768861,0.541339777368301,0.517299386894988,-0.00127234833334055,0.00046630573485616,0.000452898200893036,0.0011673727085786,7.25540554533065e-05,-9.79683769752706e-06,-4.21457622312836e-05,-5.5663505993219e-05,0.707106781186548,0,0.5,0.5,37.8564523486036,42.4829847882539,56.3849514769804,23.9544856598772,0.199307667936266,0.21223223714235,0.35255958419955,0.0589803208790668
118,0.661482252210102,-0.0120722523351765,0.541771654216623,0.518438969814183,-0.00119961569448608,0.000456521906340734,0.00041090635633245,0.00111183448040829,6.98671882739344e-05,-9.35104902973183e-06,-4.02589038858032e-05,-5.31792012937653e-05,0.707106781186548,0,0.5,0.5,36.0096129224056,40.5145876502893,53.1182599045236,23.4059406681714,0.191190649720453,0.20340672252609,0.338198099491853,0.05639927275469
119,0.660317624101029,-0.0116204016733935,0.542162477998426,0.519524252578382,-0.00112958735829226,0.000447183725519957,0.000370787467470731,0.00105876836403661,6.72552861805545e-05,-8.9314674159881e-06,-3.84553934538959e-05,-5.08137611643747e-05,0.707106781186548,0,0.5,0.5,34.2379288730644,38.6280091262486,49.9842249609285,22.8817130383846,0.183397615457917,0.194944653973316,0.32437745545675,0.0539648139744828
120,0.659221713061046,-0.0111776794629852,0.542514080374489,0.52055764820633,-0.00106218680192882,0.000438264938912485,0.000332459319945527,0.0010080565096898,6.47178460678963e-05,-8.536716818303e-06,-3.67309099411051e-05,-4.85610352260983e-05,0.707106781186548,0,0.5,0.5,32.538398516381,36.819882556762,46.9778546276802,22.380426445463,0.175915452910978,0.186831332347336,0.311077684279338,0.0516691009789762
120.1,0.659115818014542,-0.0111338956485539,0.542547142691091,0.52065821108328,-0.00105571368425543,0.000437411390976514,0.00032878740313988,0.00100320134038925,6.47444796841586e-05,-8.53424099868221e-06,-3.67074471854449e-05,-4.85423702298658e-05,0.707106781186548,0,0.5,0.5,32.3753728548151,36.6465920197994,46.6895032829011,22.3324615917135,0.179980705170708,0.188434350736428,0.331949849121383,0.0364652067857525
120.6,0.658596059720468,-0.0109162562154343,0.542706952803846,0.521153747803157,-0.00102330860230058,0.000433147379790688,0.000310462666305032,0.000978953170136271,6.48751568175537e-05,-8.52178160179508e-06,-3.65920262092554e-05,-4.8450798243919e-05,0.707106781186548,0,0.5,0.5,31.5602445469852,35.7801393349862,45.2477465590056,22.092637322966,0.176334153780706,0.184463721339914,0.325542358076663,0.0352555170439568
121,0.658191929018002,-0.0107436787382808,0.542828212923419,0.521541454917151,-0.000997338139370191,0.000429740676771391,0.000295843935698441,0.000959587143015083,6.22541942619708e-05,-8.16548281014942e-06,-3.50813943213308e-05,-4.64152106282377e-05,0.707106781186548,0,0.5,0.5,30.9081419007214,35.0869771871357,44.0943411798892,21.9007779079679,0.173410313330244,0.181282403300779,0.320396481035636,0.034296235595387
122,0.657225757408004,-0.01031801674387,0.543106551248915,0.522477862038631,-0.000934966280534074,0.000421587390554681,0.000260867316816086,0.000913254232434591,6.46067983506326e-05,-4.92277380448601e-06,-3.87028398583244e-05,-4.4875130585279e-05,0.707106781186548,0,0.5,0.5,29.3443956314926,33.426192926642,41.3290543931658,21.4415341649689,0.166402186078962,0.17366535947347,0.30803974203498,0.0320278035174513
123,0.656323131531788,-0.00989888562913743,0.543348100966035,0.523368703932717,-0.000870249126373886,0.000416679968258779,0.000222265424847242,0.000868454302421439,6.22909635630387e-05,-4.54738910364536e-06,-3.72094830262525e-05,-4.28854128646886e-05,0.707106781186548,0,0.5,0.5,27.8029174339086,31.8147348614485,38.4809254084401,21.1367268869171,0.159467364572068,0.166266539907844,0.295160930255235,0.0305729742246763
124,0.655484060919805,-0.00948447433429014,0.543551792186326,0.524215737876798,-0.000807859671525484,0.000412147658696125,0.00018514707740626,0.000825635487493113,5.9831898753975e-05,-4.32485268739022e-06,-3.55478617587111e-05,-4.09682993907853e-05,0.707106781186548,0,0.5,0.5,26.3237357904311,30.2709863857225,35.7426400896447,20.852082086509,0.152803466976791,0.159177127195657,0.282712908332192,0.0292676858402557
125,0.654706146556903,-0.00907448422677313,0.543719192780145,0.525020908916146,-0.000747940249360078,0.000407837445661331,0.000149681120028849,0.000784725880870347,5.74363724327939e-05,-4.12879684744601e-06,-3.394143676731e-05,-3.91427216785545e-05,0.707106781186548,0,0.5,0.5,24.9061991011524,28.7930076293902,33.118839524126,20.5803672064168,0.146408557885677,0.15238878716139,0.270723167259906,0.0280741777871606
126,0.653986950524565,-0.00866870645716235,0.543851927805761,0.525786080734263,-0.000690426290891164,0.000403722828345618,0.000115813152863711,0.00074563467376922,5.51128998414147e-05,-3.95212373782232e-06,-3.23975290083668e-05,-3.74049134317022e-05,0.707106781186548,0,0.5,0.5,23.5478990758232,27.3780482035747,30.6056942745549,20.320253004843,0.14027205777785,0.145889145374421,0.259177356268926,0.0269838468833448
127,0.653324103703952,-0.00826695512437402,0.543951564244292,0.526513028071089,-0.000635244792467695,0.000399784414401994,8.34814046824418e-05,0.000708274769930612,5.28608093435169e-05,-3.7932938102409e-06,-3.0913729490982e-05,-3.57503293885059e-05,0.707106781186548,0,0.5,0.5,22.246444627108,26.023431804913,28.1991305170672,20.070745914954,0.134383442712501,0.139666120364993,0.248059761993409,0.0259898010840847
128,0.652715309616558,-0.00786906294853377,0.544019608490902,0.527203440825151,-0.000582323504238461,0.000396004355101507,5.26264557498052e-05,0.000672563565131431,5.06789304476947e-05,-3.65108645720438e-06,-2.94873427210448e-05,-3.41746312248291e-05,0.707106781186548,0,0.5,0.5,20.9995387108314,24.7265921292624,25.8952019959147,19.8309288441793,0.12873262048434,0.133708104128538,0.237355143928619,0.025085580684259
129,0.652158343423178,-0.00747487988708405,0.544057508850743,0.527858928443323,-0.00053159142243653,0.000392366025629537,2.31915278995147e-05,0.000638422743830245,4.85660044919745e-05,-3.52435605408887e-06,-2.81158088940861e-05,-3.26737188366922e-05,0.707106781186548,0,0.5,0.5,19.8049778319636,23.4850702674626,23.6901021364981,19.5999459629282,0.123309927654087,0.128003953849716,0.227048799271158,0.0242650822326445
130,0.651651050635863,-0.0070842719485146,0.544066658113935,0.528481024091566,-0.000482978871208975,0.000388853949644811,-4.87764737720925e-06,0.000605778044432296,4.65207143712955e-05,-3.41201810244115e-06,-2.67967135111387e-05,-3.12437187980523e-05,0.707106781186548,0,0.5,0.5,18.6606482068436,22.2965104965977,21.5801598419992,19.3769988614422,0.118106110346852,0.122542975469394,0.217126547331981,0.0235225384842646
130.1,0.651602985366244,-0.00704540360971296,0.544066036379749,0.52854144568596,-0.00047832638219174,0.000388512865671084,-7.55689540766597e-06,0.000602653928643534,4.65290531137575e-05,-3.40966111704925e-06,-2.67882575598202e-05,-3.123860695443e-05,0.707106781186548,0,0.5,0.5,18.5510355813391,22.1827250614206,21.3783273291599,19.3554333135999,0.123416903437736,0.124390700049876,0.245842190032034,0.00196541345557788
130.6,0.651369640015906,-0.00685157289292528,0.544058911138618,0.528838868867544,-0.000455051641069498,0.000386810985445008,-2.09406242860334e-05,0.000587040852740396,4.65695902375472e-05,-3.39785355705208e-06,-2.67469196080122e-05,-3.12139464222416e-05,0.707106781186548,0,0.5,0.5,18.0029724538165,21.613797885535,20.3691647649634,19.2476055743883,0.120933136708867,0.121778782726299,0.241086384285554,0.00162553514961224
131,0.651191345762732,-0.00669712007458568,0.544048395993762,0.529071188596623,-0.000436417555242891,0.000385453737754407,-3.16329706793397e-05,0.000574559035888863,4.45416956881636e-05,-3.31304605303202e-06,-2.55277787298661e-05,-2.98809715808841e-05,0.707106781186548,0,0.5,0.5,17.5645219517984,21.1586561448266,19.5618347136061,19.161343383019,0.118940514733628,0.119686106050719,0.237263818020027,0.00136280276432025
132,0.650777210905567,-0.00631331908247322,0.544004011427369,0.52963081417065,-0.000391840601731637,0.000382152029209505,-5.71241080209856e-05,0.000544698906873953,4.90297126679137e-05,9.34152800237557e-07,-3.13770527478132e-05,-2.91369353440547e-05,0.707106781186548,0,0.5,0.5,16.5146534424484,20.0693456022886,17.6317124092932,18.952286635444,0.114166957377323,0.114683162456553,0.228076946189367,0.000773173644509881
133,0.65040989558408,-0.00593069536067117,0.543931210434848,0.53016094998946,-0.000342779966288815,0.000383100035796829,-8.84665221800862e-05,0.000515577833835189,4.71810612593129e-05,1.01034886256332e-06,-3.01989003844679e-05,-2.79025137314967e-05,0.707106781186548,0,0.5,0.5,15.4573669803759,19.0054311187051,15.5225770570158,18.9402210420653,0.109326047909683,0.109790354181943,0.217900334676901,0.00121606741472494
134,0.650090714816178,-0.00554708568477636,0.543827654541553,0.530662580653687,-0.000295573223616503,0.000384123786102102,-0.000118635450799904,0.000487687325553726,4.51047685841178e-05,8.87791202232736e-07,-2.8748219081936e-05,-2.67025007394116e-05,0.707106781186548,0,0.5,0.5,14.4425136008272,17.9859888735262,13.4951074641995,18.9333950101541,0.104665139312385,0.105103054083919,0.208019706956066,0.00174848644023804
135,0.649817701068759,-0.00516251372763483,0.543694653621378,0.531136919685739,-0.00025044747248198,0.000385024407350726,-0.000147357991686989,0.000460993460949044,4.30794861251147e-05,7.49010528813113e-07,-2.73319280860763e-05,-2.5558230397271e-05,0.707106781186548,0,0.5,0.5,13.4706920471215,17.0100398147254,11.5581020467163,18.9226298151306,0.100188380628698,0.100617127824962,0.198483181426162,0.0023223270274983
136,0.649588799035349,-0.00477711072759577,0.543533637018134,0.53158513599493,-0.000207351165015837,0.000385785683251538,-0.000174668083075085,0.000435440906786802,4.11169378126994e-05,6.03278505953977e-07,-2.59624024031886e-05,-2.44678100693062e-05,0.707106781186548,0,0.5,0.5,12.5403022598851,16.0757571327366,9.70892970140288,18.907129691219,0.0958890336343954,0.0963241865445475,0.189282565475364,0.00293065470357907
137,0.649402010803623,-0.00439101950120514,0.543345993938836,0.532008344091115,-0.000166221076458599,0.000386400675958813,-0.00020061207140594,0.000410976184783887,3.92165874306071e-05,4.51892205572722e-07,-2.46386423894863e-05,-2.3428430255119e-05,0.707106781186548,0,0.5,0.5,11.6497072963404,15.1813507706758,7.94453157094131,18.8865264960749,0.0917601466068792,0.0922159768377102,0.180407409984748,0.00356871345984084
138,0.64925540140309,-0.00400438915386186,0.543133067732225,0.532407606399644,-0.000126994562546026,0.000386863746062754,-0.000225235338342143,0.000387548593344435,3.73773020495133e-05,2.95730071374821e-07,-2.33591167841408e-05,-2.24373922760105e-05,0.707106781186548,0,0.5,0.5,10.7973301108257,14.3251052422996,6.26192162407904,18.8605137290463,0.087795031977448,0.0882845718580376,0.171847473051083,0.00423213078440263
139,0.649147097927424,-0.00361737399084366,0.542896157120107,0.532783935983466,-8.96101526940991e-05,0.000387170133518507,-0.000248581766898921,0.000365110099195664,3.55978919859229e-05,1.35599738694564e-07,-2.21223444858105e-05,-2.14921474728423e-05,0.707106781186548,0,0.5,0.5,9.98165545269807,13.5053784278418,4.65820671509728,18.8288271654427,0.0839872756366278,0.0845223686602251,0.163592822846239,0.0049168214506139
140,0.649075288333494,-0.00323013267341465,0.542636517671669,0.533138299137165,-5.40076034945985e-05,0.000387315886633404,-0.00027069378934681,0.000343615189555485,3.38771410753888e-05,-2.77436278863821e-08,-2.09269163108429e-05,-2.05902909163029e-05,0.707106781186548,0,0.5,0.5,9.20122751822818,12.7205986711542,3.13058474186468,18.7912414475178,0.0803307253829071,0.0809220768760523,0.155633832752592,0.00561896950636728
140.1,0.649070056959899,-0.00319140122024849,0.54260934366107,0.53317255770344,-5.06198580799648e-05,0.00038731320890024,-0.000272786393602154,0.000341556123577151,3.38777606558623e-05,-2.58109949701339e-08,-2.09251742296955e-05,-2.05910339763983e-05,0.707106781186548,0,0.5,0.5,9.1265695183829,12.6454649940861,2.98516045662936,18.7868740558398,0.0964460738267452,0.0973859165099614,0.189680605706317,0.00415138463038993
140.6,0.649048981865668,-0.00299774743945469,0.542470335168539,0.533340761719525,-3.36803098940976e-05,0.000387302719830321,-0.000283246891399957,0.000331259591196296,3.38802680696133e-05,-1.6144342359246e-08,-2.09169527606035e-05,-2.0595228762801e-05,0.707106781186548,0,0.5,0.5,8.75327951915647,12.2697966087456,2.25803903045272,18.7650370974494,0.0947708684047499,0.0957408362897631,0.185911086143225,0.00460061855128787
141,0.649038220201952,-0.00284282743676673,0.542355363218984,0.533471617836275,-2.01279221910875e-05,0.00038729780942187,-0.000291612456998062,0.000323020730451197,3.22138131005374e-05,-1.93594151438173e-07,-1.97714914583251e-05,-1.97295534309719e-05,0.707106781186548,0,0.5,0.5,8.45464751977532,11.9692619004731,1.6763418895114,18.7475675307371,0.0934249230448096,0.0944209977609048,0.182878452340286,0.0049674684654288
142,0.649034199477486,-0.00245562335900815,0.542053867204443,0.533784772048854,1.20866160412563e-05,0.000387113412162712,-0.000311377506582283,0.000303285832888747,3.79075967665927e-05,1.74383856539598e-07,-2.33660773464158e-05,-2.29983463082063e-05,0.707106781186548,0,0.5,0.5,7.74057135764445,11.2499288498469,0.292849917343032,18.6976502901484,0.0901991055550542,0.091265513072287,0.175579471607177,0.00588514702016483
143,0.649065239414841,-0.00206841914516697,0.541730808562306,0.53407655601049,4.99925767303426e-05,0.0003872986258689,-0.00033473804396766,0.000280279225213593,3.63718349874151e-05,-3.01920205293053e-08,-2.2274000560561e-05,-2.22521457869184e-05,0.707106781186548,0,0.5,0.5,6.91009827190691,10.4106010410278,1.33283081474127,18.6535301276761,0.0863642249203228,0.0874944619967469,0.166996323418263,0.00686236349880699
144,0.649133416731555,-0.00168113214737305,0.541384934751092,0.534345705982257,8.63606903371491e-05,0.000387278837953287,-0.000357008501220115,0.000258017383708229,3.4563673258756e-05,-2.5763340056083e-07,-2.10112504810289e-05,-2.13591406124458e-05,0.707106781186548,0,0.5,0.5,6.10830015356314,9.5993229679131,2.8936277167805,18.6012508382568,0.0826363255429741,0.0838389223317407,0.15862709832526,0.00784814954945469
145,0.649237057496353,-0.00129397882466936,0.541017421270035,0.534593040241452,0.000120918906187397,0.00038703110894276,-0.000378017956074333,0.000236647441093963,3.27970278607772e-05,-4.86406910181133e-07,-1.97782110827172e-05,-2.04952772086185e-05,0.707106781186548,0,0.5,0.5,5.34059108841326,8.8215665276352,4.37812528397767,18.5402829000262,0.0790435841112658,0.080326774176292,0.150532595053024,0.00883776323453405
146,0.649374372672258,-0.000907187778967891,0.540629514356732,0.534819436196227,0.000153709047085946,0.000386554122495876,-0.000397795848729828,0.000216140494976083,3.10852865627078e-05,-7.15079585126591e-07,-1.8582852982823e-05,-1.96668379806992e-05,0.707106781186548,0,0.5,0.5,4.60602009989026,8.07630491382965,5.78822516492335,18.4705501786434,0.0755827804432399,0.0769538015160196,0.14270870388865,0.00982787807060954
147,0.649543621728596,-0.000520988210643863,0.54022242681529,0.535025739202126,0.00018478629242636,0.000385847999419614,-0.000416379613987076,0.000196461333489569,2.94282050098543e-05,-9.42997169556367e-07,-1.74246089645097e-05,-1.88724066218732e-05,0.707106781186548,0,0.5,0.5,3.90338574300843,7.36226348827807,7.1263694740495,18.3920187053361,0.0722494130696218,0.0737145234158934,0.135148526196045,0.0108154102894705
148,0.649743119182636,-0.000135608872069158,0.539797334290689,0.535212760103605,0.00021420554950929,0.000384913514977905,-0.000433806143167138,0.00017757613900192,2.78248904874e-05,-1.16957402516793e-06,-1.63025709869328e-05,-1.81103097477555e-05,0.707106781186548,0,0.5,0.5,3.2315151974342,6.6782050899834,8.39496379354616,18.3046840809639,0.0690390746413202,0.0706036039212829,0.127845183865321,0.011797494697282
149,0.649971234004042,0.000248722552441089,0.539355375983209,0.535381276757384,0.000242020807384322,0.00038375202999003,-0.000450111441670846,0.000159452746945357,2.62743936964204e-05,-1.39426672541074e-06,-1.5215852895363e-05,-1.73789537154177e-05,0.707106781186548,0,0.5,0.5,2.58927565711519,6.02294127930554,9.59635238142647,18.2085693178473,0.0659475089086551,0.0676159101399648,0.120791943565641,0.0127714754829789
150,0.650226388668997,0.000631780011043055,0.538897655523934,0.535532035646141,0.000268285082243317,0.000382365448514395,-0.00046533064929317,0.000142060567576702,2.47757395073315e-05,-1.61657147182328e-06,-1.41636039236879e-05,-1.66768350085664e-05,0.707106781186548,0,0.5,0.5,1.97557349363698,5.3953310491903,10.7328183539475,18.1037228967749,0.0629706075180641,0.0647465083337277,0.113982219447021,0.0137348964047707
150.1,0.650253341052555,0.000670008475471707,0.538851051639801,0.535546158314402,0.000270762555166951,0.000382203864403722,-0.000466747045288995,0.000140392754347534,2.47737153489977e-05,-1.61511076900462e-06,-1.41643188897105e-05,-1.66794324913178e-05,0.707106781186548,0,0.5,0.5,1.91695143558131,5.3352258462808,10.8401950158095,18.0923722976717,0.0814256967781774,0.0858141619350641,0.141172941132646,0.026066917580595
150.6,0.650391818614944,0.000860908823079508,0.538615907422008,0.535614269214992,0.00028314682386225,0.000381398134442425,-0.000473830145498062,0.000132049743856039,2.47632689712431e-05,-1.60780979555005e-06,-1.41681543092298e-05,-1.6692682383568e-05,0.707106781186548,0,0.5,0.5,1.62384114530297,5.03469983173333,11.3770783251196,18.035619302156,0.0800757181606656,0.0845013633924944,0.138022145244618,0.0265549363085416
151,0.650507058175043,0.00101333960776087,0.538425241823161,0.535665753408747,0.000293050393427954,0.000380756178135385,-0.000479498074121685,0.000125370497261194,2.33279320221144e-05,-1.83602232266943e-06,-1.31450067851676e-05,-1.60025358578547e-05,0.707106781186548,0,0.5,0.5,1.38935291308029,4.79427902009534,11.8065849725676,17.9902169057434,0.0789897277798331,0.0834461135130798,0.135487416993064,0.0269484242998483
152,0.65081176903442,0.00139318008705957,0.53793916988584,0.535783118283945,0.000316367744374186,0.000378927092032846,-0.00049264722460555,0.000109354834056494,2.76801943269294e-05,-4.07112021277568e-06,-1.39402725370968e-05,-2.05460744836136e-05,0.707106781186548,0,0.5,0.5,0.829594641352573,4.21873366965881,12.8198169549232,17.8681452659347,0.0763792307182759,0.0809115643938136,0.129379522412566,0.0279112726995231
153,0.651141972872759,0.00177007451973823,0.537439551135683,0.535882194959528,0.000344035813417765,0.000374864673199271,-0.000506591757414372,8.87933028327295e-05,2.63763122724868e-05,-4.28813631147671e-06,-1.30175346199699e-05,-1.99566237698674e-05,0.707106781186548,0,0.5,0.5,0.127439678712196,3.47696314307078,14.0242147560198,17.6286175778029,0.0730487416944438,0.0775482917537414,0.12228420762477,0.0283128258234148
154,0.651499192695517,0.00214279792110971,0.536926449050963,0.535961004778969,0.000370399579034895,0.000370584924958289,-0.000519614056416895,6.88210794016873e-05,2.48711384490867e-05,-4.41102109384449e-06,-1.20521675178146e-05,-1.91659677424645e-05,0.707106781186548,0,0.5,0.5,0.551510024790804,2.75772272747438,15.1743167723029,17.3805294749866,0.0697905115096182,0.0742590073381312,0.115358156431813,0.028691362415936
155,0.651882023626916,0.00251118000280603,0.536400807225758,0.536020237728601,0.000395257971211349,0.000366181904797362,-0.000531671354509039,4.9639597649468e-05,2.34017099469943e-05,-4.52916120599794e-06,-1.11123139484049e-05,-1.83921841035326e-05,0.707106781186548,0,0.5,0.5,1.2008543354394,2.06837913853622,16.2613455352879,17.1288703383848,0.0666368486372052,0.0710801992981567,0.108647537552343,0.0290695103830188
156,0.652288978219214,0.00287509987043228,0.535863577951506,0.536060676154742,0.000418646893553259,0.000361660372976468,-0.000542789024070852,3.12321069874408e-05,2.1977769618507e-05,-4.64628860200335e-06,-1.02002623725872e-05,-1.76439132545298e-05,0.707106781186548,0,0.5,0.5,1.82123557650851,1.40827467940642,17.2868057034103,16.8738448063083,0.0635863900418416,0.0680099915344432,0.102150096359631,0.0294462852166539
157,0.652718609793029,0.00323443952506683,0.535315686997985,0.536083081326663,0.000440611972483475,0.000357021361369193,-0.000552994741123371,1.35731976331712e-05,2.0599120705849e-05,-4.76218449265622e-06,-9.31562380465835e-06,-1.69205441650058e-05,0.707106781186548,0,0.5,0.5,2.41358326705392,0.776427301718232,18.2526123431634,16.6154563778278,0.0606363461564512,0.0650449152503526,0.0958615063986972,0.0298197550081065
158,0.653169517191487,0.0035890821089471,0.534758032648525,0.536088189404817,0.000461198621105311,0.000352266120308211,-0.000562315807401276,-3.36194277223294e-06,1.92651051669668e-05,-4.87647392651895e-06,-8.4579164219212e-06,-1.62211083148984e-05,0.707106781186548,0,0.5,0.5,2.97881480993648,0.171871634242578,19.1606604789395,16.3537173032457,0.0577839308374402,0.0621815394155745,0.0897773946671844,0.0301880755858304
159,0.653640344336701,0.00393891220193761,0.534191486121069,0.53607671221741,0.000480451579264527,0.000347396274531048,-0.000570779056457329,-1.95971704740873e-05,1.79750202520569e-05,-4.98880028871791e-06,-7.62666966297823e-06,-1.55446719868699e-05,0.707106781186548,0,0.5,0.5,3.51782281112352,0.406326859265218,20.0128066758919,16.0886570055032,0.0550264231797051,0.059416540245606,0.0838934308031977,0.0305495326221134
160,0.654129779534559,0.0042838161867517,0.533616892031071,0.536049338199431,0.00049841487001147,0.000342413804799454,-0.000578410863899005,-3.5155419442214e-05,1.67281395350413e-05,-5.09883242039859e-06,-6.82142700886845e-06,-1.48903508391674e-05,0.707106781186548,0,0.5,0.5,4.03147511011386,0.959072215785145,20.8108686261381,15.8203213002392,0.0523611686529365,0.0567467013614147,0.0782053315719627,0.0309025384423885
160.1,0.654179704658574,0.00431803207508702,0.533559016835968,0.536045748201452,0.000500087573398329,0.0003419039820812,-0.0005790930539716,-3.66445829719764e-05,1.67259262494236e-05,-5.09762197037461e-06,-6.82237591500441e-06,-1.48929212563564e-05,0.707106781186548,0,0.5,0.5,4.08038913508722,1.01188888684374,20.8854443163024,15.7931662943716,0.0696190154495601,0.0754996916207713,0.102651258461579,0.0424674486087527
160.6,0.65443183872068,0.00448834711550182,0.533268617311085,0.536025563756024,0.000508447738171428,0.000339356683737505,-0.000582505451970493,-4.40942809954536e-05,1.67146839815238e-05,-5.09157205841431e-06,-6.82725284343466e-06,-1.49059083255363e-05,0.707106781186548,0,0.5,0.5,4.32495925995399,1.27597224213674,21.2583227671243,15.6573912650336,0.0684272312033615,0.0742896002656207,0.1000964166295,0.0426204148394821
161,0.654636554746452,0.00462368259223781,0.533035068842736,0.536006733290544,0.000515131777020037,0.000337321022413732,-0.000585237160457945,-5.00587498395706e-05,1.55237164966429e-05,-5.20626404626184e-06,-6.04174472319974e-06,-1.42573078190283e-05,0.707106781186548,0,0.5,0.5,4.52061535984742,1.48723892637113,21.5566255277818,15.5487712415633,0.0674677405508738,0.0733156312121422,0.0980424674670532,0.0427409042959629
162,0.655159444840196,0.00495840241146859,0.532446809307822,0.535949541785541,0.000530644825523783,0.000332120544306292,-0.000591283443850447,-6.43283944523943e-05,1.95308672044038e-05,-7.29431777665824e-06,-6.91713018933971e-06,-1.83269161132907e-05,0.707106781186548,0,0.5,0.5,4.98606361671591,1.99167289090876,22.251818503819,15.2740819961944,0.0651504808949938,0.0709629007720295,0.0930807161536845,0.0430326655133387
163,0.655699850636634,0.00528687831194158,0.531852065436827,0.53587604470007,0.00055016223520506,0.00032483377089087,-0.000598206212831828,-8.26710629343939e-05,1.84743264515633e-05,-7.38518786044595e-06,-6.24486079984974e-06,-1.77766987837905e-05,0.707106781186548,0,0.5,0.5,5.58579698619953,2.6433917706955,23.1233494962717,14.8941607393768,0.0622060418727926,0.0679260532865419,0.0873011688620735,0.0428309262972611
164,0.656259245648823,0.00560802192948377,0.531250734962719,0.535784480170943,0.00056862333896021,0.000317455904036839,-0.000604456614393064,-0.000100463161025603,1.7253070293612e-05,-7.38910184721469e-06,-5.53680655903022e-06,-1.70575816083575e-05,0.707106781186548,0,0.5,0.5,6.16493176692552,3.27419674002555,23.9507733810376,14.5116448740866,0.059311666141751,0.0649413926816394,0.0816424438835087,0.0426106149398816
165,0.656836491281139,0.00592178562686286,0.530643508185832,0.535675483288815,0.000585863626224694,0.000310073834332085,-0.000609998741629868,-0.000117535577249341,1.60586296446184e-05,-7.38902158824722e-06,-4.84605006783971e-06,-1.63492787351104e-05,0.707106781186548,0,0.5,0.5,6.71789284468771,3.87800653051298,24.7268205351691,14.1309211599685,0.0564935055383904,0.062037092228779,0.0761396752005362,0.0423909225666331
166,0.657430380152634,0.00622816720237167,0.530031084755697,0.535549768348714,0.000601909995379257,0.00030269156808838,-0.000614849820491954,-0.000133899065404448,1.48982888209997e-05,-7.3882947019753e-06,-4.17426929172504e-06,-1.56586133590817e-05,0.707106781186548,0,0.5,0.5,7.2451252419053,4.45528504247438,25.4525650017145,13.7521547173349,0.0537514116067634,0.0592126963350989,0.0707924403563059,0.0421716675855564
167,0.658039735417942,0.00652716678768987,0.52941414625327,0.535408035475498,0.000616796614227249,0.00029530976664996,-0.000619028765833033,-0.000149571216825142,1.37720711379091e-05,-7.38685792530786e-06,-3.52134171670049e-06,-1.49854320952153e-05,0.707106781186548,0,0.5,0.5,7.74730644961611,5.00674661462808,26.1293931401815,13.3753400759374,0.0510841725252743,0.0564666154804303,0.0655988782590282,0.0419519097466765
168,0.658663414407839,0.00681878520733312,0.528793355402974,0.53525096727663,0.00063055766396826,0.000287929154203353,-0.000622554378771069,-0.000164569477687864,1.26796851581672e-05,-7.38451541941246e-06,-2.88708593270053e-06,-1.43293205235425e-05,0.707106781186548,0,0.5,0.5,8.22511263926596,5.53310153577072,26.7586875547228,13.0004733796862,0.0484905333367487,0.0537972387382943,0.060557036073391,0.041730736001652
169,0.659300308485548,0.00710302410773721,0.52816935621611,0.535079229118124,0.000643227025288884,0.000280550650215209,-0.000625445287111179,-0.000178910887172706,1.16208000206573e-05,-7.38107809263703e-06,-2.27132175876045e-06,-1.36898737593318e-05,0.707106781186548,0,0.5,0.5,8.67920921024796,6.03504596505049,27.3418143056749,12.6275591303765,0.045969238012767,0.0512029787280892,0.0556649248579773,0.0415072918828788
170,0.659949342726729,0.00737988614915975,0.527542774163757,0.534893469526963,0.000654838239586509,0.000273175362670808,-0.0006277199459764,-0.00019261208643192,1.05950582996207e-05,-7.37636921881193e-06,-1.67387157765242e-06,-1.30667061455822e-05,0.707106781186548,0,0.5,0.5,9.11025040645706,6.51326174168649,27.8801220940063,12.2566099458629,0.0435190319749503,0.0486822733301995,0.0509205241265091,0.0412807811786407
170.1,0.660014879523077,0.00740716680544164,0.527479993798887,0.5348741429813,0.000655897658340388,0.000272437781576017,-0.000627887360587714,-0.00019391886172306,1.0593315587023e-05,-7.37525268204468e-06,-1.67442150357313e-06,-1.30688005338069e-05,0.707106781186548,0,0.5,0.5,9.1511132964876,6.55877722694563,27.9296040786401,12.219713555207,0.0481517010741107,0.0545049920804686,0.0467547158515515,0.0559019773030278
170.6,0.660344152151024,0.00754246402224515,0.527165840699468,0.534775549512168,0.000661192118381925,0.000268751550823611,-0.00062872527263389,-0.000200455893889696,1.0584494777286e-05,-7.36967045533375e-06,-1.67724803495182e-06,-1.3079349530259e-05,0.707106781186548,0,0.5,0.5,9.3554277466403,6.78635465324136,28.1770140018089,12.0352316019273,0.0470121902080891,0.0533123630820334,0.0446322342260123,0.0556923190641102
171,0.660609475567111,0.00764937518801414,0.52691421634836,0.534694320579688,0.000665424483016767,0.000265804575702905,-0.000629396639800646,-0.000205689337282245,9.60207843078901e-06,-7.37022439980845e-06,-1.09455966943213e-06,-1.24594504312343e-05,0.707106781186548,0,0.5,0.5,9.51887930676246,6.96841659427794,28.3749419403439,11.8876460393036,0.046095334428519,0.052352844908698,0.0429279617376816,0.0555202175995354
172,0.661279698425378,0.00791149644685226,0.526284271673654,0.534482398272707,0.00067501854293889,0.000258439737261617,-0.000630493483680436,-0.000218158540098455,7.85740101163792e-06,-1.02165058601289e-05,1.98173820698638e-06,-1.33318251568242e-05,0.707106781186548,0,0.5,0.5,9.90572783789238,7.40116436535921,28.8275869045453,11.5206947012938,0.0438741966698735,0.0500270676483656,0.0388133957667697,0.0550878685514695
173,0.661958644119755,0.00816483004623641,0.525654769411778,0.534257571233298,0.000682871266899736,0.000248229576848765,-0.000628510709888449,-0.000231498147397249,7.0049346571935e-06,-1.01661275496196e-05,2.45533738876549e-06,-1.27675876113432e-05,0.707106781186548,0,0.5,0.5,10.3154774239965,7.86654082521689,29.2091797594123,11.027161510199,0.0415298297625024,0.0475351404820936,0.034933484770229,0.054131485474367
174,0.662645016518938,0.00840797861537906,0.525027486859414,0.534019686922035,0.000689872168858313,0.000238069617848656,-0.000626053926884966,-0.000244272865417936,6.20565695803322e-06,-1.00123678655502e-05,2.82398634328368e-06,-1.21621880219318e-05,0.707106781186548,0,0.5,0.5,10.7054828828521,8.3112429526961,29.5541966347377,10.5374707991895,0.0392388049559429,0.0450994671614954,0.0311763758450464,0.0531618962723919
175,0.663337990369695,0.00864104403542611,0.524402845521819,0.533769330796452,0.000696074360829659,0.000228063208761578,-0.000623228171369521,-0.000256441570388851,5.43338936914034e-06,-9.85523631676811e-06,3.17585336159322e-06,-1.1568946009321e-05,0.707106781186548,0,0.5,0.5,11.0746488141466,8.73379379837595,29.8647235831199,10.0562809705974,0.037007092988972,0.0427276111288832,0.0275371193150056,0.0521975848028496
176,0.664036780469631,0.00886418154501084,0.523781205983131,0.533507102790507,0.00070150486031924,0.000218213729811548,-0.00062005021767922,-0.000268016420986381,4.68699039825668e-06,-9.69831989847356e-06,3.5142562979653e-06,-1.09897114628768e-05,0.707106781186548,0,0.5,0.5,11.4234493861477,9.13469341482188,30.1418522453863,9.58370944441684,0.0348341837779612,0.0404189060086588,0.0240138577140202,0.0512392320725998
177,0.664740628062776,0.00907754796985636,0.523162913712055,0.533233589753942,0.000706189542333356,0.000208520975317844,-0.000616533522364211,-0.000279011427554001,3.96605494773291e-06,-9.54175101394801e-06,3.83951912624365e-06,-1.04243654230386e-05,0.707106781186548,0,0.5,0.5,11.7524118419157,9.51450908791677,30.3866302588461,9.11970932901374,0.0327193110330713,0.0381723723205793,0.0206048036806081,0.0502868796730425
178,0.665448800064436,0.00928129986366616,0.522548300881721,0.532949364584731,0.000710153873261118,0.000198984606784415,-0.000612691221009586,-0.000289440484168757,3.27018880840437e-06,-9.38553990175545e-06,4.15185732515339e-06,-9.87271825872479e-06,0.707106781186548,0,0.5,0.5,12.0620588903051,9.87380217996201,30.6000887488882,8.66422767862119,0.0306616892269879,0.0359870212118597,0.0173081589464517,0.0493405514923959
179,0.6661605886581,0.0094755934363763,0.521937686636469,0.532654986380766,0.000713422921978426,0.000189604275020408,-0.00060853623655429,-0.000299317297736969,2.59898899784914e-06,-9.22969418135829e-06,4.45148004523103e-06,-9.33458200486072e-06,0.707106781186548,0,0.5,0.5,12.3529064285069,10.2131253464143,30.7832429523018,8.21721117738067,0.0286605235141255,0.0338618664453408,0.0141221139241072,0.048400276035359
180,0.666875310893627,0.00966058454477403,0.521331377301414,0.532351000626271,0.000716021351365135,0.000180379622770788,-0.000604081285351667,-0.000308655389407246,1.95204423740147e-06,-9.0742230864099e-06,4.73859405571527e-06,-8.80977268955218e-06,0.707106781186548,0,0.5,0.5,12.6254633710408,10.5330224525735,30.9370921203249,7.77860629671066,0.0267150110076793,0.0317959251890349,0.0110448492171113,0.0474660869796029
180.1,0.666946922789009,0.00967857713756281,0.521270992867135,0.532320091037502,0.000716216556497155,0.000179472249276864,-0.000603607387375442,-0.000309536395620007,1.95205777953286e-06,-9.07324677018696e-06,4.73936496777725e-06,-8.81035203077413e-06,0.707106781186548,0,0.5,0.5,12.6509401906288,10.5631230669997,30.9496448500947,7.73558159246625,0.0396111715041377,0.0453148447444536,0.0235716335776096,0.0613543826709817
180.6,0.667305275075937,0.00976717930980195,0.52096978175358,0.532164221423975,0.00071719259217976,0.000174936846641641,-0.000601236749389897,-0.000313942303368398,1.95206935262718e-06,-9.06836322702639e-06,4.74317445900331e-06,-8.81329058549866e-06,0.707106781186548,0,0.5,0.5,12.7783242885687,10.7136261391307,31.0124084989435,7.5204580712442,0.0386989773558164,0.044328154029359,0.0221876377184667,0.0608394936667087
181,0.667592308277206,0.00983642868363125,0.520729666587929,0.53203793937565,0.000717973410287194,0.000171310283116429,-0.000599338879294835,-0.000317468098323518,1.32893591653338e-06,-8.91913755088921e-06,5.01340419430813e-06,-8.29811000330934e-06,0.707106781186548,0,0.5,0.5,12.8802315669206,10.8340285968356,31.0626194180226,7.34835925426655,0.037965472250371,0.043534930325817,0.0210786019301411,0.0604218006460469
182,0.668310946353755,0.0100032809751952,0.520132835797218,0.531716321433735,0.000719302926528763,0.000162395877788689,-0.000594321327507074,-0.000325768585060751,3.30932287547148e-06,-1.13921269758722e-05,5.50924778415169e-06,-1.12209285681171e-05,0.707106781186548,0,0.5,0.5,13.1177057281718,11.1166701409644,31.16079183709,6.92641596795393,0.0361815876493596,0.0416055728685607,0.0183991040418859,0.0593880564760343
183,0.66903190351864,0.0101599828327674,0.51954127031477,0.53138494075649,0.000722610954993245,0.000151009881179704,-0.000588808435839533,-0.000336994416025153,2.76616845664521e-06,-1.12144263006205e-05,5.71512012530417e-06,-1.0747742527514e-05,0.707106781186548,0,0.5,0.5,13.4551874447888,11.5036622087379,31.3481557382639,6.38930608473733,0.0340051327186338,0.0392656691084729,0.015375563654456,0.0578952381726507
184,0.669755897251542,0.010305387495389,0.518955320718435,0.531042570970896,0.000725376180673346,0.000139801439220042,-0.000583089496038679,-0.000347746671181973,2.156444837289e-06,-1.09495454831527e-05,5.90254937502073e-06,-1.01710261862245e-05,0.707106781186548,0,0.5,0.5,13.7768118755228,11.8735037926009,31.5117006941345,5.86138502601094,0.0318605363398419,0.036962231765598,0.0124246263636621,0.0563981417417778
185,0.670482351493694,0.0104397160929629,0.518375183846064,0.530689737451125,0.000727532120526259,0.000128857687596744,-0.000577182917193082,-0.000357921720386138,1.56286269353409e-06,-1.06832541127195e-05,6.0807911653552e-06,-9.60189723011264e-06,0.707106781186548,0,0.5,0.5,14.0790893859504,12.2225454586079,31.6483684641232,5.34673361956498,0.0297620402304928,0.0347101655656064,0.00955959027300216,0.0549126155230971
186,0.671210665032995,0.0105632340228902,0.51780104274559,0.530327013610019,0.000729094924849674,0.000118180042224016,-0.000571097879021499,-0.000367527149389338,9.88041512007448e-07,-1.04185329334099e-05,6.25032273069037e-06,-9.0440973737793e-06,0.707106781186548,0,0.5,0.5,14.3623031723203,12.5511113651662,31.7588044478899,4.84538991040356,0.0277100868183323,0.0325097719669703,0.00678011407771622,0.0534397447075864
187,0.671940254115657,0.0106762066085744,0.517233071522836,0.529954963402071,0.000730083358246809,0.000107766939652436,-0.000564843087033856,-0.000376574290885364,4.31888608045483e-07,-1.01555924130716e-05,6.41132310922718e-06,-8.49774061252875e-06,0.707106781186548,0,0.5,0.5,14.6268630282901,12.8596581619818,31.8437722541367,4.35725106386492,0.025704624912485,0.0303608341659353,0.00408536637185404,0.0519800927065663
188,0.672670553705324,0.010778897504659,0.516671435666965,0.529574139391449,0.000730516090156902,9.76166057353345e-05,-0.000558427069698071,-0.00038507459345089,-1.05790815749408e-07,-9.89454592451138e-06,6.56395811240626e-06,-7.96281517417819e-06,0.707106781186548,0,0.5,0.5,14.8731826803778,13.1486451784576,31.9040324573435,3.88220459850817,0.0237455572736981,0.0282630932547529,0.00147447066450613,0.0505341798639448
189,0.67340101733694,0.010871568534863,0.516116292220975,0.529185082699086,0.000730411593002963,8.77271526783966e-05,-0.000551858191476557,-0.00039303949551658,-6.25204981027219e-07,-9.63549911702458e-06,6.70839015628409e-06,-7.43930163698758e-06,0.707106781186548,0,0.5,0.5,15.1016754000893,13.4185298167496,31.9403382411648,3.42013302432608,0.021832756685288,0.0262162651960455,-0.00105347818287609,0.0491025000642096
190,0.674131116913075,0.0109544795821971,0.515567789944054,0.528788323016703,0.000729788128937133,7.80965867703097e-05,-0.00054514465606885,-0.000400480417566991,-1.12657187370338e-06,-9.37855298778824e-06,6.84477881013642e-06,-6.92717681638787e-06,0.707106781186548,0,0.5,0.5,15.312753594584,13.669767177496,31.9534349976597,2.97091422557976,0.0199660675279385,0.0242200422865292,-0.00349941200359504,0.0476855218180627
190.1,0.674204090093855,0.0109622423497016,0.515513309704146,0.528748240338689,0.000729675494123897,7.71587792441044e-05,-0.000544460124052545,-0.000401173146465578,-1.12612499331124e-06,-9.37759751393986e-06,6.84586101138465e-06,-6.92740162392204e-06,0.707106781186548,0,0.5,0.5,15.3321610891455,13.6930714433901,31.9524975051574,2.92726497262193,0.0183313532663457,0.0231398289617676,-0.0125741039956236,0.0540452862237369
190.6,0.674568787167075,0.0109996497387403,0.515241935599102,0.528546787792394,0.000729112980436728,7.24711751920094e-05,-0.000541035848991496,-0.000404637135899813,-1.12394482490824e-06,-9.37281813867062e-06,6.85122662875571e-06,-6.92856782248284e-06,0.707106781186548,0,0.5,0.5,15.4291985619528,13.8095927728604,31.9478100426459,2.70901870783277,0.0175059951203482,0.0222401173995014,-0.0135293857660722,0.0532754982859217
191,0.674860342488823,0.0110278884853756,0.515026069470973,0.52838437862668,0.000728663740237346,6.87228130440369e-05,-0.000538294509113418,-0.000407408758236619,-1.61011846988417e-06,-9.1238040693975e-06,6.97328101937021e-06,-6.42641380480225e-06,0.707106781186548,0,0.5,0.5,15.5068285401987,13.9028098364366,31.9440600726367,2.53442169600143,0.0168429766405443,0.0215176698245334,-0.014294132924359,0.0526547793894367
192,0.675588202047493,0.0110920509397967,0.514491263468876,0.527973756425814,0.000727056240472222,5.96036397508036e-05,-0.000531315640673199,-0.000413835890451731,-3.81071246642172e-06,-1.01694498541274e-05,9.15699393550924e-06,-5.70036053541888e-06,0.707106781186548,0,0.5,0.5,15.6843101299693,14.1181076340421,31.9129425283582,2.11052476434688,0.0152310311312483,0.0197618023429972,-0.0161337491115645,0.05112658258581
193,0.676313354805626,0.0111465715440242,0.51396452904172,0.527557070790731,0.000723251130960219,4.94392586680694e-05,-0.000522150513367927,-0.000419534959424803,-4.16363764833978e-06,-9.88822601100848e-06,9.19324131867802e-06,-5.25638592099393e-06,0.707106781186548,0,0.5,0.5,15.8340298379264,14.3093835756494,31.7858652467929,1.64245183321717,0.0137003818932036,0.0180732386647322,-0.017644099290776,0.0494177198487117
194,0.677034526067508,0.011191068329032,0.513446977881646,0.527134908165267,0.000719093324441714,3.95559512203652e-05,-0.00051294908995934,-0.00042478977952199,-4.44851470474025e-06,-9.56977913945744e-06,9.15907228199507e-06,-4.82993414985555e-06,0.707106781186548,0,0.5,0.5,15.9694206615109,14.485051221622,31.6424351756456,1.18796329251287,0.0122059601831464,0.0164262701007302,-0.0190945250596023,0.0477267553434789
195,0.677751397132147,0.011225840975332,0.512938611052046,0.52670770401791,0.000714650785018134,2.99909265234057e-05,-0.00050378186025834,-0.000429617930360968,-4.72087851560717e-06,-9.25429150168125e-06,9.1198281828245e-06,-4.41314166858074e-06,0.707106781186548,0,0.5,0.5,16.0912052628269,14.6457088463781,31.4855793330957,0.748665223890751,0.0107463149764257,0.0148199343747279,-0.0204940010490016,0.0460602504001551
196,0.678463689522424,0.0112512062875433,0.512439391821954,0.526275880186277,0.000709936023373392,2.07412297989896e-05,-0.000494653898548366,-0.000434029077263777,-4.98259097795034e-06,-8.943085028049e-06,9.07766884202043e-06,-4.00575193033217e-06,0.707106781186548,0,0.5,0.5,16.19970567469,14.7917261985212,31.3158304081754,0.324398534964244,0.00932135314599866,0.013253962240752,-0.0218434001316735,0.0444187155184241
197,0.679171136341487,0.0112674774546908,0.511949279466544,0.525839848971251,0.000704959689877456,1.18025847861147e-05,-0.000485568117760301,-0.000438032628067866,-5.23384674737994e-06,-8.63626929284674e-06,9.0327657309716e-06,-3.60772912981873e-06,0.707106781186548,0,0.5,0.5,16.2952310313593,14.9234644728848,31.1336413093798,0.085054194864218,0.00793100376126072,0.0117280878662668,-0.0231433535168254,0.0428024451443529
198,0.679873481245254,0.0112749633347092,0.511468230433576,0.5254000132836,0.000699732239435942,3.1706055237404e-06,-0.000476527260005657,-0.000441637955330956,-5.47479220665583e-06,-8.3339110792048e-06,8.98522471355214e-06,-3.21904060868801e-06,0.707106781186548,0,0.5,0.5,16.3780896393049,15.0412824708831,30.9394571857741,0.479914924413772,0.00657517634591229,0.0102420299498704,-0.0243944950803693,0.0412117013761519
199,0.680570478271083,0.0112739683661337,0.510996198481406,0.524956766677695,0.000694263979753271,-5.15916087280799e-06,-0.000467533962196631,-0.000444854399468183,-5.70557561106686e-06,-8.03607078835632e-06,8.93514661333713e-06,-2.83965051920212e-06,0.707106781186548,0,0.5,0.5,16.4485891745202,15.1455366308506,30.7337175752848,0.860408230085855,0.00525376019871594,0.00879549180406381,-0.0255974683818549,0.0396467203846346
200,0.681261891689656,0.0112647925043688,0.510533134781689,0.524510493385258,0.000688565069521961,-1.31912278266764e-05,-0.000458590761034175,-0.000447691265509976,-5.92634838970928e-06,-7.74280369338081e-06,8.88262924169516e-06,-2.46951966678505e-06,0.707106781186548,0,0.5,0.5,16.5070365087759,15.2365808905363,30.5168563810007,1.22676101831136,0.00396662501601084,0.00738816195514128,-0.0267529262958339,0.038107713266986
