0,1,0,0,0,0,0,0,0,-0,0,0,0,0.707106781186548,0,0.5,0.5,0,0,0,0,0,0,0,0
0.1,1,0,0,0,0,0,0,0,0,-2.33524333906192e-08,0.00153022417676989,0.00152682225365718,0.707106781186548,0,0.5,0.5,0,0,0,0,-4.0827173361197,-4.08283355038841,-7.89038471243006,-0.275166174078053
0.6,0.99999996401585,-2.90478370265109e-09,0.000189904362703242,0.000189485174385957,-2.86838791263584e-07,-1.16041254388585e-08,0.000756884926077839,0.000755220200448197,-1.71072583434779e-06,-2.31707214075764e-08,0.00149743352750763,0.00149417593754834,0.707106781186548,0,0.5,0.5,17.9513591827246,17.9518725940243,34.6937283636216,1.20950341312734,-3.99542111168228,-3.99553646684255,-7.72149677923133,-0.269460799293503
1.6,0.99999716758985,-2.62304135543087e-08,0.00168480728474419,0.00168114148396638,-7.47224409235307e-06,-3.52700775342903e-08,0.00222233401585896,0.00221755183812268,-1.46778513936773e-05,-2.44970893457299e-08,0.0014339073121026,0.00143092766951691,0.707106781186548,0,0.5,0.5,52.7106655667177,52.7122298654086,101.869078996569,3.55381643555774,-3.82634360461075,-3.82646669280489,-7.39440359292977,-0.258406704485879
2.6,0.999978757986627,-7.41936429184181e-08,0.00461382533076116,0.00460393216001323,-3.33848455179922e-05,-6.11608991108902e-08,0.00362553010719209,0.00361790163868783,-3.88778912866175e-05,-2.75145563645545e-08,0.00137286861916636,0.00137015356280299,0.707106781186548,0,0.5,0.5,85.9981295008668,86.0008649914298,166.197052026305,5.80194246599203,-3.66416759168666,-3.66430978174536,-7.08067884489677,-0.247798528535243
3.6,0.999920671605615,-1.49762926901117e-07,0.00891588556322243,0.00889704897011177,-8.84244059511284e-05,-9.06656374080475e-08,0.00496876502238554,0.00495854874908207,-7.26720683070472e-05,-3.16340771175518e-08,0.00131390822004765,0.0013114458090537,0.707106781186548,0,0.5,0.5,117.872195430447,117.876317631905,227.790860914709,7.95765214764341,-3.50821622306712,-3.50838760224659,-6.77901200587933,-0.237591819434378
4.6,0.999789238216471,-2.57015550725284e-07,0.0145319857859038,0.0145017425015668,-0.000181429401875606,-1.24626459095388e-07,0.0062538732883432,0.00624131656705563,-0.000114571467381834,-3.63479315366338e-08,0.00125652600086951,0.00125430594697245,0.707106781186548,0,0.5,0.5,148.384714375344,148.390523483854,286.750954881262,10.0242829779362,-3.35768806159485,-3.35789762061229,-6.48785183669465,-0.227733845512494
5.6,0.999542672455714,-4.00628426358747e-07,0.0214046968562686,0.0213608261174473,-0.000319811449002163,-1.63411043353263e-07,0.007482156211747,0.00746749699339157,-0.000163206140060496,-4.1211972787957e-08,0.00120016014141267,0.00119817393396632,0.707106781186548,0,0.5,0.5,177.579969688006,177.587841492185,343.163136809299,12.0046743708924,-3.21168653277505,-3.21194230817985,-6.20546333974371,-0.218165501211196
6.6,0.999132446302917,-5.8543255524005e-07,0.0294776029719046,0.0294181180131603,-0.000509659023212189,-2.0696770536673e-07,0.00865433311185184,0.00863780174346063,-0.000217294836916612,-4.58289774061667e-08,0.00114421245037019,0.00114245339131133,0.707106781186548,0,0.5,0.5,205.493951657462,205.504329542804,397.097162373015,13.9011188272512,-3.06924658967031,-3.06955576711531,-5.92997932067961,-0.208823036106006
7.6,0.998504572694599,-8.16014566636214e-07,0.038694705358285,0.0386178467103808,-0.000755811789361276,-2.54864727684411e-07,0.009770516434031,0.00975233745623105,-0.000275616686848721,-4.98338142182448e-08,0.0010880709593824,0.00108653412106117,0.707106781186548,0,0.5,0.5,232.153859484023,232.167247195514,448.605778823133,15.7153278564043,-2.92935931959568,-2.92972830178658,-5.65944796672032,-0.199639654661937
8.6,0.997600828507791,-1.0963505459097e-06,0.0489998120270601,0.0489040425801456,-0.0010619080362361,-3.06316003293458e-07,0.010830208471213,0.0108106023391145,-0.000336985892230289,-5.28809790053826e-08,0.00103113067685513,0.00102981279240814,0.707106781186548,0,0.5,0.5,257.577815255874,257.594770122086,497.724173684733,17.4484116932284,-2.79099513452005,-2.79142957775263,-5.39187768354115,-0.190547028731526
9.6,0.996359942143279,-1.42945972305873e-06,0.0603359344152223,0.060219936137797,-0.0014304086953081,-3.60195579241743e-07,0.0118323182110845,0.0118115028749269,-0.000400230340482662,-5.46349246598822e-08,0.000972813179190004,0.00097171247274821,0.707106781186548,0,0.5,0.5,281.774779784511,281.795906141739,544.469813731204,19.1008721950459,-2.65312607510212,-2.65363089841069,-5.12528021595151,-0.18147675756131
10.1,0.995593378499326,-1.61640332103159e-06,0.0663724569562249,0.0662459179367239,-0.00163850930961131,-3.87602886688294e-07,0.0123112850343673,0.0122899464294585,-0.000420370939659211,-1.68865482013045e-07,0.000854192113750754,0.000853312338017654,0.707106781186548,0,0.5,0.5,293.413459071063,293.43691068958,566.953509437703,19.8968603229396,-2.34562787478041,-2.3467152313824,-4.5317148746207,-0.160628231542106
10.6,0.994720376974556,-1.83111972573708e-06,0.0726336698418241,0.0724963560018962,-0.00185589357835838,-4.70865794858361e-07,0.0127311496893126,0.0127093979146017,-0.000449130288855632,-1.64101683586173e-07,0.000825189524219903,0.000824416575099565,0.707106781186548,0,0.5,0.5,303.691658400233,303.719973018107,586.810971210334,20.6006602080063,-2.27936846242437,-2.28046939955338,-4.40356987493974,-0.156267987038006
11.6,0.992630426115904,-2.38227360098343e-06,0.0857675850067163,0.0856081684502068,-0.00233343683206582,-6.29587541419634e-07,0.0135267651682621,0.0135043470141031,-0.000505685410525868,-1.52970947303537e-07,0.000765691544679377,0.000765131630133074,0.707106781186548,0,0.5,0.5,323.361960194229,323.400189596804,624.812193790631,21.9499560004018,-2.14607617773049,-2.14720629816151,-4.14579465852087,-0.147487817371124
12.6,0.990034967909331,-3.08620226172566e-06,0.099667004910922,0.0994849256889289,-0.00286655211894739,-7.76023118528651e-07,0.0142617860534712,0.0142389143104657,-0.000560103510377074,-1.39486954034055e-07,0.000703956362228802,0.000703609054003833,0.707106781186548,0,0.5,0.5,341.840529480187,341.888943153796,660.508725376844,23.2207472571395,-2.0111160300386,-2.01227748535172,-3.88480827357573,-0.138585241814596
13.6,0.986879669834974,-3.92940117467134e-06,0.114270176228493,0.114065087014748,-0.00345258929345345,-9.07694763133387e-07,0.01493385865431,0.0149107458096542,-0.000611357997468939,-1.23403626806252e-07,0.000639766801563451,0.000639631866311346,0.707106781186548,0,0.5,0.5,359.109418225005,359.168301757473,693.865984220398,24.4117357620796,-1.87380134604147,-1.8749956006487,-3.61928312025961,-0.129513826430561
14.6,0.983113362793037,-4.89576830264738e-06,0.12951289959184,0.129284665421356,-0.0040878720746529,-1.02188890280198e-06,0.0155404612410381,0.0155173195066643,-0.000658424847394851,-1.04496958429348e-07,0.000573005633970057,0.000573082697617385,0.707106781186548,0,0.5,0.5,375.145017565022,375.214666361788,724.838444513303,25.521239413508,-1.7335476836901,-1.73477547546999,-3.34808941012513,-0.120233749034955
15.6,0.978689064092496,-5.96638095037155e-06,0.145328413116631,0.145077110982944,-0.00476770640876518,-1.11568316925152e-06,0.0160790086766856,0.0160560496769761,-0.00070029501069359,-8.25752226826814e-08,0.000503664590574908,0.000503952794659656,0.707106781186548,0,0.5,0.5,389.919032286688,389.999744944004,753.371521837283,26.5472553934093,-1.5898874206949,-1.5911487238293,-3.07032335891726,-0.110712785606931
16.6,0.973564985076132,-7.11930503095585e-06,0.161647384682408,0.161373302650607,-0.00548640360999973,-1.18598450491976e-06,0.0165469648882583,0.0165243990042303,-0.000735991473085633,-5.74908546945263e-08,0.000431850924965852,0.000432348585047489,0.707106781186548,0,0.5,0.5,403.399578993237,403.4916503645,779.403697627563,27.4875317301731,-1.44248291561589,-1.44377690931749,-2.78533261662248,-0.100927208310891
17.6,0.96770550637661,-8.32944857971638e-06,0.178398019479759,0.17810165497465,-0.00623732262362609,-1.22957972207693e-06,0.016941960416995,0.0169199957946556,-0.000764590307256731,-2.91533553443968e-08,0.000357790906587516,0.000358495184182582,0.707106781186548,0,0.5,0.5,415.552393072464,415.656107095866,802.868853844648,28.3396463236816,-1.29113773767277,-1.29246278432728,-2.49273796039296,-0.0908625616070873
18.6,0.961082099829401,-9.56847235362832e-06,0.195506286268549,0.195188343210946,-0.00701293496016305,-1.24319915415253e-06,0.017261911681197,0.0172407529237626,-0.000785244785793081,2.45757153666812e-09,0.000281829661593048,0.000282736262108143,0.707106781186548,0,0.5,0.5,426.3421248933,426.457747279144,823.698779983243,29.1010921892012,-1.13580542041991,-1.13715905637838,-2.19245019680416,-0.0805142799941307
19.6,0.953674173029093,-1.08047705776861e-05,0.212896262147521,0.212557646637676,-0.00780491478652003,-1.22359318567924e-06,0.0175051380463834,0.0174849846228314,-0.000797211363015104,3.72795582941028e-08,0.00020442687792548,0.000205529787557619,0.707106781186548,0,0.5,0.5,435.733700773882,435.861471676856,841.825805102017,29.7693673487214,-0.976595191950787,-0.977974133775619,-1.88468121523047,-0.0698881104959377
20.1,0.94967193432139,-1.14111413066955e-05,0.221672758572804,0.22132420820773,-0.00820425077354456,-1.20034216170069e-06,0.0175975917900201,0.0175780137348969,-0.000388783507178073,1.21729700313717e-07,-0.000716526368811995,-0.000713525075722301,0.707106781186548,0,0.5,0.5,439.894638643104,440.028563902178,849.855394353048,30.0678081922351,1.58257914471959,1.58106432355,3.06060261875683,0.103040849512756
20.6,0.945522479545808,-1.19952253780079e-05,0.230382346722162,0.230024378813313,-0.00839105187028341,-1.13428297840792e-06,0.0172414759106775,0.0172233764784634,-0.000358585336298701,1.42264433888401e-07,-0.000707944979600866,-0.00070503143513469,0.707106781186548,0,0.5,0.5,432.905381068402,433.045852508052,836.338431127691,29.612802448764,1.56266041686892,1.56122919086309,3.02203719328061,0.101852414451401
21.6,0.936961878986346,-1.30520060798506e-05,0.247272696495888,0.246898057350953,-0.00872056162249545,-9.73138537879552e-07,0.0165420640125836,0.0165267927204825,-0.000301055004411345,1.79110862006993e-07,-0.00069090163811297,-0.000688157619322871,0.707106781186548,0,0.5,0.5,419.18068975821,419.333172123035,809.795973045868,28.7178888353775,1.52593864019313,1.52466568436755,2.95093358496854,0.0996707395921343
22.6,0.928099923842188,-1.39301152425888e-05,0.26347213579759,0.263083570046351,-0.00899436048755655,-7.77818828083879e-07,0.0158596372379644,0.0158470282879289,-0.000247122222835507,2.10682885395041e-07,-0.000673964851653784,-0.000671383020940205,0.707106781186548,0,0.5,0.5,405.765979614719,405.929116857507,783.853770365548,27.8413261066786,1.49280963207182,1.49168359849275,2.8867794732985,0.0977137572660679
23.6,0.918990565527557,-1.4597948865378e-05,0.278997605884582,0.278597695914579,-0.00921593008824509,-5.5340237175433e-07,0.0151941167907537,0.0151840113879702,-0.000196562879662013,2.37364766721268e-07,-0.00065708101895497,-0.000654654689128064,0.707106781186548,0,0.5,0.5,392.632072408161,392.804606562681,758.455385655097,26.9812933157465,1.46266472011567,1.46167488476674,2.82839679651956,0.0959428083628526
24.6,0.909684378563382,-1.50287964177379e-05,0.293865994070288,0.293457166722794,-0.00938854950637225,-3.04604254162781e-07,0.0145454716032258,0.0145377173591565,-0.000149194395667351,2.59500732832489e-07,-0.000640208382147541,-0.00063793141108903,0.707106781186548,0,0.5,0.5,379.754889140552,379.935654916436,733.554250407778,26.1362936492107,1.4349643424441,1.43410057413402,2.77474139795414,0.0943235186239784
25.6,0.900228743901015,-1.52004958829902e-05,0.308094175462926,0.307678708183011,-0.00951533222753129,-3.58116242007989e-08,0.0139137063172519,0.0139081567530979,-0.000104866783493406,2.77403742957413e-07,-0.000623317266424182,-0.000621183961779783,0.707106781186548,0,0.5,0.5,367.114860398961,367.302780035874,709.112522607727,25.3051178271087,1.40923255697476,1.40848528995288,2.72489237386325,0.0928254730643915
26.6,0.890667999542227,-1.50951202103855e-05,0.321699042669196,0.321279069205118,-0.00959925482752901,2.48888707132626e-07,0.0132988493293987,0.013295363469482,-6.34550494240156e-05,2.91362563200871e-07,-0.000606389741160987,-0.000604394775895253,0.707106781186548,0,0.5,0.5,354.696383868611,354.890462220331,685.100035786343,24.486810302599,1.38505191372664,1.38441212322109,2.67804212625834,0.0914219106893862
27.6,0.881043566064619,-1.4698688083121e-05,0.334697523788943,0.334275039525296,-0.00964317867708548,5.45688987529588e-07,0.0127009413982218,0.0126993834422508,-2.48528069352816e-05,3.01647367092518e-07,-0.000589418857854601,-0.000587557196935875,0.707106781186548,0,0.5,0.5,342.487325974716,342.686645800146,661.493333682271,23.6806380925921,1.36205864750349,1.36151782753174,2.6334870379971,0.0900894370381288
28.6,0.871394053449193,-1.40008933847741e-05,0.347106589452207,0.346683456450141,-0.00964986581408529,8.51044194977169e-07,0.012120025170902,0.0121202642340379,1.10330218366262e-05,3.08514067731144e-07,-0.000572407592785952,-0.000570674430843042,0.707106781186548,0,0.5,0.5,330.478564963848,330.682282407192,638.274785280937,22.8860620901037,1.33993815656817,1.33948829948468,2.59061870347347,0.088807752579379
29.6,0.861755354518421,-1.2994849015519e-05,0.358943249947265,0.358521201754177,-0.00962199001211695,1.16165948637822e-06,0.01155613587026,0.0115580457802272,4.42865340075493e-05,3.12207572057476e-07,-0.000555367599379542,-0.000553758308856919,0.707106781186548,0,0.5,0.5,318.663573007563,318.870913254244,615.431775537221,22.1027107245853,1.31842074034277,1.31805431768792,2.54891566259657,0.0875593954341202
30.1,0.856950554613011,-1.23749553646927e-05,0.364652252131822,0.364231357533237,-0.00959590426173579,1.31797598744779e-06,0.0112805832959966,0.0112832827437076,0.000223492326852058,4.15756497784068e-07,-0.000739029573649646,-0.000737658835880439,0.707106781186548,0,0.5,0.5,312.827315251164,313.036196772554,604.14834402613,21.7151679975883,1.90722617499828,1.90807347739712,3.68664039822382,0.128659254171577
30.6,0.852181022069856,-1.16646876573733e-05,0.37020118681762,0.369781809675295,-0.0094812877676709,1.52171681759485e-06,0.0109171830847472,0.0109205463270621,0.000234751657637415,3.99220893184977e-07,-0.000714697710871235,-0.000713412595846579,0.707106781186548,0,0.5,0.5,304.46250386822,304.667656286274,587.979135621889,21.1510245326052,1.85703351883267,1.85786422019689,3.58952408763093,0.125373651398628
31.6,0.842820436004567,-9.94883718266463e-06,0.380768881140222,0.380353482578136,-0.00923676041530787,1.90452959008408e-06,0.0102259421440059,0.0102305094836886,0.000253507076595216,3.66498303510206e-07,-0.000668276303660956,-0.00066715067954133,0.707106781186548,0,0.5,0.5,288.387179199537,288.585091804711,556.906702709761,20.0655682944878,1.76066016264138,1.76145846271196,3.40306124151089,0.119057383842456
32.6,0.833712987382561,-7.86643080124067e-06,0.39066805801855,0.390257764883391,-0.00897575261801784,2.2549435071623e-06,0.0095796659815749,0.00958528536272007,0.000267822664470589,3.34463976496641e-07,-0.000624747985295355,-0.00062376717836181,0.707106781186548,0,0.5,0.5,273.145669392049,273.336625523737,527.447526982371,19.0347679334149,1.6693824222386,1.67014937459678,3.22646647661058,0.113065320224798
33.6,0.824873043430694,-5.44948481791738e-06,0.399942256299713,0.399538050525331,-0.00870238748212965,2.57375976697293e-06,0.00897552376683266,0.0089820572284062,0.000278318555445866,3.0333465050685e-07,-0.00058398664185896,-0.000583137125931439,0.707106781186548,0,0.5,0.5,258.693966935721,258.878240644818,499.516384268728,18.055823311812,1.58291366600231,1.58365030669663,3.05918428181518,0.107379690883762
34.6,0.816311145399785,-2.72911472521162e-06,0.40863224847385,0.408234980612696,-0.00842020641661361,2.86197041108553e-06,0.00841081485791111,0.00841813741736656,0.000285539489526564,2.73276732466344e-07,-0.000545858694272314,-0.000545128027794148,0.707106781186548,0,0.5,0.5,244.990527761816,245.168383969516,473.032824755269,17.1260869760635,1.5009859947789,1.50169334166818,2.90069546470543,0.101983871741648
35.6,0.808034554007817,2.64631879241661e-07,0.416776173950151,0.41638657562029,-0.00813224023471517,3.12071215506377e-06,0.00788297436907412,0.00789097297032725,0.000289963253502704,2.44414414287235e-07,-0.000510226744206336,-0.000509603504795539,0.707106781186548,0,0.5,0.5,231.996111824814,232.167806487143,447.920863896233,16.2430544157243,1.42334867403685,1.42402772615531,2.75051411208403,0.0968622881081283
36.6,0.800047727860119,3.50290006339093e-06,0.424409676219696,0.424028371532711,-0.00784107223791655,3.35122774033653e-06,0.00738957551231701,0.00739814803964768,0.000292008284628062,2.16836626079923e-07,-0.000476952407513336,-0.00047642612582063,0.707106781186548,0,0.5,0.5,219.673636870502,219.839417148385,424.108698888007,15.4043551308804,1.34976673156086,1.3504184685121,2.60818487135921,0.0920003287137504
37.6,0.792352742455092,6.95811698558604e-06,0.431566041059044,0.431193557094843,-0.00754889409076059,3.55483372224599e-06,0.00692832944727742,0.0069373838051341,0.000292040495249977,1.9060297934483e-07,-0.000445898487162593,-0.00044545958140183,0.707106781186548,0,0.5,0.5,207.98804400544,208.148148439993,401.528448023318,14.6077444221162,1.28001970152263,1.28064508290959,2.4732805156384,0.0873842687938229
38.6,0.784949656605174,1.06040519279819e-05,0.438276333591192,0.437913109985115,-0.00725755523517634,3.73289375353841e-06,0.00649708323513835,0.00650653649264934,0.000290379379434163,1.65748835906569e-07,-0.000416930611301667,-0.000416570323444474,0.707106781186548,0,0.5,0.5,196.906173844257,197.060832536958,380.115910553733,13.8510958274826,1.21390049778749,1.21450046268586,2.34539975930923,0.0830012011641154
39.6,0.777836832384825,1.44158520174515e-05,0.444569532557214,0.444215930263183,-0.00696860653160836,3.88679655011258e-06,0.00609381637791778,0.00610359397607422,0.000287303462861417,1.42289622126174e-07,-0.000389918440061419,-0.000389628774394843,0.707106781186548,0,0.5,0.5,186.396652155067,186.546086952398,359.810344967717,13.132394139749,1.15121440121637,1.15178986769787,2.22416529456931,0.0788389743449259
40.1,0.774388361986048,1.63765659420842e-05,0.447568239469913,0.447219560808979,-0.00682544105683513,3.95512529799934e-06,0.00590207892744127,0.00591199315055332,0.000416717675294624,7.32076786951884e-08,-0.000490776341566383,-0.000490627636136828,0.707106781186548,0,0.5,0.5,181.347179467313,181.494082981183,350.054589993513,12.7866724549824,1.51381405590532,1.51458260344875,2.92405612705381,0.104340532300259
40.6,0.771027389806801,1.8362684862623e-05,0.4504588190164,0.45011511438839,-0.00661913550191599,3.98817650017766e-06,0.00566199283605212,0.00567197147522556,0.000408464452818465,5.91207617545397e-08,-0.000469732616083826,-0.000469623146854948,0.707106781186548,0,0.5,0.5,174.740504054441,174.884038316232,337.293146915452,12.3313954552211,1.45941663070384,1.46016421177938,2.81890371713783,0.100677125345386
41.6,0.764609664220234,2.2375969883677e-05,0.45589263927957,0.455558955933306,-0.00621916748878956,4.03406095255202e-06,0.00521218689392988,0.00522223919558496,0.000391359570582056,3.31226909176379e-08,-0.000430491468377508,-0.000430451758863994,0.707106781186548,0,0.5,0.5,162.230797966239,162.36786740381,313.130433158595,11.468232211454,1.3564253014338,1.35713253433934,2.6198257320692,0.0937321037039366
42.6,0.758583256326649,2.64226079330963e-05,0.460895676525363,0.460572055039091,-0.00583658426096138,4.05534319735442e-06,0.00479984352618353,0.00480990506023633,0.000373748643366805,9.88832141944054e-09,-0.000394750496909903,-0.000394770114075054,0.707106781186548,0,0.5,0.5,150.603860001855,150.734814140726,290.674064236277,10.6646099063038,1.26071132165749,1.26138025249967,2.4348250344122,0.0872665397449577
43.6,0.752930579284788,3.04793503664099e-05,0.465503698912911,0.465190120431723,-0.00547174169249866,4.0547018355817e-06,0.00442162828886794,0.00443164440604592,0.000355921296003633,-1.0753421538748e-08,-0.0003621833489906,-0.000362253138378042,0.707106781186548,0,0.5,0.5,139.797329408121,139.922499943697,269.803410275621,9.91641907619804,1.17175717031942,1.17238976438514,2.26289980319753,0.0812471315070307
44.6,0.747633824947249,3.4525540905153e-05,0.469749298307217,0.469445693709731,-0.00512473630417596,4.03464247126974e-06,0.00407451809717039,0.00408444272520823,0.000338108426414842,-2.89767924233273e-08,-0.000332493312934308,-0.000332605251899809,0.707106781186548,0,0.5,0.5,129.753276780679,129.872978297217,250.406419610145,9.21983546775161,1.08908284985816,1.08968099160006,2.1031209046587,0.0756429367995142
45.6,0.742675195590809,3.85429416727929e-05,0.473662187167749,0.473368445099649,-0.00479545884297224,3.99749635922753e-06,0.00375577263764358,0.00376556721614711,0.000320492209156616,-4.49557300242536e-08,-0.000305411199772014,-0.00030555826666397,0.707106781186548,0,0.5,0.5,120.417883459759,120.532414146927,232.378997732809,8.57129987387754,1.01224301652331,1.01280851009947,1.95462633042752,0.0704251961952644
46.6,0.738037086789503,4.25155594749923e-05,0.477269467916698,0.476985441822079,-0.00448363868506969,3.94542210308988e-06,0.00346290792021549,0.00347254045899328,0.000303214490214481,-5.8861220163789e-08,-0.0002806931949887,-0.000280869252788359,0.707106781186548,0,0.5,0.5,111.741145308067,111.850787670594,215.624433505253,7.96749947340808,0.940824359455297,0.9413589297317,1.81661611796206,0.0655671712249414
47.6,0.733702229846163,4.6429474975917e-05,0.480595876929764,0.480321391196752,-0.0041888805420564,3.88040963532127e-06,0.00319367196529519,0.00320311621241815,0.000286383824357653,-7.08593431637036e-08,-0.000258118745483086,-0.000258318438476972,0.707106781186548,0,0.5,0.5,103.676598781902,103.781620338552,200.052868573747,7.40535054670713,0.874443201661741,0.874948495596499,1.68834770113542,0.061043996122824
48.6,0.729653800837554,5.02726767347659e-05,0.483664005258872,0.483398860582971,-0.00391069471813255,3.80428586694171e-06,0.00294602256732666,0.00295525727456217,0.000270081368480165,-8.11098660074471e-08,-0.000237488525542518,-0.000237707187685397,0.707106781186548,0,0.5,0.5,96.1810674284138,96.2817213972327,185.580806372289,6.88198245335824,0.812743299737811,0.813220888075708,1.56913164610891,0.056832541704606
49.6,0.725875502181475,5.40349015197572e-05,0.486494498118541,0.486238476175436,-0.00364852196940667,3.71872152084458e-06,0.00271810704067743,0.00272711531523718,0.000254365811757368,-8.97652661210312e-08,-0.00021862250977542,-0.000218856083501361,0.707106781186548,0,0.5,0.5,89.2144271335305,89.3109531008813,172.130657464672,6.39472276974006,0.755393822287257,0.755845201501988,1.45832773363869,0.0529112901505522
50.1,0.724082717582285,5.58828806383208e-05,0.487826595519481,0.487575048253733,-0.00352325180460855,3.6728803917245e-06,0.00261101777529043,0.00261990770153393,0.000270221520930945,-1.59365933367365e-07,-0.000227192977264597,-0.00022750670906479,0.707106781186548,0,0.5,0.5,85.9176831101424,86.0122308402473,165.766064716698,6.16384923369184,0.792791955965496,0.793188594059985,1.53017170432262,0.055808845702864
50.6,0.722354499165856,5.76993858086302e-05,0.489104114199115,0.488856972619933,-0.0033903578096309,3.59311657302974e-06,0.00249986527613007,0.00250859798966817,0.000261390181851725,-1.59650768477348e-07,-0.000217492599348611,-0.000217807609917267,0.707106781186548,0,0.5,0.5,82.4620288095277,82.5548389496574,159.096220316726,5.92064744246002,0.762394567843584,0.76277984108156,1.47146588889334,0.0537085200318072
51.6,0.719091964480147,6.12126566542977e-05,0.491498319485997,0.491259752896097,-0.00313754742573503,3.43344024903379e-06,0.00229156085466975,0.00229997799762832,0.00024437517794754,-1.5956172800635e-07,-0.000199396446651072,-0.000199712196189277,0.707106781186548,0,0.5,0.5,75.9431771521367,76.032659741101,146.514476346138,5.46136054710052,0.70503957837558,0.705403170637928,1.36070160492109,0.0497411440924171
52.6,0.716073877482776,6.45664313564426e-05,0.493692995117079,0.493462687941334,-0.00290131747751071,3.27425550718913e-06,0.00210053944745891,0.0021086413598687,0.000228229704328961,-1.58685224779035e-07,-0.000182899687671853,-0.000183214080552406,0.707106781186548,0,0.5,0.5,69.9148120128858,70.0011538433377,134.87996039487,5.03600546135416,0.651983139253166,0.652326372818654,1.25824386499976,0.0460656470720569
53.6,0.713284092428812,6.77615779651915e-05,0.49570465058115,0.495482288572047,-0.0026807991112267,3.11629837534901e-06,0.00192527947372997,0.00193306841266509,0.00021295063946353,-1.57122711242807e-07,-0.000167849470264299,-0.00016816075971879,0.707106781186548,0,0.5,0.5,64.3401749117311,64.4235514058264,124.121640367593,4.64208594996505,0.602902733239634,0.603226845066776,1.16346904080791,0.042660537498504
54.6,0.710707329204259,7.07996512373797e-05,0.497548347514802,0.497333619503093,-0.00247513147711364,2.96020763153825e-06,0.00176440418752642,0.00177188400208225,0.000198525503465253,-1.54967286252564e-07,-0.00015410867946147,-0.000154415420967724,0.707106781186548,0,0.5,0.5,59.1852647043964,59.2658406442206,114.173815813241,4.27728953537687,0.557500174204109,0.5578063221404,1.07580058124197,0.0395059151025407
55.6,0.70832916102997,7.3682799509349e-05,0.499237836958273,0.499030436300882,-0.00228346994552115,2.80653299262004e-06,0.00161666680160927,0.00162384265145041,0.000184934667973903,-1.52304034214273e-07,-0.000141554246175149,-0.00014185525679344,0.707106781186548,0,0.5,0.5,54.4186297219839,54.496559927311,104.975715745876,3.93947390341953,0.515499738295517,0.515789006728639,0.994705394294234,0.0365833507299217
56.6,0.706135994983182,7.64136795803675e-05,0.500785682550625,0.50058530831654,-0.0021049923234482,2.65574293920479e-06,0.00148093721264552,0.00148781532456543,0.000172153158342685,-1.49210410342106e-07,-0.000130075633334208,-0.00013036995622913,0.707106781186548,0,0.5,0.5,50.011175839823,50.0866057978798,96.4711273052437,3.6266543324595,0.476646446348844,0.476919851363511,0.919690521866166,0.033875775846189
57.6,0.704115047144684,7.8995379222802e-05,0.502203371179419,0.502009729109105,-0.00193890344294585,2.5082321393439e-06,0.00135619015802527,0.00136277761567193,0.000160152118351547,-1.45756655380509e-07,-0.000119573483916795,-0.000119860357400275,0.707106781186548,0,0.5,0.5,45.9359891943623,46.00905564574,88.608052775306,3.33699206479669,0.440704483610509,0.440962977706037,0.850300080563371,0.0313673807531751
58.6,0.702254313841194,8.14313469054044e-05,0.503501412438107,0.503314215707445,-0.00178443842879741,2.36432844833638e-06,0.00124149465004584,0.001247799212588,0.000148899995783394,-1.42006226735629e-07,-0.000109958415707292,-0.000110237246224501,0.707106781186548,0,0.5,0.5,42.1681723832039,42.2390038676053,81.3383927043651,3.06878354644454,0.4074557444854,0.407700220901799,0.786112444647477,0.0290435207397222
59.6,0.700542540172553,8.37253282994257e-05,0.504689428097613,0.504508397913415,-0.00164086489963263,2.22429947354134e-06,0.00113600454803741,0.0011420344940859,0.000138363497327123,-1.3801623585527e-07,-0.000101149948317437,-0.000101420286872599,0.707106781186548,0,0.5,0.5,38.6846930864358,38.7534104515498,74.6176530700499,2.82045046793617,0.376698491378773,0.376929788072848,0.726737649974802,0.0268906294768188
60.1,0.69973919263241,8.48203117384924e-05,0.505244960359964,0.505066911537982,-0.00157294280326467,2.1558066750192e-06,0.00108646821575071,0.00109236408316241,0.000156923524828993,-1.94716790622818e-07,-0.00011330281932172,-0.000113663497783115,0.707106781186548,0,0.5,0.5,37.0428577324876,37.1105610828276,71.4501428551049,2.70327596021081,0.424720332512197,0.424983308380136,0.819189045410587,0.0305145954817459
60.6,0.698972050420428,8.58741365924128e-05,0.505774259364548,0.505599113845087,-0.00149619267925449,2.06001153963396e-06,0.00103117758093071,0.00103689582579629,0.00015012375051099,-1.8849115961342e-07,-0.000107905234997243,-0.000108255087178629,0.707106781186548,0,0.5,0.5,35.1983991863209,35.2649518973024,67.8925510548611,2.57080002876269,0.405405394291714,0.405660210679474,0.781921964707992,0.0291436402631971
61.6,0.697548744871618,8.78419233973577e-05,0.506753195050163,0.506583596377023,-0.00135254847597273,1.87755605285443e-06,0.000928362075492328,0.000933741010029635,0.000137342182394768,-1.7652689405553e-07,-9.78937508258121e-05,-9.82226825196629e-05,0.707106781186548,0,0.5,0.5,31.7573669421962,31.8217241105554,61.2556508053743,2.32344024737775,0.369355067888307,0.369594386220588,0.71236678256036,0.0265826715485356
62.6,0.69626286713724,8.96331306398488e-05,0.50763415736599,0.50746977652571,-0.00122116576832934,1.70674708380918e-06,0.000835071536136038,0.000840131590609925,0.000125588351506035,-1.65194605573499e-07,-8.88382934550006e-05,-8.91472853187714e-05,0.707106781186548,0,0.5,0.5,28.6224178880908,28.6847126459788,55.2093074154363,2.09782311863377,0.336490048819618,0.336714900698173,0.648959603724315,0.024245345793476
63.6,0.695102657308948,9.12590923959674e-05,0.508426209795301,0.508266737714561,-0.00110105353450816,1.54696332315882e-06,0.000750399057076365,0.000755159682107326,0.000114789348435641,-1.54472852919344e-07,-8.06424803703203e-05,-8.09325094583342e-05,0.707106781186548,0,0.5,0.5,25.7665066651109,25.8268632922191,49.7013200889191,1.89204986841143,0.306529046265203,0.306740392620717,0.591157293313842,0.0221121455720779
64.6,0.694057310582307,9.27305322514423e-05,0.509137555304569,0.508982701873835,-0.000991292037175328,1.39760519057603e-06,0.000673528764434984,0.000678008438991504,0.00010487556910193,-1.44339648485364e-07,-7.32204084823416e-05,-7.34924397966778e-05,0.707106781186548,0,0.5,0.5,23.1649762478641,23.2235107765447,44.684099596067,1.70438742834226,0.279215611836585,0.279414348055401,0.538464703200607,0.0201652566913794
65.6,0.69311690767434,9.40575852751482e-05,0.509775622350061,0.509625115459138,-0.000891029375978601,1.25809529550252e-06,0.000603725972767282,0.000607942219677325,9.57809760396533e-05,-1.34772627568158e-07,-6.64954108107754e-05,-6.67503906561464e-05,0.707106781186548,0,0.5,0.5,20.7953470275915,20.8521678043177,40.1142608559845,1.53325397592515,0.254315943373798,0.254502904001763,0.490430427962844,0.0183884194127176
66.6,0.692272348797556,9.52498203707161e-05,0.510347141635027,0.510200726227183,-0.000799477842351328,1.12787873464946e-06,0.000540328503116194,0.000544297910452152,8.74432378394675e-05,-1.25749205448924e-07,-6.03989728837124e-05,-6.06378237189255e-05,0.707106781186548,0,0.5,0.5,18.6371245375706,18.692332744298,35.9522515444268,1.37720573744223,0.231616883713873,0.231792846780625,0.446642937768703,0.0167667927257962
67.6,0.691515291332311,9.63162628492455e-05,0.510858214702888,0.510715651852716,-0.0007159101835884,1.00642323886904e-06,0.000482739013929814,0.000486477260902528,7.98037754183877e-05,-1.17246721463055e-07,-5.48697872698604e-05,-5.50934037991915e-05,0.707106781186548,0,0.5,0.5,16.6716241669589,16.7253143055918,32.1620135295822,1.23492494296893,0.210924096876171,0.211089787877561,0.406727054240739,0.0152868305129928
68.6,0.690838091245641,9.72654170790844e-05,0.511314375313428,0.511175441332384,-0.000639655857511439,8.93219182660377e-07,0.000430418216263999,0.000433940102496393,7.28077379527883e-05,-1.09242569620845e-07,-4.9852927591619e-05,-5.00621738815785e-05,0.707106781186548,0,0.5,0.5,14.8818113578369,14.9340717006876,28.7106742259151,1.10520883260988,0.192060405757861,0.192216501329417,0.370340738537569,0.0139361685497088
69.6,0.690233748234021,9.8105289082065e-05,0.511720644429331,0.511585130001837,-0.000570097338646601,7.87779469838478e-07,0.000382878862034797,0.000386198339282119,6.64039266008941e-05,-1.01714315665657e-07,-4.52991259249503e-05,-4.54948333669919e-05,0.707106781186548,0,0.5,0.5,13.2521559149273,13.3030689237852,25.5682652166943,0.98695962201865,0.174864276908961,0.175011408219268,0.337172163744677,0.012703521383553
70.1,0.689956873880363,9.84866153875304e-05,0.511906510753414,0.511772631872679,-0.000537649639037346,7.37825131804791e-07,0.000360762865653439,0.000363986114457762,4.98276237541249e-05,-8.3093232652598e-08,-3.40768437190318e-05,-3.41683933361614e-05,0.707106781186548,0,0.5,0.5,12.4929124345358,12.5431809911831,24.1042749457301,0.931818479989386,0.131360267213562,0.131306465433383,0.253207479119544,0.00945925352740159
70.6,0.689694221907821,9.8845214179175e-05,0.512082673116691,0.511950394462445,-0.000513068846488907,6.96715189540953e-07,0.000343967115374821,0.000347144864061649,4.8500471056439e-05,-8.13513688295121e-08,-3.31104963588424e-05,-3.32009475257541e-05,0.707106781186548,0,0.5,0.5,11.9171125113491,11.9676134557853,22.994355018864,0.89037094827083,0.127755255177867,0.127704477963511,0.24625607551519,0.00920365762618812
71.6,0.689204970671659,9.95018247107886e-05,0.512410398552179,0.512281252786457,-0.000465861436608337,6.1707215280566e-07,0.000311793142769219,0.00031488153611963,4.59335400129231e-05,-7.79536417787586e-08,-3.12540794949038e-05,-3.13423408094423e-05,0.707106781186548,0,0.5,0.5,10.8126100400374,10.8635362883788,20.86533235709,0.810813971326639,0.120806006863633,0.120761048019179,0.2328563415997,0.00871071328311133
72.6,0.688761662402968,0.000100080472261361,0.512706861825255,0.512580760685668,-0.000421164056372119,5.40770548619423e-07,0.000281426622758973,0.000284427844515292,4.34797406509724e-05,-7.46679888054928e-08,-2.94946751821279e-05,-2.95807595331616e-05,0.707106781186548,0,0.5,0.5,9.76838315390102,9.81968431059315,18.8525360266244,0.735531437870273,0.114191106356356,0.114151669426555,0.220101599313831,0.00824117646907902
73.6,0.688361842968706,0.000100584442738821,0.512973822783926,0.512850680184731,-0.000378865579875233,4.67699837649346e-07,0.000252773233692169,0.000255689452776459,4.11350694041898e-05,-7.14913504641082e-08,-2.78269578747256e-05,-2.79108819403038e-05,0.707106781186548,0,0.5,0.5,8.78152869796608,8.83315694452212,16.9503654799662,0.664320162522498,0.107895163101401,0.107860964666055,0.207962144315729,0.00779398345172753
74.6,0.688003167368432,0.000101016913031435,0.513212949562055,0.513092681577514,-0.00033885885885098,3.97752509841864e-07,0.000225743814639861,0.000228577181579163,3.8895576464387e-05,-6.84207276707118e-08,-2.62459277971621e-05,-2.63277116219581e-05,0.707106781186548,0,0.5,0.5,7.84927721628782,7.90118719760519,15.1534782161709,0.596986197722529,0.101903481147458,0.101874250329539,0.19640961360316,0.00736811787383675
75.6,0.687683395785371,0.000101380954006882,0.513425823580998,0.513308348425367,-0.000301040663524658,3.30824024003646e-07,0.000200254050959447,0.00020300669471525,3.67573762474552e-05,-6.54531817888178e-08,-2.47468885649156e-05,-2.48265551738113e-05,0.707106781186548,0,0.5,0.5,6.96898691651942,7.02113563152565,13.456778125835,0.53334442221055,0.0962020281035992,0.096177506087333,0.185416925525173,0.0069626086657592
76.6,0.687400389701556,0.000101679533450899,0.513613944247716,0.513499182252246,-0.000265311613895248,2.66812747378662e-07,0.000176224181395289,0.000178898206562599,3.47166561078446e-05,-6.25858345565962e-08,-2.33254264674924e-05,-2.34030015123046e-05,0.707106781186548,0,0.5,0.5,6.13813790413811,6.19048460067283,11.8554043571729,0.473218147638503,0.0907774054992888,0.0907573450591204,0.174958222507552,0.00657652805085683
77.6,0.68715210808578,0.000101915518945558,0.513778733370084,0.5136666069574,-0.000231576103091359,2.05619895364426e-07,0.00015357872511799,0.000156176209462257,3.27696835080631e-05,-5.98158678860304e-08,-2.19773912878829e-05,-2.20529027244899e-05,0.707106781186548,0,0.5,0.5,5.35432667417425,5.4068327480076,10.3447206796786,0.416438742503697,0.085616820476943,0.0856009855181079,0.165008816355735,0.00620898963931586
78.6,0.686936603661537,0.000102091680687379,0.513921539308587,0.513811972964754,-0.000199742214252537,1.47149471484205e-07,0.000132246227225024,0.000134769219527799,3.09128118274041e-05,-5.71405235541286e-08,-2.06988785416713e-05,-2.0772356335034e-05,0.707106781186548,0,0.5,0.5,4.61526084889258,4.66788974677375,8.92030532302728,0.3628452726395,0.0807080587516128,0.0806962238629001,0.155545136008478,0.00585914660603497
79.6,0.686752019260793,0.000102210694245591,0.514043640882174,0.513936561126756,-0.000169721632212994,9.13082077129554e-08,0.000112159021337888,0.000114609539524469,2.91424849742475e-05,-5.45571028083101e-08,-1.94862130275061e-05,-1.95576888822941e-05,0.707106781186548,0,0.5,0.5,3.91875415043584,3.97147127706166,7.57794126996373,0.31228415753423,0.0760394587768103,0.0760314087959431,0.146544677624163,0.00552618994859018
80.1,0.686670765466254,0.000102249581361939,0.514097309057012,0.513991445667484,-0.000155364694920994,6.434509608313e-08,0.000102562238244952,0.000104977266004701,2.47177377696165e-05,-5.03954339009622e-08,-1.65410986606803e-05,-1.65662015488303e-05,0.707106781186548,0,0.5,0.5,3.58580508719688,3.63855394231582,6.93626436079691,0.288094668716261,0.0645120553433063,0.0644002025516653,0.124277603525378,0.0046346543695936
80.6,0.686596155373545,0.000102275474443639,0.514146534652549,0.514041875600392,-0.000143110552886108,3.92672427184374e-08,9.4364316724478e-05,9.67665618526977e-05,2.42992152792403e-05,-4.99152920295807e-08,-1.62510247247256e-05,-1.62770467898556e-05,0.707106781186548,0,0.5,0.5,3.30154145945049,3.35477861545487,6.38864284549551,0.267677229410305,0.0634033501194238,0.0632954742562256,0.122140375669735,0.00455844870591447
81.6,0.686465055702796,0.000102289945439741,0.514232869274353,0.514130599160943,-0.000119227114476684,-1.01631915666933e-08,7.84003079158425e-05,8.07756503820847e-05,2.34692688160232e-05,-4.89429556167477e-08,-1.56787378935746e-05,-1.57064994326226e-05,0.707106781186548,0,0.5,0.5,2.74770844076035,2.80186991382257,5.32172588653006,0.227852468053316,0.0612100352875592,0.0611099126370351,0.117912458087964,0.00440748983663063
82.6,0.686357426126096,0.000102255474747514,0.514303524287264,0.514203615361734,-9.61687145258123e-05,-5.86135993845644e-08,6.30033569625468e-05,6.5350121698284e-05,2.26492233203221e-05,-4.79554119221578e-08,-1.51169028647142e-05,-1.51462758183098e-05,0.707106781186548,0,0.5,0.5,2.21322749802823,2.26824553452099,4.29211303182565,0.189360000724026,0.0590493939288106,0.0589567624791006,0.113747641751801,0.00425851465610977
83.6,0.686272446638921,0.000102173049824124,0.514359061529535,0.514261484429229,-7.39252032189536e-05,-1.06069292384671e-07,4.81630311030219e-05,5.04796688576006e-05,2.18395704942729e-05,-4.69536992002231e-08,-1.45654809730868e-05,-1.45963417520715e-05,0.707106781186548,0,0.5,0.5,1.69780545196129,1.75361459834674,3.2992380821869,0.152181968121583,0.0569220330096964,0.0568366372781397,0.109647094091653,0.00411157619618323
84.6,0.686209307626462,0.000102043672295644,0.514400032426561,0.514304756300633,-5.24859568367938e-05,-1.52516621347337e-07,3.38689379476114e-05,3.61540208565974e-05,2.10407666238347e-05,-4.59388571574973e-08,-1.40244301829093e-05,-1.40566595910141e-05,0.707106781186548,0,0.5,0.5,1.20114396719985,1.25768101243925,2.34252492266424,0.11630005697532,0.0548285059191091,0.0547500968502241,0.105611879136887,0.00396672363244607
85.6,0.686167210320008,0.000101868356917494,0.514426978032897,0.514333970661513,-3.18399126350589e-05,-1.97942976739619e-07,2.01107287252432e-05,2.23629459566852e-05,2.02532336521447e-05,-4.49119251692793e-08,-1.34937053309599e-05,-1.35271884863189e-05,0.707106781186548,0,0.5,0.5,0.722940021106581,0.780143939986713,1.4213884272814,0.0816955338123528,0.0527693141464496,0.0526976490077459,0.101642960759622,0.00382400239457398
86.6,0.686145367218972,0.000101648130535212,0.514440429077402,0.514349656986625,-1.19756026495442e-05,-2.42336787519788e-07,6.87810130088887e-06,9.09625478058002e-06,1.94773602552808e-05,-4.38739405620454e-08,-1.29732583421003e-05,-1.30078845977692e-05,0.707106781186548,0,0.5,0.5,0.262886357728414,0.32069825512266,0.535235335101775,0.0483492777497576,0.0507449089392717,0.0506797512152223,0.0977412058788909,0.00368345427560311
87.6,0.686143002479659,0.000101384031047263,0.514440906011298,0.514352334583748,7.11881357473739e-06,-2.85687518257026e-07,-5.83919700956389e-06,-3.65619679291324e-06,1.87135029178543e-05,-4.28259369610532e-08,-1.24630384192991e-05,-1.24987012829402e-05,0.707106781186548,0,0.5,0.5,0.179328072880718,0.120965016801768,0.316534902002974,0.0162418123209458,0.0487556929391452,0.0486968122236315,0.0939073876227033,0.00354511754007335
88.6,0.686159352271842,0.000101077106371546,0.514428919058955,0.514342512640303,2.54555173289225e-05,-3.2798566463148e-07,-1.80513668026264e-05,-1.59045049115455e-05,1.79619870060662e-05,-4.1768942704279e-08,-1.19629922103382e-05,-1.19995892632192e-05,0.707106781186548,0,0.5,0.5,0.604017689777644,0.545158273373751,1.13452929949768,0.0146466636532594,0.0468020217946113,0.0467491936821328,0.0901421884457936,0.00340902703095051
89.6,0.686193665104214,0.000100728413417186,0.51440496827123,0.514320690272624,4.30470001565355e-05,-3.69222747381527e-07,-2.97685541064444e-05,-2.76587151875746e-05,1.72231078360463e-05,-4.07039793222419e-08,-1.14730639532881e-05,-1.15104967687355e-05,0.707106781186548,0,0.5,0.5,1.01149987048013,0.952196923497401,1.91936054783938,0.0443362461376961,0.0448842057502524,0.0448372117261756,0.0864462032011772,0.00327521427525096
90.1,0.68621732626666,0.000100538736326626,0.514388659936842,0.514305432162426,5.15672648787145e-05,-3.89441018591572e-07,-3.54446844580034e-05,-3.33536584703894e-05,1.43836050142233e-05,-3.50413757699658e-08,-9.57990983374068e-06,-9.61978289065651e-06,0.707106781186548,0,0.5,0.5,1.20888806379222,1.1493825616951,2.29953281972558,0.0587378057612746,0.0374893852373232,0.0374685606868916,0.0722042802156084,0.00275366570860635
90.6,0.686244896462186,0.000100339650700676,0.514369747620759,0.514287560362989,5.86907813376975e-05,-4.06871295572294e-07,-4.01895811934907e-05,-3.81185646172988e-05,1.41107747928101e-05,-3.46791021542747e-08,-9.39992566023693e-06,-9.44008701052546e-06,0.707106781186548,0,0.5,0.5,1.3739417413826,1.31434812261136,2.61742975893096,0.0708601050625323,0.0367830115444472,0.0367641808758386,0.0708427724608832,0.00270441995940262
91.6,0.686310552320357,9.99155618501301e-05,0.514324917574142,0.514244781162588,7.25309443382642e-05,-4.41183805925698e-07,-4.94112634429982e-05,-4.7380674112715e-05,1.35708342870977e-05,-3.39435208524392e-08,-9.04443419710646e-06,-9.08511474595909e-06,0.707106781186548,0,0.5,0.5,1.69468964509041,1.63494598554511,3.2351835589382,0.0944520716968536,0.0353862755816839,0.035371326432031,0.0681506994831483,0.00260690253056665
92.6,0.686389779662993,9.94575306369833e-05,0.514271042595331,0.514192916355621,8.58350505315213e-05,-4.7475370423628e-07,-5.82804415657289e-05,-5.62907613782058e-05,1.30386950946586e-05,-3.31940401964845e-08,-8.69491858521359e-06,-8.73604420386218e-06,0.707106781186548,0,0.5,0.5,2.00311748414459,1.94325766997857,3.82919157803915,0.117183576083552,0.0340111455046277,0.033999939186002,0.0655003765480621,0.00251070814256759
93.6,0.686482046367184,9.89663064611305e-05,0.514208472199449,0.514132315011907,9.86110002778746e-05,-5.07567576313545e-07,-6.68030945396674e-05,-6.48547326786335e-05,1.25145526231233e-05,-3.24316292581334e-08,-8.3513846716833e-06,-8.39288405430874e-06,0.707106781186548,0,0.5,0.5,2.29941860494512,2.23947530507429,4.39982741614546,0.139066493873491,0.0326579064791385,0.0326503078126258,0.0628923500906469,0.00241586420111739
94.6,0.686586828305415,9.84426516534211e-05,0.514137549920124,0.514063320291077,0.00011086688136364,-5.3961297309765e-07,-7.49852059828039e-05,-7.30785017167068e-05,1.19985863948685e-05,-3.16572490541686e-08,-8.01383590114305e-06,-8.05564051458135e-06,0.707106781186548,0,0.5,0.5,2.58378877122985,2.52379346823663,4.94746930387692,0.160112935589096,0.0313268173443708,0.0313226945948533,0.0603271157635932,0.0023223961756309
95.6,0.686703609525133,9.7887340514726e-05,0.514058613306034,0.513986269436354,0.000122610953350335,-5.70878402093856e-07,-8.28327617846624e-05,-8.09679872139953e-05,1.1490960516069e-05,-3.08718515330481e-08,-7.68227338259995e-06,-7.7243174156199e-06,0.707106781186548,0,0.5,0.5,2.85642593332477,2.79640895378219,5.47249965747239,0.18033522963412,0.0300181113480989,0.0300173361590238,0.0578051198602533,0.00223032764686941
96.6,0.686831882412887,9.73011583640696e-05,0.513971993919795,0.513901493770709,0.000133851632392767,-6.01353317817565e-07,-9.0351747801298e-05,-8.85291105550176e-05,1.0991824145094e-05,-3.00763786096092e-08,-7.35669594961476e-06,-7.3989162618345e-06,0.707106781186548,0,0.5,0.5,3.11753000389718,3.05752054811334,5.97530464628475,0.199745905725311,0.0287319968744228,0.0287344442026574,0.055326760722794,0.00213968035428612
97.6,0.686971147843526,9.66849005967915e-05,0.513878017339122,0.513809318695362,0.000144597476524864,-6.31028111297335e-07,-9.75481476073955e-05,-9.57677934881031e-05,1.05013119595e-05,-2.92717612460689e-08,-7.03710021444027e-06,-7.07943628494563e-06,0.707106781186548,0,0.5,0.5,3.36730264014243,3.30732881132664,6.45627377272535,0.218357678743254,0.0274686581635404,0.0274742062144068,0.0528923901349046,0.00205047424304254
98.6,0.687120915314918,9.60393717536568e-05,0.513777003160214,0.513710063690539,0.000154857171411515,-6.59894098682415e-07,-0.000104427940299755,-0.000102689955877372,1.00195446209214e-05,-2.84589185801478e-08,-6.72348061675926e-06,-6.76587449248434e-06,0.707106781186548,0,0.5,0.5,3.60594703233266,3.54603586518514,6.91579946451803,0.236183432999298,0.0262282560233081,0.0262367861858857,0.050502314698519,0.00196272751067479
99.6,0.68728070306865,9.53653846017878e-05,0.51366926500331,0.513604042318463,0.000164639516563972,-6.87943509001276e-07,-0.000110997098347067,-0.000109301513500795,9.54662923720831e-06,-2.76387570985225e-08,-6.41582946762507e-06,-6.45822571155119e-06,0.707106781186548,0,0.5,0.5,3.83366769865325,3.77384518738121,7.35427667911858,0.253236206915427,0.0250109285323361,0.0250223253151103,0.0481567971940633,0.00187645665338309
100.1,0.687364206419387,9.50179751758595e-05,0.51361297080723,0.513548590615924,0.00016935446067861,-7.01659815753174e-07,-0.000114167053443232,-0.000112492662556172,6.6209081441179e-06,-1.99558304168789e-08,-4.45928394357675e-06,-4.50784499337027e-06,0.707106781186548,0,0.5,0.5,3.94349586055885,3.88372710741842,7.56574612876211,0.261476839214694,0.0173769155118992,0.0174310734105562,0.0334680508985622,0.00133993802389318
100.6,0.687449704345991,9.46646626300541e-05,0.513555334363682,0.513491785308995,0.000172623447960498,-7.11566650070142e-07,-0.00011636975717701,-0.000114719578836311,6.45533483317822e-06,-1.96712232189421e-08,-4.35172098908643e-06,-4.40000903744235e-06,0.707106781186548,0,0.5,0.5,4.01978082958184,3.96025344796844,7.71267350671745,0.26736077083237,0.0169508537377056,0.0170053023563205,0.0326468977280043,0.00130925836602179
101.6,0.687625500857678,9.39433557879131e-05,0.513436824221166,0.513374901293935,0.00017891526521117,-7.30951351460244e-07,-0.000120615241684356,-0.000119013070928891,6.12947334125526e-06,-1.90971390822035e-08,-4.14000332768188e-06,-4.18772629898809e-06,0.707106781186548,0,0.5,0.5,4.16671976388586,4.10767888512195,7.99567556697349,0.278723082033858,0.0161122282118424,0.016167226862001,0.0310306699248729,0.0012487851489705
102.6,0.687807427428834,9.3202952296049e-05,0.513314173699244,0.513253829178508,0.000184884739122318,-7.49758970696203e-07,-0.000124651268140281,-0.000123096527700445,5.81064511692816e-06,-1.85171817198508e-08,-3.93279857582396e-06,-3.97993234340762e-06,0.707106781186548,0,0.5,0.5,4.3062837154416,4.24773404705078,8.26446436337445,0.289553399117471,0.0152915264227149,0.0153470343745976,0.0294490685119544,0.00118949228535807
103.6,0.687995165229505,9.24440320511838e-05,0.513187590005842,0.513128776759717,0.000190538893011014,-7.67983999923048e-07,-0.000128482330452899,-0.00012697441970064,5.49882942797367e-06,-1.79320788135381e-08,-3.73006866047055e-06,-3.77659062704331e-06,0.707106781186548,0,0.5,0.5,4.43863159435537,4.38057748779422,8.51934688259102,0.299862199558101,0.014488653101698,0.0145446309704318,0.0279019062189692,0.00113137785316066
104.6,0.688188402441867,9.16671800971164e-05,0.513057275874082,0.51299994738236,0.000195884727007004,-7.85621649775209e-07,-0.000132112884246721,-0.000130651180703812,5.19400067020705e-06,-1.73425396478348e-08,-3.53177508743788e-06,-3.57766414295665e-06,0.707106781186548,0,0.5,0.5,4.56392142978986,4.50636689224049,8.76062838115764,0.309659940872249,0.013703505365462,0.0137599150744747,0.0263889811611234,0.00107443927881335
105.6,0.688386834234642,9.08729859154437e-05,0.512923429600781,0.512867539976045,0.00020092921329458,-8.02667830946112e-07,-0.000135547346441492,-0.000134131207245926,4.89612859425395e-06,-1.6749255047591e-08,-3.33787894139017e-06,-3.38311542145121e-06,0.707106781186548,0,0.5,0.5,4.68231030368596,4.62525900952627,8.98861225828147,0.318957054930294,0.0129359730322376,0.0129927777773732,0.024910077449712,0.00101867335989878
106.6,0.688590162732863,9.00620427347388e-05,0.512786245085363,0.512731749092654,0.000205679291578544,-8.19119135705729e-07,-0.000138790094831129,-0.000137418858162183,4.6051785269619e-06,-1.61528973358451e-08,-3.1483408860779e-06,-3.19290653085235e-06,0.707106781186548,0,0.5,0.5,4.79395428726693,4.73740958922526,9.20359993402311,0.327763942468616,0.0121859389315592,0.0122431031459614,0.0234649657900652,0.000964076287455431
107.6,0.688798096983221,8.92349468582303e-05,0.512645911869195,0.512592764944277,0.000210141864768899,-8.34972819386122e-07,-0.000141845467663068,-0.000140518454125571,4.32111158744404e-06,-1.55541203113435e-08,-2.96312116491498e-06,-3.0069990786309e-06,0.707106781186548,0,0.5,0.5,4.89900838026723,4.84297332026821,9.40589073273675,0.336090967798221,0.01145327920755,0.0115107685273112,0.0220534040669592,0.000910643667902031
108.6,0.689010352915204,8.83922970100034e-05,0.512502615175348,0.512450773441604,0.000214323794878896,-8.50226781853639e-07,-0.000144717763218385,-0.000143434277186749,4.04388489775458e-06,-1.49535592451415e-08,-2.78217960197234e-06,-2.82535421294948e-06,0.707106781186548,0,0.5,0.5,4.99762645282875,4.94210377253723,9.59578177165908,0.343948453706434,0.0107378636158057,0.0107956448463831,0.0206751379176065,0.000858370544582371
109.6,0.689226653298231,8.75346936997279e-05,0.512356535948766,0.512305956232776,0.000218231899131085,-8.64879548987256e-07,-0.000147411239393151,-0.000146170570315708,3.77345178820326e-06,-1.43518308953732e-08,-2.60547560345762e-06,-2.64793262469963e-06,0.707106781186548,0,0.5,0.5,5.08996119000796,5.03495334107775,9.77356785453694,0.351346676548315,0.0100395558139413,0.0100975968973379,0.0193299012923493,0.000807251418929884
110.1,0.689336235383218,8.7100472491677e-05,0.512282508271177,0.512232543597722,0.000220085383782595,-8.71980190263359e-07,-0.000148692239659924,-0.000147472708285319,1.01460503839814e-06,-6.23647724795274e-09,-7.48997327415492e-07,-7.9651550496172e-07,0.707106781186548,0,0.5,0.5,5.13381968478297,5.07907008300645,9.85801300597085,0.35487676181811,0.00281657787394029,0.00291607256234743,0.00543658325798768,0.000296067178300043
110.6,0.689446401944457,8.66637104296276e-05,0.512208070476044,0.512158709654001,0.000220574971745137,-8.75052873416157e-07,-0.000149055056505805,-0.000147859131316891,9.43931742984988e-07,-6.05426386941961e-09,-7.02384837623802e-07,-7.49292057353001e-07,0.707106781186548,0,0.5,0.5,5.14592922136818,5.09161977451941,9.88138860094153,0.3561603949456,0.00263298964776523,0.00273155013785456,0.00508272867520368,0.000281811110416112
111.6,0.689667425692328,8.57856911361846e-05,0.512058679536159,0.512010491388035,0.000221449516938814,-8.80925020838253e-07,-0.000149711627658971,-0.000148562003330769,8.05888014653246e-07,-5.69011451467653e-09,-6.11210385623274e-07,-6.56907528027842e-07,0.707106781186548,0,0.5,0.5,5.16773121140382,5.114289729431,9.92348105094402,0.358539889890341,0.00227412365858862,0.00237084591249781,0.00439107431414073,0.000253895256945701
112.6,0.68988925568946,8.49019816704078e-05,0.511908677161485,0.511861615988809,0.000222188192760305,-8.86433333623654e-07,-0.000150278374896537,-0.000149173849302371,6.72179260372204e-07,-5.32665810966468e-09,-5.22728811717456e-07,-5.67231806093247e-07,0.707106781186548,0,0.5,0.5,5.18639181509406,5.13380213276263,9.95951908201097,0.360674865845266,0.00192616902225605,0.00202109247897038,0.00372049764071191,0.000226763860514519
113.6,0.69011175822025,8.40129454576704e-05,0.511758151837668,0.511712173136105,0.000222795293053353,-8.91578692365446e-07,-0.000150757966610217,-0.000149697353634128,5.42723305227611e-07,-4.96426705832409e-09,-4.36891240527558e-07,-4.80216176455954e-07,0.707106781186548,0,0.5,0.5,5.20200712827837,5.150253426885,9.98968831962315,0.362572235539761,0.00158892411739461,0.00168208730458233,0.00307060716594465,0.00020040425603229
114.6,0.690334803821939,8.31189448594148e-05,0.511607189406303,0.511562249849565,0.00022327502975021,-8.9636234148696e-07,-0.000151153022606753,-0.000150135152296194,4.17438507395526e-07,-4.60329669175135e-09,-3.53649375772284e-07,-3.95812488017646e-07,0.707106781186548,0,0.5,0.5,5.2146714622615,5.16373826162594,10.01417092448,0.364238799406964,0.00126218906517465,0.0013536296200619,0.00244101485915536,0.000174803826081192
115.6,0.690558267202973,8.22203408177842e-05,0.511455873113234,0.511411930536844,0.000223631533423073,-9.00785872391083e-07,-0.000151466114681981,-0.000150489833385639,2.96243794452721e-07,-4.2440857109988e-09,-2.72955490319921e-07,-3.1397314417594e-07,0.707106781186548,0,0.5,0.5,5.22447735945699,5.1743495100975,10.0331456235276,0.365681246026423,0.000945765763553618,0.00103552045334754,0.00183133621160417,0.000149950005296996
116.6,0.690782027161934,8.13174925168856e-05,0.511304283656275,0.511261297041207,0.000223868853870718,-9.04851207048833e-07,-0.000151699767185283,-0.000150763937676461,1.79058697488105e-07,-3.88695662367974e-09,-1.94762416896229e-07,-2.34651093973105e-07,0.707106781186548,0,0.5,0.5,5.23151560932621,5.18217828481456,10.0467877415354,0.366906152604938,0.000639457919544139,0.000727562661415051,0.00124119029637676,0.000125830284582435
117.6,0.691005966507072,8.0410757060246e-05,0.511152499232386,0.511110428688579,0.000223990960738183,-9.08560582021801e-07,-0.000151856457575058,-0.000150959959161067,6.58033830954566e-08,-3.53221617437031e-09,-1.19023539415066e-07,-1.57799823858971e-07,0.707106781186548,0,0.5,0.5,5.23587526459577,5.18731395408795,10.0552692331891,0.367919985494116,0.000343071079561818,0.000429560960193368,0.000670199824599613,0.000102432215155573
118.6,0.691229971976474,7.95004891640326e-05,0.511000595584282,0.510959402334064,0.000224001744167415,-9.11916532911352e-07,-0.000151938616965822,-0.000151080345583807,-4.36013166741799e-08,-3.18015576830964e-09,-4.5692784899111e-08,-8.33733500358298e-08,0.707106781186548,0,0.5,0.5,5.23764365773623,5.18984415867509,10.0587587156677,0.36872910074317,5.64126579056259e-05,0.000141321952623952,0.000117991198093282,7.97434124362963e-05
119.6,0.691453934158902,7.85870408656129e-05,0.510848646046514,0.510808292407922,0.000223905015476883,-9.14921879228891e-07,-0.000151948630667513,-0.000151127498967124,-1.49233876324068e-07,-2.83105188924868e-09,2.52753840409322e-08,-1.13262113538351e-08,0.707106781186548,0,0.5,0.5,5.23690641768601,5.18985482867205,10.057421501672,0.369339744685573,-0.000220708036572895,-0.000137345845083484,-0.000415805441433355,5.77515597769755e-05
120.1,0.69156586586008,7.81292332764181e-05,0.510772676338786,0.510732728713105,0.000223817503743808,-9.1629403077224e-07,-0.000151927315900695,-0.00015112435152686,-2.96399646531554e-06,5.26533702994107e-09,1.9327861137695e-06,1.89251321990334e-06,0.707106781186548,0,0.5,0.5,5.23562448261562,5.18894172780342,10.0549936483713,0.369572562047301,-0.00761516692179439,-0.00749390867164161,-0.0146412172518241,-0.000467858341611929
120.6,0.691677404803556,7.76717468869814e-05,0.510696953870875,0.510657402725474,0.000222339651360593,-9.13646632226344e-07,-0.000150963371817761,-0.000150180350917803,-2.94742207466951e-06,5.3240740858775e-09,1.92299324542215e-06,1.88349019774025e-06,0.707106781186548,0,0.5,0.5,5.20186735852351,5.15571962035858,9.99008962265895,0.367497356222673,-0.00757500958682211,-0.00745552538780659,-0.0145639311167308,-0.000466603857897877
121.6,0.691898276250586,7.67607815055315e-05,0.510546948737525,0.510508161114055,0.000219408740306178,-9.08265098965876e-07,-0.000149050149913351,-0.000148305876404924,-2.91443648610257e-06,5.43826501209758e-09,1.90346311746724e-06,1.8654633735169e-06,0.707106781186548,0,0.5,0.5,5.13488745671934,5.08978640537608,9.8613100194806,0.363363842614358,-0.00749499410588035,-0.0073789747694712,-0.014409926191886,-0.000464042683465563
122.6,0.692116233242768,7.58552540270748e-05,0.510398847073714,0.510360784968484,0.000216510704942253,-9.02771550261302e-07,-0.000147156419897359,-0.000146449414272515,-2.88167122916454e-06,5.5481118571929e-09,1.88401004134104e-06,1.84746623820952e-06,0.707106781186548,0,0.5,0.5,5.06861702224335,5.02453233922978,9.73389599731433,0.359253364158347,-0.00741538716299293,-0.00730272464740201,-0.0142566971341846,-0.000461414676210393
123.6,0.692331308545099,7.49552743020154e-05,0.510252629426647,0.510215256292019,0.000213645323364247,-8.97170309075614e-07,-0.00014528210302236,-0.000144610932456402,-2.84912941647935e-06,5.65365731912584e-09,1.8646373856754e-06,1.82950351350766e-06,0.707106781186548,0,0.5,0.5,5.00305237385798,4.95995468578455,9.60784055903177,0.3551665006103,-0.00733619983901867,-0.00722678953681119,-0.0141042662904856,-0.000458723085344284
124.6,0.69254353469915,7.40609478795964e-05,0.510108276423937,0.510071557122316,0.000210812370653636,-8.91465654323547e-07,-0.000143427117239443,-0.000142790394256493,-2.8168139644342e-06,5.75494676208523e-09,1.84534838534706e-06,1.81157975026344e-06,0.707106781186548,0,0.5,0.5,4.93818973412754,4.89605058266788,9.48313651353565,0.351103803259305,-0.00725744269947529,-0.00715118332772993,-0.0139526549595753,-0.000455971067629868
125.6,0.692752944020145,7.31723760532476e-05,0.509965768776842,0.509929669535976,0.000208011619070904,-8.85661818306595e-07,-0.000141591377330368,-0.000140987758505511,-2.78472759968916e-06,5.85202801575796e-09,1.8261461446595e-06,1.79369933268664e-06,0.707106781186548,0,0.5,0.5,4.87402523393543,4.83281704674784,9.35977648494286,0.34706579573995,-0.00717912580881472,-0.00707591930280673,-0.0138018834221022,-0.000453161689519253
126.6,0.692959568594237,7.22896559083985e-05,0.509825087283372,0.509789575652933,0.000205242838242099,-8.79762984343989e-07,-0.000139774795036573,-0.000139202979733573,-2.75287286550185e-06,5.94495118361312e-09,1.80703364047309e-06,1.77586648245988e-06,0.707106781186548,0,0.5,0.5,4.81055491687601,4.77025097945479,9.23775292150476,0.343052974825567,-0.0071012587443747,-0.00700101015466961,-0.0136519709697937,-0.000450297929250609
127.6,0.693163440275963,7.14128803725673e-05,0.509686212831257,0.509651257640675,0.000202505795339142,-8.73773284591176e-07,-0.000137977279185073,-0.000137436008328691,-2.72125212787189e-06,6.03376846010358e-09,1.78801372528369e-06,1.75808526277477e-06,0.707106781186548,0,0.5,0.5,4.74777474352372,4.70834917195059,9.11705810427081,0.339065811203041,-0.00702385061001356,-0.00692646800286172,-0.0135029359339716,-0.000447382678903639
128.6,0.693364590685878,7.05421382675404e-05,0.509549126400812,0.509514697718309,0.00019980025525409,-8.67696798036727e-07,-0.000136198735811304,-0.00013568679069328,-2.68986758150983e-06,6.1185339563126e-09,1.76908913025016e-06,1.74035958228988e-06,0.707106781186548,0,0.5,0.5,4.68568059558255,4.64710831014921,8.99768415550177,0.33510475022953,-0.00694691004943388,-0.00685230441035936,-0.0133547957133795,-0.000444418746413775
129.6,0.693563051208359,6.967751436347e-05,0.509413809067659,0.509379878160468,0.000197125980767513,-8.61537548669278e-07,-0.00013443906827897,-0.000133955269396742,-2.65872125563565e-06,6.19930353381475e-09,1.75026246817089e-06,1.72269319901211e-06,0.707106781186548,0,0.5,0.5,4.6242682799183,4.58652497959225,8.87962304683863,0.33117021267146,-0.00687044525920206,-0.00677853039968362,-0.0132075668013388,-0.00044140885754685
130.1,0.693661282504348,6.92475221333073e-05,0.509346807925406,0.509313115495178,0.000195800493455365,-8.58428129973677e-07,-0.000133566282052774,-0.000133096125917081,-4.61449099257714e-06,1.37384211064534e-08,3.08384425654319e-06,3.05559274351303e-06,0.707106781186548,0,0.5,0.5,4.59381647933851,4.5564787952345,8.82108225945591,0.329213015116634,-0.0120305076696973,-0.0119103975917079,-0.023124700480388,-0.000816204781017293
130.6,0.693758608912221,6.88200210515556e-05,0.509280408330713,0.509246947476847,0.000193511057721035,-8.51584833184724e-07,-0.000132035949353829,-0.000131579740906324,-4.54345444591278e-06,1.36347876724742e-08,3.0376124213975e-06,3.01007052901435e-06,0.707106781186548,0,0.5,0.5,4.54075217984125,4.50394349762846,8.71908220455774,0.325613472911516,-0.0118480805437283,-0.0117301523371528,-0.0227736437688062,-0.000804589112074958
131.6,0.693949871520377,6.79752191150467e-05,0.509149876026545,0.509116857841474,0.000189037238378163,-8.38053510442979e-07,-0.00012904369677469,-0.000128614338918179,-4.40497294288439e-06,1.34279669145633e-08,2.94738407985117e-06,2.92121451008926e-06,0.707106781186548,0,0.5,0.5,4.43702250185245,4.40124318688508,8.51969853608874,0.318567152648335,-0.0114922425615869,-0.0113785551426455,-0.0220888983652352,-0.000781899338997194
132.6,0.694136728768181,6.71438452072127e-05,0.509022291348143,0.508989689657265,0.000184699562160732,-8.24728652384473e-07,-0.000126140214428592,-0.000125736365251758,-4.27114066619317e-06,1.32218866545511e-08,2.86005613445767e-06,2.83519849039574e-06,0.707106781186548,0,0.5,0.5,4.33640371319396,4.30161677675849,8.32630123884874,0.311719251103251,-0.011148088924791,-0.0110384835140728,-0.0214266599393409,-0.000759912499522916
133.6,0.694319314501422,6.63256932614568e-05,0.508897566959776,0.508865356900623,0.000180493461428429,-8.11609435506525e-07,-0.000123322648889456,-0.000122943025617985,-4.14179543660999e-06,1.30167108827685e-08,2.77553513480859e-06,2.75193152235414e-06,0.707106781186548,0,0.5,0.5,4.2387937052396,4.20496354332539,8.13869362456002,0.305063624004512,-0.0108152268130832,-0.0107095506188721,-0.0207861711781956,-0.00073860625375982
134.6,0.694497758078357,6.55205581146872e-05,0.508775618332898,0.508743776297233,0.000176414527779528,-7.98694878267057e-07,-0.000120588238726068,-0.000120231615270184,-4.0167809186851e-06,1.28125917933357e-08,2.69373052795963e-06,2.67132545577713e-06,0.707106781186548,0,0.5,0.5,4.1440938018077,4.1111861428925,7.95668562237592,0.298594322323823,-0.0104932766979416,-0.0103913826895995,-0.0201667004115462,-0.000717958975994927
135.6,0.694672184526063,6.47282356595636e-05,0.508656363655591,0.508624867233911,0.000172458506318106,-7.85983852569022e-07,-0.000117934311645233,-0.000117599516245349,-3.89594640026395e-06,1.26096704027119e-08,2.61455457744952e-06,2.59329486078485e-06,0.707106781186548,0,0.5,0.5,4.0522086430248,4.02019049783614,7.78009355482532,0.292305586035161,-0.0101818718914518,-0.010083618581418,-0.0195675407410573,-0.00069794973181252
136.6,0.694842714691166,6.3948522985562e-05,0.508539723744822,0.508508551673163,0.000168621290137267,-7.73475094640929e-07,-0.000115358281715115,-0.000115044194681772,-3.77914658090933e-06,1.24080771391454e-08,2.53792228392972e-06,2.51775695218318e-06,0.707106781186548,0,0.5,0.5,3.96304607313069,3.93188568630824,7.60873992136494,0.286191838073537,-0.00988065811055525,-0.00978590934463159,-0.0189880091992371,-0.000678558255949793
137.6,0.695009465385158,6.318121850945e-05,0.508425621961435,0.508394754070395,0.000164898915009647,-7.61167215342215e-07,-0.000112857646667131,-0.000112563198211545,-3.66624136883616e-06,1.22079324039833e-08,2.46375130742612e-06,2.44463151533123e-06,0.707106781186548,0,0.5,0.5,3.87651703209068,3.84618383567721,7.44245318928019,0.280247678487248,-0.00958929305614206,-0.00949791781174735,-0.0184274459370248,-0.000659764930864567
138.6,0.695172549524507,6.24261220957329e-05,0.508313984127809,0.508283401293696,0.000161287554276893,-7.49058709920351e-07,-0.000110429985274755,-0.00011015415342645,-3.55709568598447e-06,1.20093471065674e-08,2.391961891248e-06,2.37384083351894e-06,0.707106781186548,0,0.5,0.5,3.79253545088523,3.76300001957673,7.2810675916841,0.274467878777401,-0.00930744600648011,-0.00921931819856826,-0.0178852134390553,-0.000641550765993099
139.6,0.69533207626575,6.16830351676049e-05,0.508204738448091,0.508174422546109,0.000157783513930138,-7.37147967246355e-07,-0.000108072954807596,-0.000107814763415698,-3.4515792808746e-06,1.18124231734885e-08,2.32247678755456e-06,2.30530961686989e-06,0.707106781186548,0,0.5,0.5,3.71101815035186,3.68225215843994,7.12442293237266,0.26884737641869,-0.0090347974244872,-0.00894979571883684,-0.0173606957656498,-0.000623897377674267
140.1,0.695410538727548,6.131593365686e-05,0.508150990861945,0.50812080192907,0.000156070619625892,-7.31266226534894e-07,-0.000106920214921592,-0.000106670491493279,-3.86016497010503e-06,1.3070695098177e-08,2.60237824151746e-06,2.58762958297454e-06,0.707106781186548,0,0.5,0.5,3.67115837792532,3.6427668158231,7.04782986996647,0.266095323781493,-0.0101157561096379,-0.0100324380610821,-0.0194418948142536,-0.00070629935646639
140.6,0.695488094205832,6.09519291696647e-05,0.508097854273499,0.508067788376185,0.000154156647200575,-7.2476212967846e-07,-0.000105629679731566,-0.000105387226273412,-3.79592033157197e-06,1.29458061659275e-08,2.55988758924588e-06,2.54555465342243e-06,0.707106781186548,0,0.5,0.5,3.62656887293757,3.59854429747434,6.96213043384942,0.262982736562037,-0.00994930162462264,-0.00986748439947633,-0.0191215772877562,-0.000695208736342801
141.6,0.695640373920435,6.02335985437825e-05,0.507993490621817,0.507963660146682,0.00015042361869401,-7.11940404299924e-07,-0.00010311141714551,-0.000102882892721563,-3.67089735666445e-06,1.26981147442619e-08,2.47712480522949e-06,2.46359304955795e-06,0.707106781186548,0,0.5,0.5,3.53957650612567,3.51226620889918,6.79493945788924,0.256903257135152,-0.0096252187831664,-0.00954631785255247,-0.0184979468813809,-0.000673589754337995
142.6,0.695788982364415,5.95279662723396e-05,0.507891604334288,0.50786199574634,0.000146813359389336,-6.99364941476467e-07,-0.000100674472707501,-0.000100459095706377,-3.55035389195788e-06,1.2453299066496e-08,2.39723437822332e-06,2.38446496302011e-06,0.707106781186548,0,0.5,0.5,3.45541392853375,3.42879247770199,6.63319383049238,0.251012575742904,-0.00931255245175014,-0.00923645763632976,-0.0178963110585339,-0.000652699029546019
143.6,0.695934040094989,5.88347875481776e-05,0.507792115512173,0.507762716038906,0.000143321472816221,-6.87032813372572e-07,-9.83160242311083e-05,-9.81130510004785e-05,-3.43412491683894e-06,1.22114613993621e-08,2.32011653763453e-06,2.3080723716554e-06,0.707106781186548,0,0.5,0.5,3.37398148409905,3.34802440847077,6.47670155804762,0.245304334521733,-0.00901089391424353,-0.00893749923730589,-0.0173158815217659,-0.000632511629783558
144.6,0.696075663354363,5.81538205412197e-05,0.507694947029597,0.507665744623893,0.000139943724389479,-6.74940995517605e-07,-9.60333476068168e-05,-9.58420707428633e-05,-3.32205164007547e-06,1.19726928629788e-08,2.24567488229817e-06,2.23432054749573e-06,0.707106781186548,0,0.5,0.5,3.29518308426383,3.26986683665855,6.32527752766521,0.239772393256711,-0.00871984913722557,-0.00864905266380318,-0.0167558983227436,-0.000613003478285139
145.6,0.696213964228546,5.74848264896482e-05,0.507600024437144,0.507571007741851,0.000136676035302609,-6.63086377608466e-07,-9.38238134859017e-05,-9.36435601964273e-05,-3.21398125570321e-06,1.17370741128943e-08,2.17381627434439e-06,2.1631179537586e-06,0.707106781186548,0,0.5,0.5,3.21892607981966,3.19422800183022,6.17874325973512,0.234410821914303,-0.00843903824180523,-0.00837074192397374,-0.0162156288414185,-0.000594151324360477
146.6,0.696349050800177,5.68275697806136e-05,0.507507275868709,0.507478434182816,0.000133514476660337,-6.51465773648008e-07,-9.16848840690459e-05,-9.15150146071851e-05,-3.10976670906018e-06,1.15046759864977e-08,2.10445073582633e-06,2.09437614448148e-06,0.707106781186548,0,0.5,0.5,3.14512113736163,3.12101942546539,6.03692666939531,0.229213893431251,-0.00816809499447689,-0.00810220452260049,-0.015694366802018,-0.000575932715059363
147.6,0.696481027295595,5.61818180211231e-05,0.507416631951509,0.507387955197857,0.00013045526384024,-6.40075931454125e-07,-8.96141099969626e-05,-8.94540161625414e-05,-3.00926647251033e-06,1.12755601156615e-08,2.03749134808459e-06,2.02800966677078e-06,0.707106781186548,0,0.5,0.5,3.07368212018645,3.05015579315323,5.89966183658843,0.224176076750794,-0.00790666631632229,-0.00784309097601409,-0.0151914313245275,-0.000558325967808909
148.6,0.696609994226388,5.55473420997206e-05,0.507328025719162,0.507299504413618,0.000127494751073984,-6.28913541572625e-07,-8.7609127340296e-05,-8.74582310460175e-05,-2.91234433042056e-06,1.10497795069538e-08,1.97285415381923e-06,1.96393596564147e-06,0.707106781186548,0,0.5,0.5,3.00452597347426,2.98155484102134,5.76678878439741,0.219292030097742,-0.00765441180989422,-0.00759306434447143,-0.0147061660103764,-0.000541310143989284
149.6,0.696736048525622,5.49239162395396e-05,0.507241392527715,0.507213017749752,0.000124629426239137,-6.17975245625004e-07,-8.56676546861099e-05,-8.55254065858541e-05,-2.81886917297748e-06,1.08273790914171e-08,1.91045806183662e-06,1.90207529141916e-06,0.707106781186548,0,0.5,0.5,2.93757261359989,2.91513724624604,5.63815326536127,0.214556594484199,-0.00741100330314416,-0.00735179978136513,-0.0142379380610928,-0.000524865023416494
150.1,0.696798012783858,5.46162774501641e-05,0.507198796236119,0.507170491545162,0.000123231397065493,-6.12589071938662e-07,-8.47200435357073e-05,-8.45819221489092e-05,-2.92236520036491e-06,1.11142860131645e-08,1.98193874427536e-06,1.97476546602966e-06,0.707106781186548,0,0.5,0.5,2.90489773869002,2.88272319762237,5.57537789424536,0.21224304206657,-0.00768615719249303,-0.00762899567821876,-0.0147683077877828,-0.000546845082929019
150.6,0.696859265238328,5.43113673050148e-05,0.507156682585034,0.507128446067775,0.00012178250501209,-6.07061279018639e-07,-8.37372917432681e-05,-8.36026991403333e-05,-2.8733545458488e-06,1.09970417684716e-08,1.94916727825812e-06,1.94222439095094e-06,0.707106781186548,0,0.5,0.5,2.87102060316475,2.84909790770993,5.51028507812039,0.20983343275383,-0.00755839870597834,-0.00750223578769226,-0.0145225141913681,-0.000538120302302508
151.6,0.696979627102938,5.37097657784745e-05,0.507073909148912,0.507045803827575,0.000118957113250572,-5.96180385404224e-07,-8.18202119767714e-05,-8.16923389697329e-05,-2.77801806303156e-06,1.07653742242451e-08,1.88537703581211e-06,1.87887675814025e-06,0.707106781186548,0,0.5,0.5,2.80494415073119,2.78351204126881,5.3833273993861,0.205128792613442,-0.00730978753093537,-0.00725556523829516,-0.0140442292865428,-0.000521123482687705
152.6,0.697097210660489,5.31189299417945e-05,0.50699302127875,0.506965040651119,0.00011622531287451,-5.85529268068441e-07,-7.99657819588321e-05,-7.98441976670842e-05,-2.68614978579193e-06,1.05374939357092e-08,1.8238540300923e-06,1.81777309279004e-06,0.707106781186548,0,0.5,0.5,2.7410377309513,2.72007928272667,5.2605444864002,0.200572527277316,-0.0070701034670718,-0.0070177487798448,-0.0135831395842307,-0.000504712662685914
153.6,0.697212107790042,5.25386319167434e-05,0.506913957444788,0.506886095428078,0.000113583700802321,-5.75104126799096e-07,-7.8171775220436e-05,-7.80560714748067e-05,-2.59762030287471e-06,1.03134256159586e-08,1.764517207832e-06,1.75883344882412e-06,0.707106781186548,0,0.5,0.5,2.67922344657608,2.65872237149624,5.14178629521912,0.196159522852738,-0.0068390205735168,-0.00678846325666191,-0.0131386165235259,-0.000488867306652801
154.6,0.697324407031453,5.196864763648e-05,0.506836658303686,0.506808909212382,0.000111029000886535,-5.64901140186644e-07,-7.64360449155969e-05,-7.63258351762082e-05,-2.51230512451918e-06,1.00931870296341e-08,1.70728836010653e-06,1.70198067477273e-06,0.707106781186548,0,0.5,0.5,2.61942624432201,2.59936686667352,5.02690826634912,0.19188484464595,-0.00661622484747635,-0.00656739734450118,-0.0127100545920528,-0.000473567599924768
155.6,0.697434193709881,5.14087568633576e-05,0.50676106662031,0.50673342514505,0.000108558059089313,-5.54916472328212e-07,-7.47565210249373e-05,-7.46514393477196e-05,-2.43008448978891e-06,9.87678947721494e-09,1.65209202696862e-06,1.64714032055598e-06,0.707106781186548,0,0.5,0.5,2.56157381070835,2.54194104380485,4.91577112364192,0.187743730870821,-0.00640141378656792,-0.006354251116984,-0.0122968704800283,-0.000458794423523638
156.6,0.697541550055559,5.08587432002631e-05,0.50668712719226,0.506659588379744,0.00010616783884664,-5.45146279060847e-07,-7.31312076532e-05,-7.30309077029567e-05,-2.35084318181379e-06,9.66423825242405e-09,1.59885540494325e-06,1.59424054703657e-06,0.707106781186548,0,0.5,0.5,2.5055964717132,2.48637579543678,4.8082406805713,0.183731586578233,-0.00619429596721735,-0.00614873562793484,-0.0118985022654044,-0.000444529329747801
157.6,0.697646555319033,5.03183940959468e-05,0.50661478677706,0.506587346010913,0.000103855416613477,-5.35586713750169e-07,-7.15581804178588e-05,-7.14623345258688e-05,-2.27447035059458e-06,9.45553307439192e-09,1.5475082573223e-06,1.54321203828637e-06,0.707106781186548,0,0.5,0.5,2.45142709610798,2.43260453531031,4.70418765361936,0.179843977798472,-0.00599459063852655,-0.00595057250903612,-0.0115144086289428,-0.000430754518619828
158.6,0.697749285882022,4.97875008447748e-05,0.506543994021917,0.506516647004476,0.000101617977582459,-5.26233932659053e-07,-7.00355839260601e-05,-6.9943882190286e-05,-2.20085934303808e-06,9.25066849546417e-09,1.49798282719969e-06,1.49398791651059e-06,0.707106781186548,0,0.5,0.5,2.39900100233549,2.38056310606549,4.6034874825114,0.176076625889121,-0.00580202733104336,-0.00575949358223962,-0.0111440680981237,-0.000417452815159326
159.6,0.697849815364084,4.92658585813144e-05,0.506474699395955,0.506447442130935,9.94528115690798e-05,-5.17084099920043e-07,-6.85616293371846e-05,-6.84737787632387e-05,-2.1299075399064e-06,9.04963428633054e-09,1.4502137531857e-06,1.44650365957184e-06,0.707106781186548,0,0.5,0.5,2.34825586880155,2.33018969032793,4.50602015704774,0.172425402081278,-0.00561634547988662,-0.00557524048639174,-0.0107869783188252,-0.000404607647453148
160.1,0.697899276975939,4.9008443597166e-05,0.506440598885063,0.506413385087296,9.83965116426462e-05,-5.12584093764828e-07,-6.7842351360434e-05,-6.77563215528847e-05,-2.16145772150075e-06,9.11692300321829e-09,1.4722149478514e-06,1.46918366749564e-06,0.707106781186548,0,0.5,0.5,2.32349481059488,2.30560978829001,4.45846251122715,0.170642087657286,-0.00570074442422116,-0.00566111265760503,-0.0109499941587988,-0.000411862923027347
160.6,0.697948206546447,4.87532869231785e-05,0.50640686072752,0.506379689570794,9.73247503032556e-05,-5.08051066613194e-07,-6.71122870773227e-05,-6.70277427028644e-05,-2.12569856344081e-06,9.01534983089445e-09,1.4481156102131e-06,1.4452045627257e-06,0.707106781186548,0,0.5,0.5,2.29836600197161,2.2806556595113,4.41019452892811,0.168827132554339,-0.00560710295303869,-0.00556813313089459,-0.0107698941750203,-0.000405341908912978
161.6,0.698044480147575,4.82497100018155e-05,0.506340464610551,0.506313376581578,9.52340438529721e-05,-4.99136142043856e-07,-6.56877628757222e-05,-6.56060134161837e-05,-2.05614552402446e-06,8.81515389594245e-09,1.40121847235794e-06,1.39853739818118e-06,0.707106781186548,0,0.5,0.5,2.24933803417914,2.23196836316251,4.31602354736993,0.165282849971268,-0.00542491354348547,-0.00538723041236659,-0.0104195027684954,-0.00039264118735668
162.6,0.698138697391661,4.77549485607634e-05,0.506275469852279,0.506248462268869,9.32116131626613e-05,-4.90419453184023e-07,-6.43092892209358e-05,-6.42301114620178e-05,-1.9891308878675e-06,8.6188747414228e-09,1.3560041454147e-06,1.35353964188413e-06,0.707106781186548,0,0.5,0.5,2.20190014595599,2.18485992301775,4.22491064523579,0.161849423737498,-0.00524930664453087,-0.0052128621832667,-0.010081786746234,-0.000380382081563536
163.6,0.698230925301263,4.72688063188726e-05,0.506211831233286,0.506184901629874,9.12549676763962e-05,-4.81897094902254e-07,-6.29752140408547e-05,-6.28983978302808e-05,-1.92455957496594e-06,8.42648844255166e-09,1.31241152384717e-06,1.31015086419718e-06,0.707106781186548,0,0.5,0.5,2.15599490869592,2.13927332918304,4.13674523718844,0.158523000690071,-0.00508003973243487,-0.0050447877477803,-0.00975627853807689,-0.000368548942138274
164.6,0.698321228455318,4.67910908875488e-05,0.50614950515604,0.50612265127096,8.93617100983805e-05,-4.73565187819594e-07,-6.16839452657257e-05,-6.1609292853254e-05,-1.86234012115102e-06,8.23796747127394e-09,1.27038169553619e-06,1.26831279731957e-06,0.707106781186548,0,0.5,0.5,2.11156700953388,2.09515367156871,4.05142081690197,0.155299864200156,-0.0049168792498365,-0.00488277530658361,-0.00944252788095107,-0.000357126675469036
165.6,0.698409669080609,4.63216137432507e-05,0.506088449585981,0.50606166934938,8.7529532847874e-05,-4.65419881759376e-07,-6.04339486731437e-05,-6.03612740814499e-05,-1.80238453753298e-06,8.05328100016135e-09,1.22985786538118e-06,1.22796926029451e-06,0.707106781186548,0,0.5,0.5,2.06856317312587,2.05244806227851,3.96883480607976,0.152176429324159,-0.00475960027398469,-0.00472660162775433,-0.0091401011777352,-0.000346100724003822
166.6,0.698496307139774,4.58601901966859e-05,0.506028623994716,0.506001915517082,8.57562146518191e-05,-4.57457358902289e-07,-5.92237458081942e-05,-5.9152874233252e-05,-1.74460817561562e-06,7.87239518817439e-09,1.19078528138529e-06,1.18906608643995e-06,0.707106781186548,0,0.5,0.5,2.02693208632304,2.01110556086968,3.88888840906536,0.149149238126903,-0.00460798619725203,-0.00457605172986356,-0.00884858087988959,-0.000335457047225994
167.6,0.698581200415961,4.54066393589926e-05,0.505969989305264,0.505943350866541,8.40396172696179e-05,-4.49673836664013e-07,-5.80519119762977e-05,-5.79826792159399e-05,-1.68892959783869e-06,7.69527344984793e-09,1.15311116315729e-06,1.15155105313827e-06,0.707106781186548,0,0.5,0.5,1.98662432563282,1.97107710237752,3.8114864728391,0.146214955170785,-0.00446182841947811,-0.00443091857679643,-0.00856756489296953,-0.000325182103305004
168.6,0.698664404594277,4.49607841051751e-05,0.505912507839266,0.505885937878528,8.2377682344751e-05,-4.42065570311916e-07,-5.69170743063708e-05,-5.68493262157703e-05,-1.63527045331681e-06,7.52187670807278e-09,1.11678463276403e-06,1.11537381392081e-06,0.707106781186548,0,0.5,0.5,1.94759228736399,1.9323154280023,3.73653735220081,0.143370363165022,-0.00432092605170203,-0.00429100278386738,-0.00829666600417279,-0.000315262831396614
169.6,0.698745973340147,4.45224510350463e-05,0.505856143266105,0.50582964037176,8.0768428378151e-05,-4.34628855336676e-07,-5.5817909881987e-05,-5.57515018548537e-05,-1.58355535855388e-06,7.35216363183496e-09,1.08175664786765e-06,1.08048583278418e-06,0.707106781186548,0,0.5,0.5,1.90979012035624,1.8947750183599,3.66395277994638,0.140612358769308,-0.00418508563086345,-0.00415611233481192,-0.00803551133110408,-0.000305686634571294
170.1,0.698786160662717,4.43060521396853e-05,0.505828368817437,0.505801898971054,7.99829578330479e-05,-4.30973683486189e-07,-5.5281304939915e-05,-5.52155155621565e-05,-1.59298153729755e-06,7.34768857308718e-09,1.08843151386719e-06,1.08756284956836e-06,0.707106781186548,0,0.5,0.5,1.89133637330312,1.87644902275895,3.62852050877093,0.13926488729068,-0.00421053721449803,-0.0041825908379441,-0.00808495162499409,-0.000308176427448034
170.6,0.698825954092676,4.40914802424294e-05,0.505800863491209,0.505774426433316,7.91928995247697e-05,-4.27320919594841e-07,-5.47414487109275e-05,-5.46760794032551e-05,-1.56733109357503e-06,7.26351979235395e-09,1.07104651615087e-06,1.07023457056139e-06,0.707106781186548,0,0.5,0.5,1.87277245977511,1.8580083468027,3.59287420306132,0.137906603516032,-0.00414313245713941,-0.00411562509424624,-0.00795535603037519,-0.000303401521010464
171.6,0.698904371719611,4.36677633310812e-05,0.505746651875937,0.505720279799636,7.76506698564108e-05,-4.20140503161636e-07,-5.36874198130661e-05,-5.36228079985913e-05,-1.51743686530793e-06,7.09791866783191e-09,1.03721787639254e-06,1.0365135709947e-06,0.707106781186548,0,0.5,0.5,1.83652975436994,1.82200635327117,3.52328337325043,0.135252734390216,-0.00401198964852908,-0.0039853359290374,-0.00770322350161926,-0.000294102075947224
172.6,0.69898127175829,4.32511446392835e-05,0.50569347757993,0.5056671697803,7.61574202113045e-05,-4.13123878738035e-07,-5.26666073914316e-05,-5.26026491545701e-05,-1.46935947539356e-06,6.93592805087775e-09,1.00460599301368e-06,1.00400194707702e-06,0.707106781186548,0,0.5,0.5,1.80143161406883,1.78714147711317,3.45589305867105,0.132680032510489,-0.00388558471985703,-0.00385975316205444,-0.00746021136152169,-0.000285126520389777
173.6,0.699056702291776,4.28414621724908e-05,0.50564130798759,0.505615063860004,7.47113680232026e-05,-4.06267459251499e-07,-5.16778171240759e-05,-5.16144157278905e-05,-1.4230308190775e-06,6.77750080955705e-09,9.73166272765816e-07,9.72655506388357e-07,0.707106781186548,0,0.5,0.5,1.76743670726173,1.75337266123355,3.39062369632158,0.130185672173237,-0.00376374229846558,-0.00373870261552817,-0.00722598160743004,-0.000276463306563718
174.6,0.699130709654186,4.24385574994104e-05,0.505590111655616,0.505563930688757,7.33107975293538e-05,-3.99567705515932e-07,-5.07198984653559e-05,-5.06569639605881e-05,-1.37838537715203e-06,6.62258833355431e-09,9.42855746456211e-07,9.42431660997522e-07,0.707106781186548,0,0.5,0.5,1.73450523210816,1.72066036788862,3.32739867158339,0.127766928412934,-0.00364629352996878,-0.00362201658435758,-0.00700020881471192,-0.000268101299614433
175.6,0.699203338496213,4.20422757034062e-05,0.50553985827003,0.505513740039294,7.19540572351838e-05,-3.93021127620298e-07,-4.97917430510327e-05,-4.97291919042489e-05,-1.33536011617507e-06,6.47114071173638e-09,9.13633010974289e-07,9.13289370386737e-07,0.707106781186548,0,0.5,0.5,1.70259885967949,1.68896652222604,3.26614420850502,0.125421173400057,-0.00353307583577946,-0.00350953359538216,-0.00678257966830924,-0.000260029762852381
176.6,0.699274631848172,4.16524653326019e-05,0.505490518604775,0.50546446276603,7.06395574767636e-05,-3.86624286145395e-07,-4.88922831603485e-05,-4.88300379003217e-05,-1.29389439264967e-06,6.32310689829698e-09,8.85458173298053e-07,8.85189086316697e-07,0.707106781186548,0,0.5,0.5,1.67168067921616,1.65825445792444,3.20678926417244,0.123145872967702,-0.00342393267965981,-0.00340109817561092,-0.00657279251174606,-0.000252238343524678
177.6,0.699344631180649,4.12689783488481e-05,0.505442064481809,0.505416070765504,6.93657680771862e-05,-3.80373793219962e-07,-4.80204902331324e-05,-4.79584791146214e-05,-1.25392986099956e-06,6.17843486816899e-09,8.58292796419783e-07,8.58092699573075e-07,0.707106781186548,0,0.5,0.5,1.64171514542131,1.62848886485478,3.1492654270133,0.120938583262328,-0.00331871334295986,-0.00329656062907501,-0.00637055691294029,-0.000244717059094585
178.6,0.699413376462852,4.08916700757091e-05,0.505394468732669,0.50536853693827,6.81312160931353e-05,-3.7426631342643e-07,-4.71753734400461e-05,-4.71135301241683e-05,-1.21541038518287e-06,6.03707176243398e-09,8.32099847131422e-07,8.31963488536457e-07,0.707106781186548,0,0.5,0.5,1.61266802771494,1.59963573868814,3.09350681888843,0.118796947514183,-0.00321727270822043,-0.00319577682198225,-0.00617559324619162,-0.000237456284011055
179.6,0.699480906218759,4.05203991456156e-05,0.505347705161433,0.505321835152168,6.69344836480854e-05,-3.68298564566266e-07,-4.63559783041386e-05,-4.62942415545698e-05,-1.17828195379386e-06,5.8989640238878e-09,8.06843645611524e-07,8.06766069519264e-07,0.707106781186548,0,0.5,0.5,1.58450636137559,1.5716623323776,3.03945000082957,0.116718692923156,-0.00311947105082801,-0.00309860797586516,-0.00598763228974307,-0.000230446736950094
180.1,0.699514226931248,4.03369843984484e-05,0.505324627513423,0.505298788364,6.6349871209176e-05,-3.65366078259849e-07,-4.59556376956543e-05,-4.58939327808266e-05,-1.18042300824313e-06,5.87020942353368e-09,8.08427885205228e-07,8.0859746375531e-07,0.707106781186548,0,0.5,0.5,1.5707476055134,1.55799562297212,3.01304058295431,0.115702645530756,-0.00312538926201157,-0.00310524757900443,-0.00599939636136694,-0.000231240479649064
180.6,0.699547255079054,4.01550323029444e-05,0.505301750227421,0.505275941952553,6.57642431241724e-05,-3.62447952281362e-07,-4.55545428453698e-05,-4.5492747757502e-05,-1.16214557278161e-06,5.80242700946726e-09,7.95989429054894e-07,7.96180371683372e-07,0.707106781186548,0,0.5,0.5,1.55696384255241,1.54430073563902,2.98658139175844,0.114683186432528,-0.00307722980238242,-0.00305737983050179,-0.00590683409732689,-0.000227775535557324
181.6,0.699612444230525,3.97954632338794e-05,0.505256589608212,0.505230843230688,6.46199860890485e-05,-3.56712385067638e-07,-4.47707296533142e-05,-4.47087234322878e-05,-1.1265871126927e-06,5.66923079820597e-09,7.71784400927277e-07,7.72015071546116e-07,0.707106781186548,0,0.5,0.5,1.5300287609356,1.51753957477314,2.93487856766049,0.112689768047792,-0.00298351958398959,-0.00296423709743492,-0.00572672984365665,-0.000221026837767862
182.6,0.699676506687641,3.94415636550595e-05,0.505212200845756,0.50518651659593,6.35106399236233e-05,-3.51108452899653e-07,-4.40106846259501e-05,-4.39484294632205e-05,-1.09231564153899e-06,5.5391479300339e-09,7.48447666270711e-07,7.48714265336315e-07,0.707106781186548,0,0.5,0.5,1.50391161362957,1.49159139554526,2.88474775206906,0.110755257105313,-0.00289317991418681,-0.00287444433458978,-0.00555311173564071,-0.000214512513135879
183.6,0.699739476725893,3.9093203479108e-05,0.505168560600653,0.505142938744827,6.24349419015708e-05,-3.45633069456149e-07,-4.32735555687885e-05,-4.32110173393552e-05,-1.0592829445927e-06,5.41212430682181e-09,7.25947226864692e-07,7.26246184807487e-07,0.707106781186548,0,0.5,0.5,1.47858299841137,1.46642697518503,2.83613236462386,0.108877608972072,-0.00280608575176914,-0.00278787727893873,-0.00538573885358295,-0.000208224177124919
184.6,0.699801387381842,3.87502556778699e-05,0.505125646369894,0.505100087206747,6.13916765918319e-05,-3.40283202660277e-07,-4.25585216936254e-05,-4.24956697320361e-05,-1.0274426341323e-06,5.28810555475209e-09,7.04252261116122e-07,7.04580226481031e-07,0.707106781186548,0,0.5,0.5,1.45401460371941,1.44201817479837,2.78897792636408,0.10705485215324,-0.00272211671833433,-0.00270441630061195,-0.00522437927260308,-0.000202153746343204
185.6,0.699862270499518,3.8412596228047e-05,0.505083436456041,0.505057940313276,6.03796740668847e-05,-3.35055874906013e-07,-4.18647924633887e-05,-4.18015993513179e-05,-9.96750079355997e-07,5.16703712152253e-09,6.83333081366137e-07,6.83686909516703e-07,0.707106781186548,0,0.5,0.5,1.43017916798332,1.41833789895578,2.7432319812733,0.105285085665351,-0.00264115692424423,-0.00262394622999132,-0.00506880972650192,-0.000196293427733627
186.6,0.699922156775053,3.80801040566521e-05,0.505041909937531,0.50501647716873,5.93978081797192e-05,-3.29948163191126e-07,-4.11916064789209e-05,-4.11280478437749e-05,-9.67162339040661e-07,5.04886436635378e-09,6.63161092701656e-07,6.63537835062165e-07,0.707106781186548,0,0.5,0.5,1.40705044047173,1.39536005678878,2.6988440207563,0.103566476503748,-0.00256309480108357,-0.00254635619125867,-0.00491881528419189,-0.000190635708150351
187.6,0.699981075799631,3.7752660986376e-05,0.50500104664008,0.504975677621756,5.84449949068279e-05,-3.24957199163223e-07,-4.053823040622e-05,-4.04742847302393e-05,-9.38638096834487e-07,4.93353264373389e-09,6.43708753221815e-07,6.44105647033233e-07,0.707106781186548,0,0.5,0.5,1.38460314360144,1.37305952453809,2.6557654109381,0.101897257200969,-0.00248782294037503,-0.00247153944215786,-0.00477418903822275,-0.000185173344310137
188.6,0.700039056100806,3.7430151680948e-05,0.504960827109139,0.504935522237969,5.75201907546298e-05,-3.200801690854e-07,-3.99039579427055e-05,-3.98396063820653e-05,-9.11137599077e-07,4.8209873806179e-09,6.24949535711322e-07,6.25363994277503e-07,0.707106781186548,0,0.5,0.5,1.36281293665333,1.35141210949959,2.61394932267968,0.100275723472774,-0.0024152379383156,-0.00239939321973849,-0.00463473180495143,-0.000179899353102666
189.6,0.700096125182264,3.7112463590569e-05,0.50492123258336,0.504895992273602,5.66223912268556e-05,-3.15314313727453e-07,-3.92881088211276e-05,-3.92233350345556e-05,-8.84622595043905e-07,4.71117414806968e-09,6.06857890673226e-07,6.07287494075577e-07,0.707106781186548,0,0.5,0.5,1.34165638084252,1.33039451531559,2.57335066420896,0.0987002319486935,-0.00234524024631011,-0.00232981859185844,-0.0045002518359188,-0.000174807002249758
190.1,0.700124326339981,3.69553930777392e-05,0.504901664017726,0.504876456148847,5.61833145914488e-05,-3.12972229170804e-07,-3.89868873121597e-05,-3.89218970220689e-05,-8.84501157149244e-07,4.67628436905572e-09,6.0683929156703e-07,6.07425594724089e-07,0.707106781186548,0,0.5,0.5,1.33130863581467,1.32011485777822,2.55349423901647,0.0979292545759542,-0.00234502972865487,-0.00233012328104716,-0.00450015729987064,-0.000174995709831393
190.6,0.700152307979031,3.67994892612595e-05,0.504882246057429,0.5048570707571,5.57443254434279e-05,-3.1064749788238e-07,-3.86856936133135e-05,-3.86204094819594e-05,-8.71495078082731e-07,4.62275064662585e-09,5.97962377734304e-07,5.9855136063702e-07,0.707106781186548,0,0.5,0.5,1.3209624587475,1.30983450365465,2.53363946562435,0.0971574967773419,-0.00231068783654636,-0.00229597580113089,-0.00443417417462029,-0.000172489463056958
191.6,0.700207620813809,3.64911355126828e-05,0.504843856439246,0.504818746718278,5.48855623132961e-05,-3.06077516848853e-07,-3.80964222881338e-05,-3.80305470342199e-05,-8.46185286115336e-07,4.51764430641841e-09,5.80684777046429e-07,5.81277740297163e-07,0.707106781186548,0,0.5,0.5,1.3007211489167,1.28972228593784,2.49479653946938,0.0956468953847045,-0.00224384911773507,-0.00222951553144384,-0.00430575748476858,-0.000167607164410335
192.6,0.700262087387703,3.61872996226746e-05,0.504806047557118,0.50478100400833,5.40516524741479e-05,-3.01611352219848e-07,-3.75241189423017e-05,-3.74576494605225e-05,-8.21782729875349e-07,4.41510912448037e-09,5.64022556301728e-07,5.64617771425214e-07,0.707106781186548,0,0.5,0.5,1.28106332017298,1.27019024497697,2.45707464944438,0.0941789157051107,-0.00217939424630241,-0.00216542571015019,-0.00418192668975567,-0.000162893266696932
193.6,0.700315732106098,3.58878790517087e-05,0.504768802746929,0.504743825965403,5.32417057690886e-05,-2.97246458927218e-07,-3.69681796400721e-05,-3.69011144899786e-05,-7.98253469881574e-07,4.31509297149626e-09,5.47952970048008e-07,5.48548834607976e-07,0.707106781186548,0,0.5,0.5,1.26196817782017,1.25121770293189,2.42043379208637,0.0927520886652338,-0.00211723472885193,-0.00210361834811371,-0.00406251134117949,-0.000158341735786153
194.6,0.700368578500974,3.55927737793151e-05,0.504732105937267,0.504707196518744,5.2454865334553e-05,-2.92980343870881e-07,-3.64280227676012e-05,-3.6360362051097e-05,-7.75564850621919e-07,4.21754404907415e-09,5.32454114692456e-07,5.33049145281273e-07,0.707106781186548,0,0.5,0.5,1.24341569900702,1.23278474941049,2.38483545059206,0.0913649978249912,-0.00205728537885481,-0.00204400874389314,-0.00394734736781049,-0.000153946754937465
195.6,0.700420649263571,3.53018862522866e-05,0.50469594162752,0.504671100166917,5.16903063410128e-05,-2.8881056556314e-07,-3.59030882066247e-05,-3.5834833452297e-05,-7.53685451523004e-07,4.12241093859899e-09,5.17504897614645e-07,5.18097723190242e-07,0.707106781186548,0,0.5,0.5,1.22538660388515,1.21487221279376,2.35024253919707,0.0900162774813765,-0.00199946419293861,-0.00198651536076116,-0.00383627683672912,-0.000149702716970643
196.6,0.700471966275804,3.50151213332629e-05,0.504660294866778,0.504635521956814,5.09472347817588e-05,-2.84734733726258e-07,-3.53928365384645e-05,-3.53239905924115e-05,-7.3258503982077e-07,4.02964264581053e-09,5.0308500739055e-07,5.03674362944789e-07,0.707106781186548,0,0.5,0.5,1.2078623278459,1.19746163263349,2.31661934963835,0.0887046108405886,-0.00194369223180436,-0.00193105970832514,-0.00372914772341168,-0.000145604216717827
197.6,0.700522550640511,3.47323862497404e-05,0.504625151233521,0.504600447463455,5.02248863078912e-05,-2.80750508847605e-07,-3.48967482772717e-05,-3.48273152001019e-05,-7.12234525256772e-07,3.93918864139247e-09,4.89174885089709e-07,4.89759605632705e-07,0.707106781186548,0,0.5,0.5,1.19082499479593,1.18053523308249,2.28393149962197,0.0874287282559958,-0.00188989350560038,-0.00187756622857754,-0.0036258136904311,-0.000141646043746819
198.6,0.700572422710539,3.44535905435454e-05,0.504590496816058,0.504565862770521,4.95225251077337e-05,-2.76855601695754e-07,-3.4414323131451e-05,-3.43443081011469e-05,-6.92605916527256e-07,3.85099889794529e-09,4.75755696608156e-07,4.76334711453776e-07,0.707106781186548,0,0.5,0.5,1.17425739143243,1.16407589731862,2.25214588322103,0.08618740552957,-0.00183799486358531,-0.00182596218620953,-0.00352613387444859,-0.000137823175346252
199.6,0.70062160211674,3.41786460208101e-05,0.504556318193688,0.504531754451613,4.88394428289493e-05,-2.7304777280161e-07,-3.39450792922499e-05,-3.38744885126014e-05,-6.73672279415626e-07,3.76502392362599e-09,4.62809306001295e-07,4.63381633339687e-07,0.707106781186548,0,0.5,0.5,1.15814294248075,1.14806714292548,2.22123062313127,0.0849794622745063,-0.0017879258879207,-0.00177617756302863,-0.00342997268118603,-0.000134130769763298
200,0.700641084197723,3.40697272104806e-05,0.504542777051563,0.50451824159151,4.85714543983605e-05,-2.71548530897958e-07,-3.37609680011549e-05,-3.36901488720672e-05,-6.66287577858322e-07,3.73124309015725e-09,4.57759199319109e-07,4.58328595668857e-07,0.707106781186548,0,0.5,0.5,1.15182045074549,1.14178622869582,2.20910130454681,0.0845053748940443,-0.00176839533378731,-0.00175675796729929,-0.00339246401516194,-0.000132689285924662
